captured_utc,captured_lima,fecha_visita,inicio_venta,turnos_disponibles,turnos_entregados,ruta,aforo,vendidos,disponibles
2026-09-24T08:12:19+00:00,2026-09-24T03:12:19-05:00,2026-09-25,06:00 AM,411,589,Ruta 1-A: Montaña Machupicchu,50,3,47
2026-09-24T08:12:19+00:00,2026-09-24T03:12:19-05:00,2026-09-25,06:00 AM,411,589,Ruta 1-B: Terraza superior,100,0,100
2026-09-24T08:12:19+00:00,2026-09-24T03:12:19-05:00,2026-09-25,06:00 AM,411,589,Ruta 2-A: Clásico Diseñada,600,447,153
2026-09-24T08:12:19+00:00,2026-09-24T03:12:19-05:00,2026-09-25,06:00 AM,411,589,Ruta 2-B: Terraza Inferior,100,73,27
2026-09-24T08:12:19+00:00,2026-09-24T03:12:19-05:00,2026-09-25,06:00 AM,411,589,Ruta 3-A: Montaña Waynapicchu,50,16,34
2026-09-24T08:12:19+00:00,2026-09-24T03:12:19-05:00,2026-09-25,06:00 AM,411,589,Ruta 3-B: Realeza diseñada,100,39,61
2026-09-24T08:13:37+00:00,2026-09-24T03:13:37-05:00,2026-09-25,06:00 AM,411,589,Ruta 1-A: Montaña Machupicchu,50,3,47
2026-09-24T08:13:37+00:00,2026-09-24T03:13:37-05:00,2026-09-25,06:00 AM,411,589,Ruta 1-B: Terraza superior,100,0,100
2026-09-24T08:13:37+00:00,2026-09-24T03:13:37-05:00,2026-09-25,06:00 AM,411,589,Ruta 2-A: Clásico Diseñada,600,447,153
2026-09-24T08:13:37+00:00,2026-09-24T03:13:37-05:00,2026-09-25,06:00 AM,411,589,Ruta 2-B: Terraza Inferior,100,73,27
2026-09-24T08:13:37+00:00,2026-09-24T03:13:37-05:00,2026-09-25,06:00 AM,411,589,Ruta 3-A: Montaña Waynapicchu,50,16,34
2026-09-24T08:13:37+00:00,2026-09-24T03:13:37-05:00,2026-09-25,06:00 AM,411,589,Ruta 3-B: Realeza diseñada,100,39,61
2026-09-24T08:28:30+00:00,2026-09-24T03:28:30-05:00,2026-09-25,06:00 AM,411,589,Ruta 1-A: Montaña Machupicchu,50,3,47
2026-09-24T08:28:30+00:00,2026-09-24T03:28:30-05:00,2026-09-25,06:00 AM,411,589,Ruta 1-B: Terraza superior,100,0,100
2026-09-24T08:28:30+00:00,2026-09-24T03:28:30-05:00,2026-09-25,06:00 AM,411,589,Ruta 2-A: Clásico Diseñada,600,447,153
2026-09-24T08:28:30+00:00,2026-09-24T03:28:30-05:00,2026-09-25,06:00 AM,411,589,Ruta 2-B: Terraza Inferior,100,73,27
2026-09-24T08:28:30+00:00,2026-09-24T03:28:30-05:00,2026-09-25,06:00 AM,411,589,Ruta 3-A: Montaña Waynapicchu,50,16,34
2026-09-24T08:28:30+00:00,2026-09-24T03:28:30-05:00,2026-09-25,06:00 AM,411,589,Ruta 3-B: Realeza diseñada,100,39,61
2026-09-24T14:52:09+00:00,2026-09-24T09:52:09-05:00,2026-09-25,06:00 AM,43,957,Ruta 1-A: Montaña Machupicchu,50,16,34
2026-09-24T14:52:09+00:00,2026-09-24T09:52:09-05:00,2026-09-25,06:00 AM,43,957,Ruta 1-B: Terraza superior,100,71,29
2026-09-24T14:52:09+00:00,2026-09-24T09:52:09-05:00,2026-09-25,06:00 AM,43,957,Ruta 2-A: Clásico Diseñada,600,600,0
2026-09-24T14:52:09+00:00,2026-09-24T09:52:09-05:00,2026-09-25,06:00 AM,43,957,Ruta 2-B: Terraza Inferior,100,100,0
2026-09-24T14:52:09+00:00,2026-09-24T09:52:09-05:00,2026-09-25,06:00 AM,43,957,Ruta 3-A: Montaña Waynapicchu,50,50,0
2026-09-24T14:52:09+00:00,2026-09-24T09:52:09-05:00,2026-09-25,06:00 AM,43,957,Ruta 3-B: Realeza diseñada,100,100,0
2026-09-24T18:59:41+00:00,2026-09-24T13:59:41-05:00,2026-09-25,06:00 AM,0,1000,Ruta 1-A: Montaña Machupicchu,50,50,0
2026-09-24T18:59:41+00:00,2026-09-24T13:59:41-05:00,2026-09-25,06:00 AM,0,1000,Ruta 1-B: Terraza superior,100,100,0
2026-09-24T18:59:41+00:00,2026-09-24T13:59:41-05:00,2026-09-25,06:00 AM,0,1000,Ruta 2-A: Clásico Diseñada,600,600,0
2026-09-24T18:59:41+00:00,2026-09-24T13:59:41-05:00,2026-09-25,06:00 AM,0,1000,Ruta 2-B: Terraza Inferior,100,100,0
2026-09-24T18:59:41+00:00,2026-09-24T13:59:41-05:00,2026-09-25,06:00 AM,0,1000,Ruta 3-A: Montaña Waynapicchu,50,50,0
2026-09-24T18:59:41+00:00,2026-09-24T13:59:41-05:00,2026-09-25,06:00 AM,0,1000,Ruta 3-B: Realeza diseñada,100,100,0
2026-09-24T22:17:16+00:00,2026-09-24T17:17:16-05:00,2026-09-25,06:00 AM,0,1000,Ruta 1-A: Montaña Machupicchu,50,50,0
2026-09-24T22:17:16+00:00,2026-09-24T17:17:16-05:00,2026-09-25,06:00 AM,0,1000,Ruta 1-B: Terraza superior,100,100,0
2026-09-24T22:17:16+00:00,2026-09-24T17:17:16-05:00,2026-09-25,06:00 AM,0,1000,Ruta 2-A: Clásico Diseñada,600,600,0
2026-09-24T22:17:16+00:00,2026-09-24T17:17:16-05:00,2026-09-25,06:00 AM,0,1000,Ruta 2-B: Terraza Inferior,100,100,0
2026-09-24T22:17:16+00:00,2026-09-24T17:17:16-05:00,2026-09-25,06:00 AM,0,1000,Ruta 3-A: Montaña Waynapicchu,50,50,0
2026-09-24T22:17:16+00:00,2026-09-24T17:17:16-05:00,2026-09-25,06:00 AM,0,1000,Ruta 3-B: Realeza diseñada,100,100,0
2026-09-25T02:05:29+00:00,2026-09-24T21:05:29-05:00,2026-09-26,06:00 AM,553,447,Ruta 1-A: Montaña Machupicchu,50,1,49
2026-09-25T02:05:29+00:00,2026-09-24T21:05:29-05:00,2026-09-26,06:00 AM,553,447,Ruta 1-B: Terraza superior,100,1,99
2026-09-25T02:05:29+00:00,2026-09-24T21:05:29-05:00,2026-09-26,06:00 AM,553,447,Ruta 2-A: Clásico Diseñada,600,353,247
2026-09-25T02:05:29+00:00,2026-09-24T21:05:29-05:00,2026-09-26,06:00 AM,553,447,Ruta 2-B: Terraza Inferior,100,50,50
2026-09-25T02:05:29+00:00,2026-09-24T21:05:29-05:00,2026-09-26,06:00 AM,553,447,Ruta 3-A: Montaña Waynapicchu,50,31,19
2026-09-25T02:05:29+00:00,2026-09-24T21:05:29-05:00,2026-09-26,06:00 AM,553,447,Ruta 3-B: Realeza diseñada,100,2,98
2026-09-25T06:59:32+00:00,2026-09-25T01:59:32-05:00,2026-09-26,06:00 AM,473,527,Ruta 1-A: Montaña Machupicchu,50,1,49
2026-09-25T06:59:32+00:00,2026-09-25T01:59:32-05:00,2026-09-26,06:00 AM,473,527,Ruta 1-B: Terraza superior,100,1,99
2026-09-25T06:59:32+00:00,2026-09-25T01:59:32-05:00,2026-09-26,06:00 AM,473,527,Ruta 2-A: Clásico Diseñada,600,413,187
2026-09-25T06:59:32+00:00,2026-09-25T01:59:32-05:00,2026-09-26,06:00 AM,473,527,Ruta 2-B: Terraza Inferior,100,65,35
2026-09-25T06:59:32+00:00,2026-09-25T01:59:32-05:00,2026-09-26,06:00 AM,473,527,Ruta 3-A: Montaña Waynapicchu,50,36,14
2026-09-25T06:59:32+00:00,2026-09-25T01:59:32-05:00,2026-09-26,06:00 AM,473,527,Ruta 3-B: Realeza diseñada,100,2,98
2026-09-25T07:01:16+00:00,2026-09-25T02:01:16-05:00,2026-09-26,06:00 AM,473,527,Ruta 1-A: Montaña Machupicchu,50,1,49
2026-09-25T07:01:16+00:00,2026-09-25T02:01:16-05:00,2026-09-26,06:00 AM,473,527,Ruta 1-B: Terraza superior,100,1,99
2026-09-25T07:01:16+00:00,2026-09-25T02:01:16-05:00,2026-09-26,06:00 AM,473,527,Ruta 2-A: Clásico Diseñada,600,413,187
2026-09-25T07:01:16+00:00,2026-09-25T02:01:16-05:00,2026-09-26,06:00 AM,473,527,Ruta 2-B: Terraza Inferior,100,65,35
2026-09-25T07:01:16+00:00,2026-09-25T02:01:16-05:00,2026-09-26,06:00 AM,473,527,Ruta 3-A: Montaña Waynapicchu,50,36,14
2026-09-25T07:01:16+00:00,2026-09-25T02:01:16-05:00,2026-09-26,06:00 AM,473,527,Ruta 3-B: Realeza diseñada,100,2,98
2026-09-25T07:16:08+00:00,2026-09-25T02:16:08-05:00,2026-09-26,06:00 AM,473,527,Ruta 1-A: Montaña Machupicchu,50,1,49
2026-09-25T07:16:08+00:00,2026-09-25T02:16:08-05:00,2026-09-26,06:00 AM,473,527,Ruta 1-B: Terraza superior,100,1,99
2026-09-25T07:16:08+00:00,2026-09-25T02:16:08-05:00,2026-09-26,06:00 AM,473,527,Ruta 2-A: Clásico Diseñada,600,413,187
2026-09-25T07:16:08+00:00,2026-09-25T02:16:08-05:00,2026-09-26,06:00 AM,473,527,Ruta 2-B: Terraza Inferior,100,65,35
2026-09-25T07:16:08+00:00,2026-09-25T02:16:08-05:00,2026-09-26,06:00 AM,473,527,Ruta 3-A: Montaña Waynapicchu,50,36,14
2026-09-25T07:16:08+00:00,2026-09-25T02:16:08-05:00,2026-09-26,06:00 AM,473,527,Ruta 3-B: Realeza diseñada,100,2,98
2026-09-25T07:45:57+00:00,2026-09-25T02:45:57-05:00,2026-09-26,06:00 AM,473,527,Ruta 1-A: Montaña Machupicchu,50,1,49
2026-09-25T07:45:57+00:00,2026-09-25T02:45:57-05:00,2026-09-26,06:00 AM,473,527,Ruta 1-B: Terraza superior,100,1,99
2026-09-25T07:45:57+00:00,2026-09-25T02:45:57-05:00,2026-09-26,06:00 AM,473,527,Ruta 2-A: Clásico Diseñada,600,413,187
2026-09-25T07:45:57+00:00,2026-09-25T02:45:57-05:00,2026-09-26,06:00 AM,473,527,Ruta 2-B: Terraza Inferior,100,65,35
2026-09-25T07:45:57+00:00,2026-09-25T02:45:57-05:00,2026-09-26,06:00 AM,473,527,Ruta 3-A: Montaña Waynapicchu,50,36,14
2026-09-25T07:45:57+00:00,2026-09-25T02:45:57-05:00,2026-09-26,06:00 AM,473,527,Ruta 3-B: Realeza diseñada,100,2,98
2026-09-25T08:01:21+00:00,2026-09-25T03:01:21-05:00,2026-09-26,06:00 AM,473,527,Ruta 1-A: Montaña Machupicchu,50,1,49
2026-09-25T08:01:21+00:00,2026-09-25T03:01:21-05:00,2026-09-26,06:00 AM,473,527,Ruta 1-B: Terraza superior,100,1,99
2026-09-25T08:01:21+00:00,2026-09-25T03:01:21-05:00,2026-09-26,06:00 AM,473,527,Ruta 2-A: Clásico Diseñada,600,413,187
2026-09-25T08:01:21+00:00,2026-09-25T03:01:21-05:00,2026-09-26,06:00 AM,473,527,Ruta 2-B: Terraza Inferior,100,65,35
2026-09-25T08:01:21+00:00,2026-09-25T03:01:21-05:00,2026-09-26,06:00 AM,473,527,Ruta 3-A: Montaña Waynapicchu,50,36,14
2026-09-25T08:01:21+00:00,2026-09-25T03:01:21-05:00,2026-09-26,06:00 AM,473,527,Ruta 3-B: Realeza diseñada,100,2,98
2026-09-25T09:01:18+00:00,2026-09-25T04:01:18-05:00,2026-09-26,06:00 AM,473,527,Ruta 1-A: Montaña Machupicchu,50,1,49
2026-09-25T09:01:18+00:00,2026-09-25T04:01:18-05:00,2026-09-26,06:00 AM,473,527,Ruta 1-B: Terraza superior,100,1,99
2026-09-25T09:01:18+00:00,2026-09-25T04:01:18-05:00,2026-09-26,06:00 AM,473,527,Ruta 2-A: Clásico Diseñada,600,413,187
2026-09-25T09:01:18+00:00,2026-09-25T04:01:18-05:00,2026-09-26,06:00 AM,473,527,Ruta 2-B: Terraza Inferior,100,65,35
2026-09-25T09:01:18+00:00,2026-09-25T04:01:18-05:00,2026-09-26,06:00 AM,473,527,Ruta 3-A: Montaña Waynapicchu,50,36,14
2026-09-25T09:01:18+00:00,2026-09-25T04:01:18-05:00,2026-09-26,06:00 AM,473,527,Ruta 3-B: Realeza diseñada,100,2,98
2026-09-25T09:08:50+00:00,2026-09-25T04:08:50-05:00,2026-09-26,06:00 AM,473,527,Ruta 1-A: Montaña Machupicchu,50,1,49
2026-09-25T09:08:50+00:00,2026-09-25T04:08:50-05:00,2026-09-26,06:00 AM,473,527,Ruta 1-B: Terraza superior,100,1,99
2026-09-25T09:08:50+00:00,2026-09-25T04:08:50-05:00,2026-09-26,06:00 AM,473,527,Ruta 2-A: Clásico Diseñada,600,413,187
2026-09-25T09:08:50+00:00,2026-09-25T04:08:50-05:00,2026-09-26,06:00 AM,473,527,Ruta 2-B: Terraza Inferior,100,65,35
2026-09-25T09:08:50+00:00,2026-09-25T04:08:50-05:00,2026-09-26,06:00 AM,473,527,Ruta 3-A: Montaña Waynapicchu,50,36,14
2026-09-25T09:08:50+00:00,2026-09-25T04:08:50-05:00,2026-09-26,06:00 AM,473,527,Ruta 3-B: Realeza diseñada,100,2,98
2026-09-25T09:16:37+00:00,2026-09-25T04:16:37-05:00,2026-09-26,06:00 AM,473,527,Ruta 1-A: Montaña Machupicchu,50,1,49
2026-09-25T09:16:37+00:00,2026-09-25T04:16:37-05:00,2026-09-26,06:00 AM,473,527,Ruta 1-B: Terraza superior,100,1,99
2026-09-25T09:16:37+00:00,2026-09-25T04:16:37-05:00,2026-09-26,06:00 AM,473,527,Ruta 2-A: Clásico Diseñada,600,413,187
2026-09-25T09:16:37+00:00,2026-09-25T04:16:37-05:00,2026-09-26,06:00 AM,473,527,Ruta 2-B: Terraza Inferior,100,65,35
2026-09-25T09:16:37+00:00,2026-09-25T04:16:37-05:00,2026-09-26,06:00 AM,473,527,Ruta 3-A: Montaña Waynapicchu,50,36,14
2026-09-25T09:16:37+00:00,2026-09-25T04:16:37-05:00,2026-09-26,06:00 AM,473,527,Ruta 3-B: Realeza diseñada,100,2,98
2026-09-25T09:46:13+00:00,2026-09-25T04:46:13-05:00,2026-09-26,06:00 AM,473,527,Ruta 1-A: Montaña Machupicchu,50,1,49
2026-09-25T09:46:13+00:00,2026-09-25T04:46:13-05:00,2026-09-26,06:00 AM,473,527,Ruta 1-B: Terraza superior,100,1,99
2026-09-25T09:46:13+00:00,2026-09-25T04:46:13-05:00,2026-09-26,06:00 AM,473,527,Ruta 2-A: Clásico Diseñada,600,413,187
2026-09-25T09:46:13+00:00,2026-09-25T04:46:13-05:00,2026-09-26,06:00 AM,473,527,Ruta 2-B: Terraza Inferior,100,65,35
2026-09-25T09:46:13+00:00,2026-09-25T04:46:13-05:00,2026-09-26,06:00 AM,473,527,Ruta 3-A: Montaña Waynapicchu,50,36,14
2026-09-25T09:46:13+00:00,2026-09-25T04:46:13-05:00,2026-09-26,06:00 AM,473,527,Ruta 3-B: Realeza diseñada,100,2,98
2026-09-25T10:01:37+00:00,2026-09-25T05:01:37-05:00,2026-09-26,06:00 AM,473,527,Ruta 1-A: Montaña Machupicchu,50,1,49
2026-09-25T10:01:37+00:00,2026-09-25T05:01:37-05:00,2026-09-26,06:00 AM,473,527,Ruta 1-B: Terraza superior,100,1,99
2026-09-25T10:01:37+00:00,2026-09-25T05:01:37-05:00,2026-09-26,06:00 AM,473,527,Ruta 2-A: Clásico Diseñada,600,413,187
2026-09-25T10:01:37+00:00,2026-09-25T05:01:37-05:00,2026-09-26,06:00 AM,473,527,Ruta 2-B: Terraza Inferior,100,65,35
2026-09-25T10:01:37+00:00,2026-09-25T05:01:37-05:00,2026-09-26,06:00 AM,473,527,Ruta 3-A: Montaña Waynapicchu,50,36,14
2026-09-25T10:01:37+00:00,2026-09-25T05:01:37-05:00,2026-09-26,06:00 AM,473,527,Ruta 3-B: Realeza diseñada,100,2,98
2026-09-25T10:16:12+00:00,2026-09-25T05:16:12-05:00,2026-09-26,06:00 AM,473,527,Ruta 1-A: Montaña Machupicchu,50,1,49
2026-09-25T10:16:12+00:00,2026-09-25T05:16:12-05:00,2026-09-26,06:00 AM,473,527,Ruta 1-B: Terraza superior,100,1,99
2026-09-25T10:16:12+00:00,2026-09-25T05:16:12-05:00,2026-09-26,06:00 AM,473,527,Ruta 2-A: Clásico Diseñada,600,413,187
2026-09-25T10:16:12+00:00,2026-09-25T05:16:12-05:00,2026-09-26,06:00 AM,473,527,Ruta 2-B: Terraza Inferior,100,65,35
2026-09-25T10:16:12+00:00,2026-09-25T05:16:12-05:00,2026-09-26,06:00 AM,473,527,Ruta 3-A: Montaña Waynapicchu,50,36,14
2026-09-25T10:16:12+00:00,2026-09-25T05:16:12-05:00,2026-09-26,06:00 AM,473,527,Ruta 3-B: Realeza diseñada,100,2,98
2026-09-25T10:31:12+00:00,2026-09-25T05:31:12-05:00,2026-09-26,06:00 AM,473,527,Ruta 1-A: Montaña Machupicchu,50,1,49
2026-09-25T10:31:12+00:00,2026-09-25T05:31:12-05:00,2026-09-26,06:00 AM,473,527,Ruta 1-B: Terraza superior,100,1,99
2026-09-25T10:31:12+00:00,2026-09-25T05:31:12-05:00,2026-09-26,06:00 AM,473,527,Ruta 2-A: Clásico Diseñada,600,413,187
2026-09-25T10:31:12+00:00,2026-09-25T05:31:12-05:00,2026-09-26,06:00 AM,473,527,Ruta 2-B: Terraza Inferior,100,65,35
2026-09-25T10:31:12+00:00,2026-09-25T05:31:12-05:00,2026-09-26,06:00 AM,473,527,Ruta 3-A: Montaña Waynapicchu,50,36,14
2026-09-25T10:31:12+00:00,2026-09-25T05:31:12-05:00,2026-09-26,06:00 AM,473,527,Ruta 3-B: Realeza diseñada,100,2,98
2026-09-25T10:46:06+00:00,2026-09-25T05:46:06-05:00,2026-09-26,06:00 AM,473,527,Ruta 1-A: Montaña Machupicchu,50,1,49
2026-09-25T10:46:06+00:00,2026-09-25T05:46:06-05:00,2026-09-26,06:00 AM,473,527,Ruta 1-B: Terraza superior,100,1,99
2026-09-25T10:46:06+00:00,2026-09-25T05:46:06-05:00,2026-09-26,06:00 AM,473,527,Ruta 2-A: Clásico Diseñada,600,413,187
2026-09-25T10:46:06+00:00,2026-09-25T05:46:06-05:00,2026-09-26,06:00 AM,473,527,Ruta 2-B: Terraza Inferior,100,65,35
2026-09-25T10:46:06+00:00,2026-09-25T05:46:06-05:00,2026-09-26,06:00 AM,473,527,Ruta 3-A: Montaña Waynapicchu,50,36,14
2026-09-25T10:46:06+00:00,2026-09-25T05:46:06-05:00,2026-09-26,06:00 AM,473,527,Ruta 3-B: Realeza diseñada,100,2,98
2026-09-25T11:15:56+00:00,2026-09-25T06:15:56-05:00,2026-09-26,06:00 AM,434,566,Ruta 1-A: Montaña Machupicchu,50,1,49
2026-09-25T11:15:56+00:00,2026-09-25T06:15:56-05:00,2026-09-26,06:00 AM,434,566,Ruta 1-B: Terraza superior,100,1,99
2026-09-25T11:15:56+00:00,2026-09-25T06:15:56-05:00,2026-09-26,06:00 AM,434,566,Ruta 2-A: Clásico Diseñada,600,424,176
2026-09-25T11:15:56+00:00,2026-09-25T06:15:56-05:00,2026-09-26,06:00 AM,434,566,Ruta 2-B: Terraza Inferior,100,71,29
2026-09-25T11:15:56+00:00,2026-09-25T06:15:56-05:00,2026-09-26,06:00 AM,434,566,Ruta 3-A: Montaña Waynapicchu,50,36,14
2026-09-25T11:15:56+00:00,2026-09-25T06:15:56-05:00,2026-09-26,06:00 AM,434,566,Ruta 3-B: Realeza diseñada,100,2,98
2026-09-25T11:31:21+00:00,2026-09-25T06:31:21-05:00,2026-09-26,06:00 AM,365,635,Ruta 1-A: Montaña Machupicchu,50,1,49
2026-09-25T11:31:21+00:00,2026-09-25T06:31:21-05:00,2026-09-26,06:00 AM,365,635,Ruta 1-B: Terraza superior,100,1,99
2026-09-25T11:31:21+00:00,2026-09-25T06:31:21-05:00,2026-09-26,06:00 AM,365,635,Ruta 2-A: Clásico Diseñada,600,450,150
2026-09-25T11:31:21+00:00,2026-09-25T06:31:21-05:00,2026-09-26,06:00 AM,365,635,Ruta 2-B: Terraza Inferior,100,80,20
2026-09-25T11:31:21+00:00,2026-09-25T06:31:21-05:00,2026-09-26,06:00 AM,365,635,Ruta 3-A: Montaña Waynapicchu,50,36,14
2026-09-25T11:31:21+00:00,2026-09-25T06:31:21-05:00,2026-09-26,06:00 AM,365,635,Ruta 3-B: Realeza diseñada,100,2,98
2026-09-25T11:45:58+00:00,2026-09-25T06:45:58-05:00,2026-09-26,06:00 AM,362,638,Ruta 1-A: Montaña Machupicchu,50,1,49
2026-09-25T11:45:58+00:00,2026-09-25T06:45:58-05:00,2026-09-26,06:00 AM,362,638,Ruta 1-B: Terraza superior,100,1,99
2026-09-25T11:45:58+00:00,2026-09-25T06:45:58-05:00,2026-09-26,06:00 AM,362,638,Ruta 2-A: Clásico Diseñada,600,488,112
2026-09-25T11:45:58+00:00,2026-09-25T06:45:58-05:00,2026-09-26,06:00 AM,362,638,Ruta 2-B: Terraza Inferior,100,83,17
2026-09-25T11:45:58+00:00,2026-09-25T06:45:58-05:00,2026-09-26,06:00 AM,362,638,Ruta 3-A: Montaña Waynapicchu,50,36,14
2026-09-25T11:45:58+00:00,2026-09-25T06:45:58-05:00,2026-09-26,06:00 AM,362,638,Ruta 3-B: Realeza diseñada,100,2,98
2026-09-25T12:01:27+00:00,2026-09-25T07:01:27-05:00,2026-09-26,06:00 AM,302,698,Ruta 1-A: Montaña Machupicchu,50,4,46
2026-09-25T12:01:27+00:00,2026-09-25T07:01:27-05:00,2026-09-26,06:00 AM,302,698,Ruta 1-B: Terraza superior,100,1,99
2026-09-25T12:01:27+00:00,2026-09-25T07:01:27-05:00,2026-09-26,06:00 AM,302,698,Ruta 2-A: Clásico Diseñada,600,514,86
2026-09-25T12:01:27+00:00,2026-09-25T07:01:27-05:00,2026-09-26,06:00 AM,302,698,Ruta 2-B: Terraza Inferior,100,87,13
2026-09-25T12:01:27+00:00,2026-09-25T07:01:27-05:00,2026-09-26,06:00 AM,302,698,Ruta 3-A: Montaña Waynapicchu,50,36,14
2026-09-25T12:01:27+00:00,2026-09-25T07:01:27-05:00,2026-09-26,06:00 AM,302,698,Ruta 3-B: Realeza diseñada,100,2,98
2026-09-25T12:16:14+00:00,2026-09-25T07:16:14-05:00,2026-09-26,06:00 AM,255,745,Ruta 1-A: Montaña Machupicchu,50,4,46
2026-09-25T12:16:14+00:00,2026-09-25T07:16:14-05:00,2026-09-26,06:00 AM,255,745,Ruta 1-B: Terraza superior,100,1,99
2026-09-25T12:16:14+00:00,2026-09-25T07:16:14-05:00,2026-09-26,06:00 AM,255,745,Ruta 2-A: Clásico Diseñada,600,548,52
2026-09-25T12:16:14+00:00,2026-09-25T07:16:14-05:00,2026-09-26,06:00 AM,255,745,Ruta 2-B: Terraza Inferior,100,89,11
2026-09-25T12:16:14+00:00,2026-09-25T07:16:14-05:00,2026-09-26,06:00 AM,255,745,Ruta 3-A: Montaña Waynapicchu,50,38,12
2026-09-25T12:16:14+00:00,2026-09-25T07:16:14-05:00,2026-09-26,06:00 AM,255,745,Ruta 3-B: Realeza diseñada,100,4,96
2026-09-25T12:31:10+00:00,2026-09-25T07:31:10-05:00,2026-09-26,06:00 AM,239,761,Ruta 1-A: Montaña Machupicchu,50,4,46
2026-09-25T12:31:10+00:00,2026-09-25T07:31:10-05:00,2026-09-26,06:00 AM,239,761,Ruta 1-B: Terraza superior,100,1,99
2026-09-25T12:31:10+00:00,2026-09-25T07:31:10-05:00,2026-09-26,06:00 AM,239,761,Ruta 2-A: Clásico Diseñada,600,571,29
2026-09-25T12:31:10+00:00,2026-09-25T07:31:10-05:00,2026-09-26,06:00 AM,239,761,Ruta 2-B: Terraza Inferior,100,94,6
2026-09-25T12:31:10+00:00,2026-09-25T07:31:10-05:00,2026-09-26,06:00 AM,239,761,Ruta 3-A: Montaña Waynapicchu,50,38,12
2026-09-25T12:31:10+00:00,2026-09-25T07:31:10-05:00,2026-09-26,06:00 AM,239,761,Ruta 3-B: Realeza diseñada,100,10,90
2026-09-25T12:45:56+00:00,2026-09-25T07:45:56-05:00,2026-09-26,06:00 AM,237,763,Ruta 1-A: Montaña Machupicchu,50,4,46
2026-09-25T12:45:56+00:00,2026-09-25T07:45:56-05:00,2026-09-26,06:00 AM,237,763,Ruta 1-B: Terraza superior,100,1,99
2026-09-25T12:45:56+00:00,2026-09-25T07:45:56-05:00,2026-09-26,06:00 AM,237,763,Ruta 2-A: Clásico Diseñada,600,595,5
2026-09-25T12:45:56+00:00,2026-09-25T07:45:56-05:00,2026-09-26,06:00 AM,237,763,Ruta 2-B: Terraza Inferior,100,99,1
2026-09-25T12:45:56+00:00,2026-09-25T07:45:56-05:00,2026-09-26,06:00 AM,237,763,Ruta 3-A: Montaña Waynapicchu,50,38,12
2026-09-25T12:45:56+00:00,2026-09-25T07:45:56-05:00,2026-09-26,06:00 AM,237,763,Ruta 3-B: Realeza diseñada,100,12,88
2026-09-25T13:15:56+00:00,2026-09-25T08:15:56-05:00,2026-09-26,06:00 AM,198,802,Ruta 1-A: Montaña Machupicchu,50,4,46
2026-09-25T13:15:56+00:00,2026-09-25T08:15:56-05:00,2026-09-26,06:00 AM,198,802,Ruta 1-B: Terraza superior,100,6,94
2026-09-25T13:15:56+00:00,2026-09-25T08:15:56-05:00,2026-09-26,06:00 AM,198,802,Ruta 2-A: Clásico Diseñada,600,600,0
2026-09-25T13:15:56+00:00,2026-09-25T08:15:56-05:00,2026-09-26,06:00 AM,198,802,Ruta 2-B: Terraza Inferior,100,100,0
2026-09-25T13:15:56+00:00,2026-09-25T08:15:56-05:00,2026-09-26,06:00 AM,198,802,Ruta 3-A: Montaña Waynapicchu,50,42,8
2026-09-25T13:15:56+00:00,2026-09-25T08:15:56-05:00,2026-09-26,06:00 AM,198,802,Ruta 3-B: Realeza diseñada,100,22,78
2026-09-25T13:31:12+00:00,2026-09-25T08:31:12-05:00,2026-09-26,06:00 AM,158,842,Ruta 1-A: Montaña Machupicchu,50,4,46
2026-09-25T13:31:12+00:00,2026-09-25T08:31:12-05:00,2026-09-26,06:00 AM,158,842,Ruta 1-B: Terraza superior,100,8,92
2026-09-25T13:31:12+00:00,2026-09-25T08:31:12-05:00,2026-09-26,06:00 AM,158,842,Ruta 2-A: Clásico Diseñada,600,600,0
2026-09-25T13:31:12+00:00,2026-09-25T08:31:12-05:00,2026-09-26,06:00 AM,158,842,Ruta 2-B: Terraza Inferior,100,100,0
2026-09-25T13:31:12+00:00,2026-09-25T08:31:12-05:00,2026-09-26,06:00 AM,158,842,Ruta 3-A: Montaña Waynapicchu,50,42,8
2026-09-25T13:31:12+00:00,2026-09-25T08:31:12-05:00,2026-09-26,06:00 AM,158,842,Ruta 3-B: Realeza diseñada,100,42,58
2026-09-25T13:46:03+00:00,2026-09-25T08:46:03-05:00,2026-09-26,06:00 AM,111,889,Ruta 1-A: Montaña Machupicchu,50,4,46
2026-09-25T13:46:03+00:00,2026-09-25T08:46:03-05:00,2026-09-26,06:00 AM,111,889,Ruta 1-B: Terraza superior,100,13,87
2026-09-25T13:46:03+00:00,2026-09-25T08:46:03-05:00,2026-09-26,06:00 AM,111,889,Ruta 2-A: Clásico Diseñada,600,600,0
2026-09-25T13:46:03+00:00,2026-09-25T08:46:03-05:00,2026-09-26,06:00 AM,111,889,Ruta 2-B: Terraza Inferior,100,100,0
2026-09-25T13:46:03+00:00,2026-09-25T08:46:03-05:00,2026-09-26,06:00 AM,111,889,Ruta 3-A: Montaña Waynapicchu,50,45,5
2026-09-25T13:46:03+00:00,2026-09-25T08:46:03-05:00,2026-09-26,06:00 AM,111,889,Ruta 3-B: Realeza diseñada,100,66,34
2026-09-25T14:01:40+00:00,2026-09-25T09:01:40-05:00,2026-09-26,06:00 AM,69,931,Ruta 1-A: Montaña Machupicchu,50,5,45
2026-09-25T14:01:40+00:00,2026-09-25T09:01:40-05:00,2026-09-26,06:00 AM,69,931,Ruta 1-B: Terraza superior,100,15,85
2026-09-25T14:01:40+00:00,2026-09-25T09:01:40-05:00,2026-09-26,06:00 AM,69,931,Ruta 2-A: Clásico Diseñada,600,600,0
2026-09-25T14:01:40+00:00,2026-09-25T09:01:40-05:00,2026-09-26,06:00 AM,69,931,Ruta 2-B: Terraza Inferior,100,100,0
2026-09-25T14:01:40+00:00,2026-09-25T09:01:40-05:00,2026-09-26,06:00 AM,69,931,Ruta 3-A: Montaña Waynapicchu,50,47,3
2026-09-25T14:01:40+00:00,2026-09-25T09:01:40-05:00,2026-09-26,06:00 AM,69,931,Ruta 3-B: Realeza diseñada,100,93,7
2026-09-25T14:15:59+00:00,2026-09-25T09:15:59-05:00,2026-09-26,06:00 AM,29,971,Ruta 1-A: Montaña Machupicchu,50,5,45
2026-09-25T14:15:59+00:00,2026-09-25T09:15:59-05:00,2026-09-26,06:00 AM,29,971,Ruta 1-B: Terraza superior,100,24,76
2026-09-25T14:15:59+00:00,2026-09-25T09:15:59-05:00,2026-09-26,06:00 AM,29,971,Ruta 2-A: Clásico Diseñada,600,600,0
2026-09-25T14:15:59+00:00,2026-09-25T09:15:59-05:00,2026-09-26,06:00 AM,29,971,Ruta 2-B: Terraza Inferior,100,100,0
2026-09-25T14:15:59+00:00,2026-09-25T09:15:59-05:00,2026-09-26,06:00 AM,29,971,Ruta 3-A: Montaña Waynapicchu,50,47,3
2026-09-25T14:15:59+00:00,2026-09-25T09:15:59-05:00,2026-09-26,06:00 AM,29,971,Ruta 3-B: Realeza diseñada,100,99,1
2026-09-25T14:31:13+00:00,2026-09-25T09:31:13-05:00,2026-09-26,06:00 AM,0,1000,Ruta 1-A: Montaña Machupicchu,50,5,45
2026-09-25T14:31:13+00:00,2026-09-25T09:31:13-05:00,2026-09-26,06:00 AM,0,1000,Ruta 1-B: Terraza superior,100,44,56
2026-09-25T14:31:13+00:00,2026-09-25T09:31:13-05:00,2026-09-26,06:00 AM,0,1000,Ruta 2-A: Clásico Diseñada,600,600,0
2026-09-25T14:31:13+00:00,2026-09-25T09:31:13-05:00,2026-09-26,06:00 AM,0,1000,Ruta 2-B: Terraza Inferior,100,100,0
2026-09-25T14:31:13+00:00,2026-09-25T09:31:13-05:00,2026-09-26,06:00 AM,0,1000,Ruta 3-A: Montaña Waynapicchu,50,50,0
2026-09-25T14:31:13+00:00,2026-09-25T09:31:13-05:00,2026-09-26,06:00 AM,0,1000,Ruta 3-B: Realeza diseñada,100,100,0
2026-09-25T14:46:04+00:00,2026-09-25T09:46:04-05:00,2026-09-26,06:00 AM,0,1000,Ruta 1-A: Montaña Machupicchu,50,5,45
2026-09-25T14:46:04+00:00,2026-09-25T09:46:04-05:00,2026-09-26,06:00 AM,0,1000,Ruta 1-B: Terraza superior,100,74,26
2026-09-25T14:46:04+00:00,2026-09-25T09:46:04-05:00,2026-09-26,06:00 AM,0,1000,Ruta 2-A: Clásico Diseñada,600,600,0
2026-09-25T14:46:04+00:00,2026-09-25T09:46:04-05:00,2026-09-26,06:00 AM,0,1000,Ruta 2-B: Terraza Inferior,100,100,0
2026-09-25T14:46:04+00:00,2026-09-25T09:46:04-05:00,2026-09-26,06:00 AM,0,1000,Ruta 3-A: Montaña Waynapicchu,50,50,0
2026-09-25T14:46:04+00:00,2026-09-25T09:46:04-05:00,2026-09-26,06:00 AM,0,1000,Ruta 3-B: Realeza diseñada,100,100,0
2026-09-25T15:01:27+00:00,2026-09-25T10:01:27-05:00,2026-09-26,06:00 AM,0,1000,Ruta 1-A: Montaña Machupicchu,50,11,39
2026-09-25T15:01:27+00:00,2026-09-25T10:01:27-05:00,2026-09-26,06:00 AM,0,1000,Ruta 1-B: Terraza superior,100,94,6
2026-09-25T15:01:27+00:00,2026-09-25T10:01:27-05:00,2026-09-26,06:00 AM,0,1000,Ruta 2-A: Clásico Diseñada,600,600,0
2026-09-25T15:01:27+00:00,2026-09-25T10:01:27-05:00,2026-09-26,06:00 AM,0,1000,Ruta 2-B: Terraza Inferior,100,100,0
2026-09-25T15:01:27+00:00,2026-09-25T10:01:27-05:00,2026-09-26,06:00 AM,0,1000,Ruta 3-A: Montaña Waynapicchu,50,50,0
2026-09-25T15:01:27+00:00,2026-09-25T10:01:27-05:00,2026-09-26,06:00 AM,0,1000,Ruta 3-B: Realeza diseñada,100,100,0
2026-09-25T15:07:28+00:00,2026-09-25T10:07:28-05:00,2026-09-26,06:00 AM,0,1000,Ruta 1-A: Montaña Machupicchu,50,11,39
2026-09-25T15:07:28+00:00,2026-09-25T10:07:28-05:00,2026-09-26,06:00 AM,0,1000,Ruta 1-B: Terraza superior,100,98,2
2026-09-25T15:07:28+00:00,2026-09-25T10:07:28-05:00,2026-09-26,06:00 AM,0,1000,Ruta 2-A: Clásico Diseñada,600,600,0
2026-09-25T15:07:28+00:00,2026-09-25T10:07:28-05:00,2026-09-26,06:00 AM,0,1000,Ruta 2-B: Terraza Inferior,100,100,0
2026-09-25T15:07:28+00:00,2026-09-25T10:07:28-05:00,2026-09-26,06:00 AM,0,1000,Ruta 3-A: Montaña Waynapicchu,50,50,0
2026-09-25T15:07:28+00:00,2026-09-25T10:07:28-05:00,2026-09-26,06:00 AM,0,1000,Ruta 3-B: Realeza diseñada,100,100,0
2026-09-25T15:16:12+00:00,2026-09-25T10:16:12-05:00,2026-09-26,06:00 AM,0,1000,Ruta 1-A: Montaña Machupicchu,50,11,39
2026-09-25T15:16:12+00:00,2026-09-25T10:16:12-05:00,2026-09-26,06:00 AM,0,1000,Ruta 1-B: Terraza superior,100,98,2
2026-09-25T15:16:12+00:00,2026-09-25T10:16:12-05:00,2026-09-26,06:00 AM,0,1000,Ruta 2-A: Clásico Diseñada,600,600,0
2026-09-25T15:16:12+00:00,2026-09-25T10:16:12-05:00,2026-09-26,06:00 AM,0,1000,Ruta 2-B: Terraza Inferior,100,100,0
2026-09-25T15:16:12+00:00,2026-09-25T10:16:12-05:00,2026-09-26,06:00 AM,0,1000,Ruta 3-A: Montaña Waynapicchu,50,50,0
2026-09-25T15:16:12+00:00,2026-09-25T10:16:12-05:00,2026-09-26,06:00 AM,0,1000,Ruta 3-B: Realeza diseñada,100,100,0
2026-09-25T15:31:15+00:00,2026-09-25T10:31:15-05:00,2026-09-26,06:00 AM,0,1000,Ruta 1-A: Montaña Machupicchu,50,15,35
2026-09-25T15:31:15+00:00,2026-09-25T10:31:15-05:00,2026-09-26,06:00 AM,0,1000,Ruta 1-B: Terraza superior,100,99,1
2026-09-25T15:31:15+00:00,2026-09-25T10:31:15-05:00,2026-09-26,06:00 AM,0,1000,Ruta 2-A: Clásico Diseñada,600,600,0
2026-09-25T15:31:15+00:00,2026-09-25T10:31:15-05:00,2026-09-26,06:00 AM,0,1000,Ruta 2-B: Terraza Inferior,100,100,0
2026-09-25T15:31:15+00:00,2026-09-25T10:31:15-05:00,2026-09-26,06:00 AM,0,1000,Ruta 3-A: Montaña Waynapicchu,50,50,0
2026-09-25T15:31:15+00:00,2026-09-25T10:31:15-05:00,2026-09-26,06:00 AM,0,1000,Ruta 3-B: Realeza diseñada,100,100,0
2026-09-25T15:45:56+00:00,2026-09-25T10:45:56-05:00,2026-09-26,06:00 AM,0,1000,Ruta 1-A: Montaña Machupicchu,50,15,35
2026-09-25T15:45:56+00:00,2026-09-25T10:45:56-05:00,2026-09-26,06:00 AM,0,1000,Ruta 1-B: Terraza superior,100,99,1
2026-09-25T15:45:56+00:00,2026-09-25T10:45:56-05:00,2026-09-26,06:00 AM,0,1000,Ruta 2-A: Clásico Diseñada,600,600,0
2026-09-25T15:45:56+00:00,2026-09-25T10:45:56-05:00,2026-09-26,06:00 AM,0,1000,Ruta 2-B: Terraza Inferior,100,100,0
2026-09-25T15:45:56+00:00,2026-09-25T10:45:56-05:00,2026-09-26,06:00 AM,0,1000,Ruta 3-A: Montaña Waynapicchu,50,50,0
2026-09-25T15:45:56+00:00,2026-09-25T10:45:56-05:00,2026-09-26,06:00 AM,0,1000,Ruta 3-B: Realeza diseñada,100,100,0
2026-09-25T16:01:40+00:00,2026-09-25T11:01:40-05:00,2026-09-26,06:00 AM,0,1000,Ruta 1-A: Montaña Machupicchu,50,16,34
2026-09-25T16:01:40+00:00,2026-09-25T11:01:40-05:00,2026-09-26,06:00 AM,0,1000,Ruta 1-B: Terraza superior,100,99,1
2026-09-25T16:01:40+00:00,2026-09-25T11:01:40-05:00,2026-09-26,06:00 AM,0,1000,Ruta 2-A: Clásico Diseñada,600,600,0
2026-09-25T16:01:40+00:00,2026-09-25T11:01:40-05:00,2026-09-26,06:00 AM,0,1000,Ruta 2-B: Terraza Inferior,100,100,0
2026-09-25T16:01:40+00:00,2026-09-25T11:01:40-05:00,2026-09-26,06:00 AM,0,1000,Ruta 3-A: Montaña Waynapicchu,50,50,0
2026-09-25T16:01:40+00:00,2026-09-25T11:01:40-05:00,2026-09-26,06:00 AM,0,1000,Ruta 3-B: Realeza diseñada,100,100,0
2026-09-25T16:15:59+00:00,2026-09-25T11:15:59-05:00,2026-09-26,06:00 AM,0,1000,Ruta 1-A: Montaña Machupicchu,50,21,29
2026-09-25T16:15:59+00:00,2026-09-25T11:15:59-05:00,2026-09-26,06:00 AM,0,1000,Ruta 1-B: Terraza superior,100,99,1
2026-09-25T16:15:59+00:00,2026-09-25T11:15:59-05:00,2026-09-26,06:00 AM,0,1000,Ruta 2-A: Clásico Diseñada,600,600,0
2026-09-25T16:15:59+00:00,2026-09-25T11:15:59-05:00,2026-09-26,06:00 AM,0,1000,Ruta 2-B: Terraza Inferior,100,100,0
2026-09-25T16:15:59+00:00,2026-09-25T11:15:59-05:00,2026-09-26,06:00 AM,0,1000,Ruta 3-A: Montaña Waynapicchu,50,50,0
2026-09-25T16:15:59+00:00,2026-09-25T11:15:59-05:00,2026-09-26,06:00 AM,0,1000,Ruta 3-B: Realeza diseñada,100,100,0
2026-09-25T16:31:17+00:00,2026-09-25T11:31:17-05:00,2026-09-26,06:00 AM,0,1000,Ruta 1-A: Montaña Machupicchu,50,25,25
2026-09-25T16:31:17+00:00,2026-09-25T11:31:17-05:00,2026-09-26,06:00 AM,0,1000,Ruta 1-B: Terraza superior,100,99,1
2026-09-25T16:31:17+00:00,2026-09-25T11:31:17-05:00,2026-09-26,06:00 AM,0,1000,Ruta 2-A: Clásico Diseñada,600,600,0
2026-09-25T16:31:17+00:00,2026-09-25T11:31:17-05:00,2026-09-26,06:00 AM,0,1000,Ruta 2-B: Terraza Inferior,100,100,0
2026-09-25T16:31:17+00:00,2026-09-25T11:31:17-05:00,2026-09-26,06:00 AM,0,1000,Ruta 3-A: Montaña Waynapicchu,50,50,0
2026-09-25T16:31:17+00:00,2026-09-25T11:31:17-05:00,2026-09-26,06:00 AM,0,1000,Ruta 3-B: Realeza diseñada,100,100,0
2026-09-25T16:46:12+00:00,2026-09-25T11:46:12-05:00,2026-09-26,06:00 AM,0,1000,Ruta 1-A: Montaña Machupicchu,50,25,25
2026-09-25T16:46:12+00:00,2026-09-25T11:46:12-05:00,2026-09-26,06:00 AM,0,1000,Ruta 1-B: Terraza superior,100,99,1
2026-09-25T16:46:12+00:00,2026-09-25T11:46:12-05:00,2026-09-26,06:00 AM,0,1000,Ruta 2-A: Clásico Diseñada,600,600,0
2026-09-25T16:46:12+00:00,2026-09-25T11:46:12-05:00,2026-09-26,06:00 AM,0,1000,Ruta 2-B: Terraza Inferior,100,100,0
2026-09-25T16:46:12+00:00,2026-09-25T11:46:12-05:00,2026-09-26,06:00 AM,0,1000,Ruta 3-A: Montaña Waynapicchu,50,50,0
2026-09-25T16:46:12+00:00,2026-09-25T11:46:12-05:00,2026-09-26,06:00 AM,0,1000,Ruta 3-B: Realeza diseñada,100,100,0
2026-09-25T17:01:35+00:00,2026-09-25T12:01:35-05:00,2026-09-26,06:00 AM,0,1000,Ruta 1-A: Montaña Machupicchu,50,26,24
2026-09-25T17:01:35+00:00,2026-09-25T12:01:35-05:00,2026-09-26,06:00 AM,0,1000,Ruta 1-B: Terraza superior,100,99,1
2026-09-25T17:01:35+00:00,2026-09-25T12:01:35-05:00,2026-09-26,06:00 AM,0,1000,Ruta 2-A: Clásico Diseñada,600,600,0
2026-09-25T17:01:35+00:00,2026-09-25T12:01:35-05:00,2026-09-26,06:00 AM,0,1000,Ruta 2-B: Terraza Inferior,100,100,0
2026-09-25T17:01:35+00:00,2026-09-25T12:01:35-05:00,2026-09-26,06:00 AM,0,1000,Ruta 3-A: Montaña Waynapicchu,50,50,0
2026-09-25T17:01:35+00:00,2026-09-25T12:01:35-05:00,2026-09-26,06:00 AM,0,1000,Ruta 3-B: Realeza diseñada,100,100,0
2026-09-25T17:16:09+00:00,2026-09-25T12:16:09-05:00,2026-09-26,06:00 AM,0,1000,Ruta 1-A: Montaña Machupicchu,50,31,19
2026-09-25T17:16:09+00:00,2026-09-25T12:16:09-05:00,2026-09-26,06:00 AM,0,1000,Ruta 1-B: Terraza superior,100,99,1
2026-09-25T17:16:09+00:00,2026-09-25T12:16:09-05:00,2026-09-26,06:00 AM,0,1000,Ruta 2-A: Clásico Diseñada,600,600,0
2026-09-25T17:16:09+00:00,2026-09-25T12:16:09-05:00,2026-09-26,06:00 AM,0,1000,Ruta 2-B: Terraza Inferior,100,100,0
2026-09-25T17:16:09+00:00,2026-09-25T12:16:09-05:00,2026-09-26,06:00 AM,0,1000,Ruta 3-A: Montaña Waynapicchu,50,50,0
2026-09-25T17:16:09+00:00,2026-09-25T12:16:09-05:00,2026-09-26,06:00 AM,0,1000,Ruta 3-B: Realeza diseñada,100,100,0
2026-09-25T17:31:13+00:00,2026-09-25T12:31:13-05:00,2026-09-26,06:00 AM,0,1000,Ruta 1-A: Montaña Machupicchu,50,37,13
2026-09-25T17:31:13+00:00,2026-09-25T12:31:13-05:00,2026-09-26,06:00 AM,0,1000,Ruta 1-B: Terraza superior,100,100,0
2026-09-25T17:31:13+00:00,2026-09-25T12:31:13-05:00,2026-09-26,06:00 AM,0,1000,Ruta 2-A: Clásico Diseñada,600,600,0
2026-09-25T17:31:13+00:00,2026-09-25T12:31:13-05:00,2026-09-26,06:00 AM,0,1000,Ruta 2-B: Terraza Inferior,100,100,0
2026-09-25T17:31:13+00:00,2026-09-25T12:31:13-05:00,2026-09-26,06:00 AM,0,1000,Ruta 3-A: Montaña Waynapicchu,50,50,0
2026-09-25T17:31:13+00:00,2026-09-25T12:31:13-05:00,2026-09-26,06:00 AM,0,1000,Ruta 3-B: Realeza diseñada,100,100,0
2026-09-25T17:45:58+00:00,2026-09-25T12:45:58-05:00,2026-09-26,06:00 AM,0,1000,Ruta 1-A: Montaña Machupicchu,50,40,10
2026-09-25T17:45:58+00:00,2026-09-25T12:45:58-05:00,2026-09-26,06:00 AM,0,1000,Ruta 1-B: Terraza superior,100,100,0
2026-09-25T17:45:58+00:00,2026-09-25T12:45:58-05:00,2026-09-26,06:00 AM,0,1000,Ruta 2-A: Clásico Diseñada,600,600,0
2026-09-25T17:45:58+00:00,2026-09-25T12:45:58-05:00,2026-09-26,06:00 AM,0,1000,Ruta 2-B: Terraza Inferior,100,100,0
2026-09-25T17:45:58+00:00,2026-09-25T12:45:58-05:00,2026-09-26,06:00 AM,0,1000,Ruta 3-A: Montaña Waynapicchu,50,50,0
2026-09-25T17:45:58+00:00,2026-09-25T12:45:58-05:00,2026-09-26,06:00 AM,0,1000,Ruta 3-B: Realeza diseñada,100,100,0
2026-09-25T18:01:20+00:00,2026-09-25T13:01:20-05:00,2026-09-26,06:00 AM,0,1000,Ruta 1-A: Montaña Machupicchu,50,46,4
2026-09-25T18:01:20+00:00,2026-09-25T13:01:20-05:00,2026-09-26,06:00 AM,0,1000,Ruta 1-B: Terraza superior,100,100,0
2026-09-25T18:01:20+00:00,2026-09-25T13:01:20-05:00,2026-09-26,06:00 AM,0,1000,Ruta 2-A: Clásico Diseñada,600,600,0
2026-09-25T18:01:20+00:00,2026-09-25T13:01:20-05:00,2026-09-26,06:00 AM,0,1000,Ruta 2-B: Terraza Inferior,100,100,0
2026-09-25T18:01:20+00:00,2026-09-25T13:01:20-05:00,2026-09-26,06:00 AM,0,1000,Ruta 3-A: Montaña Waynapicchu,50,50,0
2026-09-25T18:01:20+00:00,2026-09-25T13:01:20-05:00,2026-09-26,06:00 AM,0,1000,Ruta 3-B: Realeza diseñada,100,100,0
2026-09-25T18:15:59+00:00,2026-09-25T13:15:59-05:00,2026-09-26,06:00 AM,0,1000,Ruta 1-A: Montaña Machupicchu,50,48,2
2026-09-25T18:15:59+00:00,2026-09-25T13:15:59-05:00,2026-09-26,06:00 AM,0,1000,Ruta 1-B: Terraza superior,100,100,0
2026-09-25T18:15:59+00:00,2026-09-25T13:15:59-05:00,2026-09-26,06:00 AM,0,1000,Ruta 2-A: Clásico Diseñada,600,600,0
2026-09-25T18:15:59+00:00,2026-09-25T13:15:59-05:00,2026-09-26,06:00 AM,0,1000,Ruta 2-B: Terraza Inferior,100,100,0
2026-09-25T18:15:59+00:00,2026-09-25T13:15:59-05:00,2026-09-26,06:00 AM,0,1000,Ruta 3-A: Montaña Waynapicchu,50,50,0
2026-09-25T18:15:59+00:00,2026-09-25T13:15:59-05:00,2026-09-26,06:00 AM,0,1000,Ruta 3-B: Realeza diseñada,100,100,0
2026-09-25T18:31:13+00:00,2026-09-25T13:31:13-05:00,2026-09-26,06:00 AM,0,1000,Ruta 1-A: Montaña Machupicchu,50,49,1
2026-09-25T18:31:13+00:00,2026-09-25T13:31:13-05:00,2026-09-26,06:00 AM,0,1000,Ruta 1-B: Terraza superior,100,100,0
2026-09-25T18:31:13+00:00,2026-09-25T13:31:13-05:00,2026-09-26,06:00 AM,0,1000,Ruta 2-A: Clásico Diseñada,600,600,0
2026-09-25T18:31:13+00:00,2026-09-25T13:31:13-05:00,2026-09-26,06:00 AM,0,1000,Ruta 2-B: Terraza Inferior,100,100,0
2026-09-25T18:31:13+00:00,2026-09-25T13:31:13-05:00,2026-09-26,06:00 AM,0,1000,Ruta 3-A: Montaña Waynapicchu,50,50,0
2026-09-25T18:31:13+00:00,2026-09-25T13:31:13-05:00,2026-09-26,06:00 AM,0,1000,Ruta 3-B: Realeza diseñada,100,100,0
2026-09-25T18:46:05+00:00,2026-09-25T13:46:05-05:00,2026-09-26,06:00 AM,0,1000,Ruta 1-A: Montaña Machupicchu,50,49,1
2026-09-25T18:46:05+00:00,2026-09-25T13:46:05-05:00,2026-09-26,06:00 AM,0,1000,Ruta 1-B: Terraza superior,100,100,0
2026-09-25T18:46:05+00:00,2026-09-25T13:46:05-05:00,2026-09-26,06:00 AM,0,1000,Ruta 2-A: Clásico Diseñada,600,600,0
2026-09-25T18:46:05+00:00,2026-09-25T13:46:05-05:00,2026-09-26,06:00 AM,0,1000,Ruta 2-B: Terraza Inferior,100,100,0
2026-09-25T18:46:05+00:00,2026-09-25T13:46:05-05:00,2026-09-26,06:00 AM,0,1000,Ruta 3-A: Montaña Waynapicchu,50,50,0
2026-09-25T18:46:05+00:00,2026-09-25T13:46:05-05:00,2026-09-26,06:00 AM,0,1000,Ruta 3-B: Realeza diseñada,100,100,0
2026-09-25T19:01:26+00:00,2026-09-25T14:01:26-05:00,2026-09-26,06:00 AM,0,1000,Ruta 1-A: Montaña Machupicchu,50,50,0
2026-09-25T19:01:26+00:00,2026-09-25T14:01:26-05:00,2026-09-26,06:00 AM,0,1000,Ruta 1-B: Terraza superior,100,100,0
2026-09-25T19:01:26+00:00,2026-09-25T14:01:26-05:00,2026-09-26,06:00 AM,0,1000,Ruta 2-A: Clásico Diseñada,600,600,0
2026-09-25T19:01:26+00:00,2026-09-25T14:01:26-05:00,2026-09-26,06:00 AM,0,1000,Ruta 2-B: Terraza Inferior,100,100,0
2026-09-25T19:01:26+00:00,2026-09-25T14:01:26-05:00,2026-09-26,06:00 AM,0,1000,Ruta 3-A: Montaña Waynapicchu,50,50,0
2026-09-25T19:01:26+00:00,2026-09-25T14:01:26-05:00,2026-09-26,06:00 AM,0,1000,Ruta 3-B: Realeza diseñada,100,100,0
2026-09-25T19:16:00+00:00,2026-09-25T14:16:00-05:00,2026-09-26,06:00 AM,0,1000,Ruta 1-A: Montaña Machupicchu,50,50,0
2026-09-25T19:16:00+00:00,2026-09-25T14:16:00-05:00,2026-09-26,06:00 AM,0,1000,Ruta 1-B: Terraza superior,100,100,0
2026-09-25T19:16:00+00:00,2026-09-25T14:16:00-05:00,2026-09-26,06:00 AM,0,1000,Ruta 2-A: Clásico Diseñada,600,600,0
2026-09-25T19:16:00+00:00,2026-09-25T14:16:00-05:00,2026-09-26,06:00 AM,0,1000,Ruta 2-B: Terraza Inferior,100,100,0
2026-09-25T19:16:00+00:00,2026-09-25T14:16:00-05:00,2026-09-26,06:00 AM,0,1000,Ruta 3-A: Montaña Waynapicchu,50,50,0
2026-09-25T19:16:00+00:00,2026-09-25T14:16:00-05:00,2026-09-26,06:00 AM,0,1000,Ruta 3-B: Realeza diseñada,100,100,0
2026-09-25T19:17:51+00:00,2026-09-25T14:17:51-05:00,2026-09-26,06:00 AM,0,1000,Ruta 1-A: Montaña Machupicchu,50,50,0
2026-09-25T19:17:51+00:00,2026-09-25T14:17:51-05:00,2026-09-26,06:00 AM,0,1000,Ruta 1-B: Terraza superior,100,100,0
2026-09-25T19:17:51+00:00,2026-09-25T14:17:51-05:00,2026-09-26,06:00 AM,0,1000,Ruta 2-A: Clásico Diseñada,600,600,0
2026-09-25T19:17:51+00:00,2026-09-25T14:17:51-05:00,2026-09-26,06:00 AM,0,1000,Ruta 2-B: Terraza Inferior,100,100,0
2026-09-25T19:17:51+00:00,2026-09-25T14:17:51-05:00,2026-09-26,06:00 AM,0,1000,Ruta 3-A: Montaña Waynapicchu,50,50,0
2026-09-25T19:17:51+00:00,2026-09-25T14:17:51-05:00,2026-09-26,06:00 AM,0,1000,Ruta 3-B: Realeza diseñada,100,100,0
2026-09-25T19:46:12+00:00,2026-09-25T14:46:12-05:00,2026-09-26,06:00 AM,0,1000,Ruta 1-A: Montaña Machupicchu,50,50,0
2026-09-25T19:46:12+00:00,2026-09-25T14:46:12-05:00,2026-09-26,06:00 AM,0,1000,Ruta 1-B: Terraza superior,100,100,0
2026-09-25T19:46:12+00:00,2026-09-25T14:46:12-05:00,2026-09-26,06:00 AM,0,1000,Ruta 2-A: Clásico Diseñada,600,600,0
2026-09-25T19:46:12+00:00,2026-09-25T14:46:12-05:00,2026-09-26,06:00 AM,0,1000,Ruta 2-B: Terraza Inferior,100,100,0
2026-09-25T19:46:12+00:00,2026-09-25T14:46:12-05:00,2026-09-26,06:00 AM,0,1000,Ruta 3-A: Montaña Waynapicchu,50,50,0
2026-09-25T19:46:12+00:00,2026-09-25T14:46:12-05:00,2026-09-26,06:00 AM,0,1000,Ruta 3-B: Realeza diseñada,100,100,0
2026-09-25T20:01:18+00:00,2026-09-25T15:01:18-05:00,2026-09-26,06:00 AM,0,1000,Ruta 1-A: Montaña Machupicchu,50,50,0
2026-09-25T20:01:18+00:00,2026-09-25T15:01:18-05:00,2026-09-26,06:00 AM,0,1000,Ruta 1-B: Terraza superior,100,100,0
2026-09-25T20:01:18+00:00,2026-09-25T15:01:18-05:00,2026-09-26,06:00 AM,0,1000,Ruta 2-A: Clásico Diseñada,600,600,0
2026-09-25T20:01:18+00:00,2026-09-25T15:01:18-05:00,2026-09-26,06:00 AM,0,1000,Ruta 2-B: Terraza Inferior,100,100,0
2026-09-25T20:01:18+00:00,2026-09-25T15:01:18-05:00,2026-09-26,06:00 AM,0,1000,Ruta 3-A: Montaña Waynapicchu,50,50,0
2026-09-25T20:01:18+00:00,2026-09-25T15:01:18-05:00,2026-09-26,06:00 AM,0,1000,Ruta 3-B: Realeza diseñada,100,100,0
2026-09-25T20:16:02+00:00,2026-09-25T15:16:02-05:00,2026-09-26,06:00 AM,0,1000,Ruta 1-A: Montaña Machupicchu,50,50,0
2026-09-25T20:16:02+00:00,2026-09-25T15:16:02-05:00,2026-09-26,06:00 AM,0,1000,Ruta 1-B: Terraza superior,100,100,0
2026-09-25T20:16:02+00:00,2026-09-25T15:16:02-05:00,2026-09-26,06:00 AM,0,1000,Ruta 2-A: Clásico Diseñada,600,600,0
2026-09-25T20:16:02+00:00,2026-09-25T15:16:02-05:00,2026-09-26,06:00 AM,0,1000,Ruta 2-B: Terraza Inferior,100,100,0
2026-09-25T20:16:02+00:00,2026-09-25T15:16:02-05:00,2026-09-26,06:00 AM,0,1000,Ruta 3-A: Montaña Waynapicchu,50,50,0
2026-09-25T20:16:02+00:00,2026-09-25T15:16:02-05:00,2026-09-26,06:00 AM,0,1000,Ruta 3-B: Realeza diseñada,100,100,0
2026-09-25T20:31:08+00:00,2026-09-25T15:31:08-05:00,2026-09-26,06:00 AM,0,1000,Ruta 1-A: Montaña Machupicchu,50,50,0
2026-09-25T20:31:08+00:00,2026-09-25T15:31:08-05:00,2026-09-26,06:00 AM,0,1000,Ruta 1-B: Terraza superior,100,100,0
2026-09-25T20:31:08+00:00,2026-09-25T15:31:08-05:00,2026-09-26,06:00 AM,0,1000,Ruta 2-A: Clásico Diseñada,600,600,0
2026-09-25T20:31:08+00:00,2026-09-25T15:31:08-05:00,2026-09-26,06:00 AM,0,1000,Ruta 2-B: Terraza Inferior,100,100,0
2026-09-25T20:31:08+00:00,2026-09-25T15:31:08-05:00,2026-09-26,06:00 AM,0,1000,Ruta 3-A: Montaña Waynapicchu,50,50,0
2026-09-25T20:31:08+00:00,2026-09-25T15:31:08-05:00,2026-09-26,06:00 AM,0,1000,Ruta 3-B: Realeza diseñada,100,100,0
2026-09-25T20:45:59+00:00,2026-09-25T15:45:59-05:00,2026-09-26,06:00 AM,0,1000,Ruta 1-A: Montaña Machupicchu,50,50,0
2026-09-25T20:45:59+00:00,2026-09-25T15:45:59-05:00,2026-09-26,06:00 AM,0,1000,Ruta 1-B: Terraza superior,100,100,0
2026-09-25T20:45:59+00:00,2026-09-25T15:45:59-05:00,2026-09-26,06:00 AM,0,1000,Ruta 2-A: Clásico Diseñada,600,600,0
2026-09-25T20:45:59+00:00,2026-09-25T15:45:59-05:00,2026-09-26,06:00 AM,0,1000,Ruta 2-B: Terraza Inferior,100,100,0
2026-09-25T20:45:59+00:00,2026-09-25T15:45:59-05:00,2026-09-26,06:00 AM,0,1000,Ruta 3-A: Montaña Waynapicchu,50,50,0
2026-09-25T20:45:59+00:00,2026-09-25T15:45:59-05:00,2026-09-26,06:00 AM,0,1000,Ruta 3-B: Realeza diseñada,100,100,0
2026-09-25T21:01:25+00:00,2026-09-25T16:01:25-05:00,2026-09-26,06:00 AM,0,1000,Ruta 1-A: Montaña Machupicchu,50,50,0
2026-09-25T21:01:25+00:00,2026-09-25T16:01:25-05:00,2026-09-26,06:00 AM,0,1000,Ruta 1-B: Terraza superior,100,100,0
2026-09-25T21:01:25+00:00,2026-09-25T16:01:25-05:00,2026-09-26,06:00 AM,0,1000,Ruta 2-A: Clásico Diseñada,600,600,0
2026-09-25T21:01:25+00:00,2026-09-25T16:01:25-05:00,2026-09-26,06:00 AM,0,1000,Ruta 2-B: Terraza Inferior,100,100,0
2026-09-25T21:01:25+00:00,2026-09-25T16:01:25-05:00,2026-09-26,06:00 AM,0,1000,Ruta 3-A: Montaña Waynapicchu,50,50,0
2026-09-25T21:01:25+00:00,2026-09-25T16:01:25-05:00,2026-09-26,06:00 AM,0,1000,Ruta 3-B: Realeza diseñada,100,100,0
2026-09-25T21:15:56+00:00,2026-09-25T16:15:56-05:00,2026-09-26,06:00 AM,0,1000,Ruta 1-A: Montaña Machupicchu,50,50,0
2026-09-25T21:15:56+00:00,2026-09-25T16:15:56-05:00,2026-09-26,06:00 AM,0,1000,Ruta 1-B: Terraza superior,100,100,0
2026-09-25T21:15:56+00:00,2026-09-25T16:15:56-05:00,2026-09-26,06:00 AM,0,1000,Ruta 2-A: Clásico Diseñada,600,600,0
2026-09-25T21:15:56+00:00,2026-09-25T16:15:56-05:00,2026-09-26,06:00 AM,0,1000,Ruta 2-B: Terraza Inferior,100,100,0
2026-09-25T21:15:56+00:00,2026-09-25T16:15:56-05:00,2026-09-26,06:00 AM,0,1000,Ruta 3-A: Montaña Waynapicchu,50,50,0
2026-09-25T21:15:56+00:00,2026-09-25T16:15:56-05:00,2026-09-26,06:00 AM,0,1000,Ruta 3-B: Realeza diseñada,100,100,0
2026-09-25T21:31:11+00:00,2026-09-25T16:31:11-05:00,2026-09-26,06:00 AM,0,1000,Ruta 1-A: Montaña Machupicchu,50,50,0
2026-09-25T21:31:11+00:00,2026-09-25T16:31:11-05:00,2026-09-26,06:00 AM,0,1000,Ruta 1-B: Terraza superior,100,100,0
2026-09-25T21:31:11+00:00,2026-09-25T16:31:11-05:00,2026-09-26,06:00 AM,0,1000,Ruta 2-A: Clásico Diseñada,600,600,0
2026-09-25T21:31:11+00:00,2026-09-25T16:31:11-05:00,2026-09-26,06:00 AM,0,1000,Ruta 2-B: Terraza Inferior,100,100,0
2026-09-25T21:31:11+00:00,2026-09-25T16:31:11-05:00,2026-09-26,06:00 AM,0,1000,Ruta 3-A: Montaña Waynapicchu,50,50,0
2026-09-25T21:31:11+00:00,2026-09-25T16:31:11-05:00,2026-09-26,06:00 AM,0,1000,Ruta 3-B: Realeza diseñada,100,100,0
2026-09-25T22:43:26+00:00,2026-09-25T17:43:26-05:00,2026-09-26,06:00 AM,0,1000,Ruta 1-A: Montaña Machupicchu,50,50,0
2026-09-25T22:43:26+00:00,2026-09-25T17:43:26-05:00,2026-09-26,06:00 AM,0,1000,Ruta 1-B: Terraza superior,100,100,0
2026-09-25T22:43:26+00:00,2026-09-25T17:43:26-05:00,2026-09-26,06:00 AM,0,1000,Ruta 2-A: Clásico Diseñada,600,600,0
2026-09-25T22:43:26+00:00,2026-09-25T17:43:26-05:00,2026-09-26,06:00 AM,0,1000,Ruta 2-B: Terraza Inferior,100,100,0
2026-09-25T22:43:26+00:00,2026-09-25T17:43:26-05:00,2026-09-26,06:00 AM,0,1000,Ruta 3-A: Montaña Waynapicchu,50,50,0
2026-09-25T22:43:26+00:00,2026-09-25T17:43:26-05:00,2026-09-26,06:00 AM,0,1000,Ruta 3-B: Realeza diseñada,100,100,0
2026-09-25T23:01:32+00:00,2026-09-25T18:01:32-05:00,2026-09-26,06:00 AM,0,1000,Ruta 1-A: Montaña Machupicchu,50,50,0
2026-09-25T23:01:32+00:00,2026-09-25T18:01:32-05:00,2026-09-26,06:00 AM,0,1000,Ruta 1-B: Terraza superior,100,100,0
2026-09-25T23:01:32+00:00,2026-09-25T18:01:32-05:00,2026-09-26,06:00 AM,0,1000,Ruta 2-A: Clásico Diseñada,600,600,0
2026-09-25T23:01:32+00:00,2026-09-25T18:01:32-05:00,2026-09-26,06:00 AM,0,1000,Ruta 2-B: Terraza Inferior,100,100,0
2026-09-25T23:01:32+00:00,2026-09-25T18:01:32-05:00,2026-09-26,06:00 AM,0,1000,Ruta 3-A: Montaña Waynapicchu,50,50,0
2026-09-25T23:01:32+00:00,2026-09-25T18:01:32-05:00,2026-09-26,06:00 AM,0,1000,Ruta 3-B: Realeza diseñada,100,100,0
2026-09-26T00:22:18+00:00,2026-09-25T19:22:18-05:00,2026-09-27,06:00 AM,670,330,Ruta 1-A: Montaña Machupicchu,50,5,45
2026-09-26T00:22:18+00:00,2026-09-25T19:22:18-05:00,2026-09-27,06:00 AM,670,330,Ruta 1-B: Terraza superior,100,2,98
2026-09-26T00:22:18+00:00,2026-09-25T19:22:18-05:00,2026-09-27,06:00 AM,670,330,Ruta 2-A: Clásico Diseñada,600,245,355
2026-09-26T00:22:18+00:00,2026-09-25T19:22:18-05:00,2026-09-27,06:00 AM,670,330,Ruta 2-B: Terraza Inferior,100,46,54
2026-09-26T00:22:18+00:00,2026-09-25T19:22:18-05:00,2026-09-27,06:00 AM,670,330,Ruta 3-A: Montaña Waynapicchu,50,20,30
2026-09-26T00:22:18+00:00,2026-09-25T19:22:18-05:00,2026-09-27,06:00 AM,670,330,Ruta 3-B: Realeza diseñada,100,1,99
2026-09-26T01:01:15+00:00,2026-09-25T20:01:15-05:00,2026-09-27,06:00 AM,637,363,Ruta 1-A: Montaña Machupicchu,50,5,45
2026-09-26T01:01:15+00:00,2026-09-25T20:01:15-05:00,2026-09-27,06:00 AM,637,363,Ruta 1-B: Terraza superior,100,16,84
2026-09-26T01:01:15+00:00,2026-09-25T20:01:15-05:00,2026-09-27,06:00 AM,637,363,Ruta 2-A: Clásico Diseñada,600,262,338
2026-09-26T01:01:15+00:00,2026-09-25T20:01:15-05:00,2026-09-27,06:00 AM,637,363,Ruta 2-B: Terraza Inferior,100,46,54
2026-09-26T01:01:15+00:00,2026-09-25T20:01:15-05:00,2026-09-27,06:00 AM,637,363,Ruta 3-A: Montaña Waynapicchu,50,22,28
2026-09-26T01:01:15+00:00,2026-09-25T20:01:15-05:00,2026-09-27,06:00 AM,637,363,Ruta 3-B: Realeza diseñada,100,2,98
2026-09-26T02:11:05+00:00,2026-09-25T21:11:05-05:00,2026-09-27,06:00 AM,627,373,Ruta 1-A: Montaña Machupicchu,50,5,45
2026-09-26T02:11:05+00:00,2026-09-25T21:11:05-05:00,2026-09-27,06:00 AM,627,373,Ruta 1-B: Terraza superior,100,16,84
2026-09-26T02:11:05+00:00,2026-09-25T21:11:05-05:00,2026-09-27,06:00 AM,627,373,Ruta 2-A: Clásico Diseñada,600,276,324
2026-09-26T02:11:05+00:00,2026-09-25T21:11:05-05:00,2026-09-27,06:00 AM,627,373,Ruta 2-B: Terraza Inferior,100,47,53
2026-09-26T02:11:05+00:00,2026-09-25T21:11:05-05:00,2026-09-27,06:00 AM,627,373,Ruta 3-A: Montaña Waynapicchu,50,22,28
2026-09-26T02:11:05+00:00,2026-09-25T21:11:05-05:00,2026-09-27,06:00 AM,627,373,Ruta 3-B: Realeza diseñada,100,2,98
2026-09-26T03:01:24+00:00,2026-09-25T22:01:24-05:00,2026-09-27,06:00 AM,513,487,Ruta 1-A: Montaña Machupicchu,50,5,45
2026-09-26T03:01:24+00:00,2026-09-25T22:01:24-05:00,2026-09-27,06:00 AM,513,487,Ruta 1-B: Terraza superior,100,16,84
2026-09-26T03:01:24+00:00,2026-09-25T22:01:24-05:00,2026-09-27,06:00 AM,513,487,Ruta 2-A: Clásico Diseñada,600,377,223
2026-09-26T03:01:24+00:00,2026-09-25T22:01:24-05:00,2026-09-27,06:00 AM,513,487,Ruta 2-B: Terraza Inferior,100,59,41
2026-09-26T03:01:24+00:00,2026-09-25T22:01:24-05:00,2026-09-27,06:00 AM,513,487,Ruta 3-A: Montaña Waynapicchu,50,22,28
2026-09-26T03:01:24+00:00,2026-09-25T22:01:24-05:00,2026-09-27,06:00 AM,513,487,Ruta 3-B: Realeza diseñada,100,2,98
2026-09-26T05:01:23+00:00,2026-09-26T00:01:23-05:00,2026-09-27,06:00 AM,513,487,Ruta 1-A: Montaña Machupicchu,50,5,45
2026-09-26T05:01:23+00:00,2026-09-26T00:01:23-05:00,2026-09-27,06:00 AM,513,487,Ruta 1-B: Terraza superior,100,16,84
2026-09-26T05:01:23+00:00,2026-09-26T00:01:23-05:00,2026-09-27,06:00 AM,513,487,Ruta 2-A: Clásico Diseñada,600,377,223
2026-09-26T05:01:23+00:00,2026-09-26T00:01:23-05:00,2026-09-27,06:00 AM,513,487,Ruta 2-B: Terraza Inferior,100,60,40
2026-09-26T05:01:23+00:00,2026-09-26T00:01:23-05:00,2026-09-27,06:00 AM,513,487,Ruta 3-A: Montaña Waynapicchu,50,22,28
2026-09-26T05:01:23+00:00,2026-09-26T00:01:23-05:00,2026-09-27,06:00 AM,513,487,Ruta 3-B: Realeza diseñada,100,2,98
2026-09-26T07:01:43+00:00,2026-09-26T02:01:43-05:00,2026-09-27,06:00 AM,513,487,Ruta 1-A: Montaña Machupicchu,50,5,45
2026-09-26T07:01:43+00:00,2026-09-26T02:01:43-05:00,2026-09-27,06:00 AM,513,487,Ruta 1-B: Terraza superior,100,16,84
2026-09-26T07:01:43+00:00,2026-09-26T02:01:43-05:00,2026-09-27,06:00 AM,513,487,Ruta 2-A: Clásico Diseñada,600,377,223
2026-09-26T07:01:43+00:00,2026-09-26T02:01:43-05:00,2026-09-27,06:00 AM,513,487,Ruta 2-B: Terraza Inferior,100,60,40
2026-09-26T07:01:43+00:00,2026-09-26T02:01:43-05:00,2026-09-27,06:00 AM,513,487,Ruta 3-A: Montaña Waynapicchu,50,22,28
2026-09-26T07:01:43+00:00,2026-09-26T02:01:43-05:00,2026-09-27,06:00 AM,513,487,Ruta 3-B: Realeza diseñada,100,2,98
2026-09-26T09:01:36+00:00,2026-09-26T04:01:36-05:00,2026-09-27,06:00 AM,513,487,Ruta 1-A: Montaña Machupicchu,50,5,45
2026-09-26T09:01:36+00:00,2026-09-26T04:01:36-05:00,2026-09-27,06:00 AM,513,487,Ruta 1-B: Terraza superior,100,16,84
2026-09-26T09:01:36+00:00,2026-09-26T04:01:36-05:00,2026-09-27,06:00 AM,513,487,Ruta 2-A: Clásico Diseñada,600,377,223
2026-09-26T09:01:36+00:00,2026-09-26T04:01:36-05:00,2026-09-27,06:00 AM,513,487,Ruta 2-B: Terraza Inferior,100,60,40
2026-09-26T09:01:36+00:00,2026-09-26T04:01:36-05:00,2026-09-27,06:00 AM,513,487,Ruta 3-A: Montaña Waynapicchu,50,22,28
2026-09-26T09:01:36+00:00,2026-09-26T04:01:36-05:00,2026-09-27,06:00 AM,513,487,Ruta 3-B: Realeza diseñada,100,2,98
2026-09-26T09:15:49+00:00,2026-09-26T04:15:49-05:00,2026-09-27,06:00 AM,513,487,Ruta 1-A: Montaña Machupicchu,50,5,45
2026-09-26T09:15:49+00:00,2026-09-26T04:15:49-05:00,2026-09-27,06:00 AM,513,487,Ruta 1-B: Terraza superior,100,16,84
2026-09-26T09:15:49+00:00,2026-09-26T04:15:49-05:00,2026-09-27,06:00 AM,513,487,Ruta 2-A: Clásico Diseñada,600,377,223
2026-09-26T09:15:49+00:00,2026-09-26T04:15:49-05:00,2026-09-27,06:00 AM,513,487,Ruta 2-B: Terraza Inferior,100,60,40
2026-09-26T09:15:49+00:00,2026-09-26T04:15:49-05:00,2026-09-27,06:00 AM,513,487,Ruta 3-A: Montaña Waynapicchu,50,22,28
2026-09-26T09:15:49+00:00,2026-09-26T04:15:49-05:00,2026-09-27,06:00 AM,513,487,Ruta 3-B: Realeza diseñada,100,2,98
2026-09-26T09:46:12+00:00,2026-09-26T04:46:12-05:00,2026-09-27,06:00 AM,513,487,Ruta 1-A: Montaña Machupicchu,50,5,45
2026-09-26T09:46:12+00:00,2026-09-26T04:46:12-05:00,2026-09-27,06:00 AM,513,487,Ruta 1-B: Terraza superior,100,16,84
2026-09-26T09:46:12+00:00,2026-09-26T04:46:12-05:00,2026-09-27,06:00 AM,513,487,Ruta 2-A: Clásico Diseñada,600,377,223
2026-09-26T09:46:12+00:00,2026-09-26T04:46:12-05:00,2026-09-27,06:00 AM,513,487,Ruta 2-B: Terraza Inferior,100,60,40
2026-09-26T09:46:12+00:00,2026-09-26T04:46:12-05:00,2026-09-27,06:00 AM,513,487,Ruta 3-A: Montaña Waynapicchu,50,22,28
2026-09-26T09:46:12+00:00,2026-09-26T04:46:12-05:00,2026-09-27,06:00 AM,513,487,Ruta 3-B: Realeza diseñada,100,2,98
2026-09-26T10:01:36+00:00,2026-09-26T05:01:36-05:00,2026-09-27,06:00 AM,513,487,Ruta 1-A: Montaña Machupicchu,50,5,45
2026-09-26T10:01:36+00:00,2026-09-26T05:01:36-05:00,2026-09-27,06:00 AM,513,487,Ruta 1-B: Terraza superior,100,16,84
2026-09-26T10:01:36+00:00,2026-09-26T05:01:36-05:00,2026-09-27,06:00 AM,513,487,Ruta 2-A: Clásico Diseñada,600,377,223
2026-09-26T10:01:36+00:00,2026-09-26T05:01:36-05:00,2026-09-27,06:00 AM,513,487,Ruta 2-B: Terraza Inferior,100,60,40
2026-09-26T10:01:36+00:00,2026-09-26T05:01:36-05:00,2026-09-27,06:00 AM,513,487,Ruta 3-A: Montaña Waynapicchu,50,22,28
2026-09-26T10:01:36+00:00,2026-09-26T05:01:36-05:00,2026-09-27,06:00 AM,513,487,Ruta 3-B: Realeza diseñada,100,2,98
2026-09-26T10:31:04+00:00,2026-09-26T05:31:04-05:00,2026-09-27,06:00 AM,513,487,Ruta 1-A: Montaña Machupicchu,50,5,45
2026-09-26T10:31:04+00:00,2026-09-26T05:31:04-05:00,2026-09-27,06:00 AM,513,487,Ruta 1-B: Terraza superior,100,16,84
2026-09-26T10:31:04+00:00,2026-09-26T05:31:04-05:00,2026-09-27,06:00 AM,513,487,Ruta 2-A: Clásico Diseñada,600,377,223
2026-09-26T10:31:04+00:00,2026-09-26T05:31:04-05:00,2026-09-27,06:00 AM,513,487,Ruta 2-B: Terraza Inferior,100,60,40
2026-09-26T10:31:04+00:00,2026-09-26T05:31:04-05:00,2026-09-27,06:00 AM,513,487,Ruta 3-A: Montaña Waynapicchu,50,22,28
2026-09-26T10:31:04+00:00,2026-09-26T05:31:04-05:00,2026-09-27,06:00 AM,513,487,Ruta 3-B: Realeza diseñada,100,2,98
2026-09-26T10:46:04+00:00,2026-09-26T05:46:04-05:00,2026-09-27,06:00 AM,513,487,Ruta 1-A: Montaña Machupicchu,50,5,45
2026-09-26T10:46:04+00:00,2026-09-26T05:46:04-05:00,2026-09-27,06:00 AM,513,487,Ruta 1-B: Terraza superior,100,16,84
2026-09-26T10:46:04+00:00,2026-09-26T05:46:04-05:00,2026-09-27,06:00 AM,513,487,Ruta 2-A: Clásico Diseñada,600,377,223
2026-09-26T10:46:04+00:00,2026-09-26T05:46:04-05:00,2026-09-27,06:00 AM,513,487,Ruta 2-B: Terraza Inferior,100,60,40
2026-09-26T10:46:04+00:00,2026-09-26T05:46:04-05:00,2026-09-27,06:00 AM,513,487,Ruta 3-A: Montaña Waynapicchu,50,22,28
2026-09-26T10:46:04+00:00,2026-09-26T05:46:04-05:00,2026-09-27,06:00 AM,513,487,Ruta 3-B: Realeza diseñada,100,2,98
2026-09-26T11:01:20+00:00,2026-09-26T06:01:20-05:00,2026-09-27,06:00 AM,513,487,Ruta 1-A: Montaña Machupicchu,50,5,45
2026-09-26T11:01:20+00:00,2026-09-26T06:01:20-05:00,2026-09-27,06:00 AM,513,487,Ruta 1-B: Terraza superior,100,16,84
2026-09-26T11:01:20+00:00,2026-09-26T06:01:20-05:00,2026-09-27,06:00 AM,513,487,Ruta 2-A: Clásico Diseñada,600,377,223
2026-09-26T11:01:20+00:00,2026-09-26T06:01:20-05:00,2026-09-27,06:00 AM,513,487,Ruta 2-B: Terraza Inferior,100,60,40
2026-09-26T11:01:20+00:00,2026-09-26T06:01:20-05:00,2026-09-27,06:00 AM,513,487,Ruta 3-A: Montaña Waynapicchu,50,22,28
2026-09-26T11:01:20+00:00,2026-09-26T06:01:20-05:00,2026-09-27,06:00 AM,513,487,Ruta 3-B: Realeza diseñada,100,2,98
2026-09-26T11:15:52+00:00,2026-09-26T06:15:52-05:00,2026-09-27,06:00 AM,444,556,Ruta 1-A: Montaña Machupicchu,50,5,45
2026-09-26T11:15:52+00:00,2026-09-26T06:15:52-05:00,2026-09-27,06:00 AM,444,556,Ruta 1-B: Terraza superior,100,17,83
2026-09-26T11:15:52+00:00,2026-09-26T06:15:52-05:00,2026-09-27,06:00 AM,444,556,Ruta 2-A: Clásico Diseñada,600,392,208
2026-09-26T11:15:52+00:00,2026-09-26T06:15:52-05:00,2026-09-27,06:00 AM,444,556,Ruta 2-B: Terraza Inferior,100,69,31
2026-09-26T11:15:52+00:00,2026-09-26T06:15:52-05:00,2026-09-27,06:00 AM,444,556,Ruta 3-A: Montaña Waynapicchu,50,22,28
2026-09-26T11:15:52+00:00,2026-09-26T06:15:52-05:00,2026-09-27,06:00 AM,444,556,Ruta 3-B: Realeza diseñada,100,2,98
2026-09-26T11:31:07+00:00,2026-09-26T06:31:07-05:00,2026-09-27,06:00 AM,441,559,Ruta 1-A: Montaña Machupicchu,50,5,45
2026-09-26T11:31:07+00:00,2026-09-26T06:31:07-05:00,2026-09-27,06:00 AM,441,559,Ruta 1-B: Terraza superior,100,17,83
2026-09-26T11:31:07+00:00,2026-09-26T06:31:07-05:00,2026-09-27,06:00 AM,441,559,Ruta 2-A: Clásico Diseñada,600,420,180
2026-09-26T11:31:07+00:00,2026-09-26T06:31:07-05:00,2026-09-27,06:00 AM,441,559,Ruta 2-B: Terraza Inferior,100,73,27
2026-09-26T11:31:07+00:00,2026-09-26T06:31:07-05:00,2026-09-27,06:00 AM,441,559,Ruta 3-A: Montaña Waynapicchu,50,22,28
2026-09-26T11:31:07+00:00,2026-09-26T06:31:07-05:00,2026-09-27,06:00 AM,441,559,Ruta 3-B: Realeza diseñada,100,6,94
2026-09-26T11:46:02+00:00,2026-09-26T06:46:02-05:00,2026-09-27,06:00 AM,441,559,Ruta 1-A: Montaña Machupicchu,50,5,45
2026-09-26T11:46:02+00:00,2026-09-26T06:46:02-05:00,2026-09-27,06:00 AM,441,559,Ruta 1-B: Terraza superior,100,17,83
2026-09-26T11:46:02+00:00,2026-09-26T06:46:02-05:00,2026-09-27,06:00 AM,441,559,Ruta 2-A: Clásico Diseñada,600,428,172
2026-09-26T11:46:02+00:00,2026-09-26T06:46:02-05:00,2026-09-27,06:00 AM,441,559,Ruta 2-B: Terraza Inferior,100,73,27
2026-09-26T11:46:02+00:00,2026-09-26T06:46:02-05:00,2026-09-27,06:00 AM,441,559,Ruta 3-A: Montaña Waynapicchu,50,24,26
2026-09-26T11:46:02+00:00,2026-09-26T06:46:02-05:00,2026-09-27,06:00 AM,441,559,Ruta 3-B: Realeza diseñada,100,7,93
2026-09-26T12:01:37+00:00,2026-09-26T07:01:37-05:00,2026-09-27,06:00 AM,382,618,Ruta 1-A: Montaña Machupicchu,50,5,45
2026-09-26T12:01:37+00:00,2026-09-26T07:01:37-05:00,2026-09-27,06:00 AM,382,618,Ruta 1-B: Terraza superior,100,17,83
2026-09-26T12:01:37+00:00,2026-09-26T07:01:37-05:00,2026-09-27,06:00 AM,382,618,Ruta 2-A: Clásico Diseñada,600,443,157
2026-09-26T12:01:37+00:00,2026-09-26T07:01:37-05:00,2026-09-27,06:00 AM,382,618,Ruta 2-B: Terraza Inferior,100,73,27
2026-09-26T12:01:37+00:00,2026-09-26T07:01:37-05:00,2026-09-27,06:00 AM,382,618,Ruta 3-A: Montaña Waynapicchu,50,32,18
2026-09-26T12:01:37+00:00,2026-09-26T07:01:37-05:00,2026-09-27,06:00 AM,382,618,Ruta 3-B: Realeza diseñada,100,14,86
2026-09-26T12:15:57+00:00,2026-09-26T07:15:57-05:00,2026-09-27,06:00 AM,352,648,Ruta 1-A: Montaña Machupicchu,50,5,45
2026-09-26T12:15:57+00:00,2026-09-26T07:15:57-05:00,2026-09-27,06:00 AM,352,648,Ruta 1-B: Terraza superior,100,17,83
2026-09-26T12:15:57+00:00,2026-09-26T07:15:57-05:00,2026-09-27,06:00 AM,352,648,Ruta 2-A: Clásico Diseñada,600,469,131
2026-09-26T12:15:57+00:00,2026-09-26T07:15:57-05:00,2026-09-27,06:00 AM,352,648,Ruta 2-B: Terraza Inferior,100,86,14
2026-09-26T12:15:57+00:00,2026-09-26T07:15:57-05:00,2026-09-27,06:00 AM,352,648,Ruta 3-A: Montaña Waynapicchu,50,32,18
2026-09-26T12:15:57+00:00,2026-09-26T07:15:57-05:00,2026-09-27,06:00 AM,352,648,Ruta 3-B: Realeza diseñada,100,14,86
2026-09-26T12:31:08+00:00,2026-09-26T07:31:08-05:00,2026-09-27,06:00 AM,352,648,Ruta 1-A: Montaña Machupicchu,50,5,45
2026-09-26T12:31:08+00:00,2026-09-26T07:31:08-05:00,2026-09-27,06:00 AM,352,648,Ruta 1-B: Terraza superior,100,17,83
2026-09-26T12:31:08+00:00,2026-09-26T07:31:08-05:00,2026-09-27,06:00 AM,352,648,Ruta 2-A: Clásico Diseñada,600,485,115
2026-09-26T12:31:08+00:00,2026-09-26T07:31:08-05:00,2026-09-27,06:00 AM,352,648,Ruta 2-B: Terraza Inferior,100,89,11
2026-09-26T12:31:08+00:00,2026-09-26T07:31:08-05:00,2026-09-27,06:00 AM,352,648,Ruta 3-A: Montaña Waynapicchu,50,32,18
2026-09-26T12:31:08+00:00,2026-09-26T07:31:08-05:00,2026-09-27,06:00 AM,352,648,Ruta 3-B: Realeza diseñada,100,14,86
2026-09-26T12:45:54+00:00,2026-09-26T07:45:54-05:00,2026-09-27,06:00 AM,352,648,Ruta 1-A: Montaña Machupicchu,50,5,45
2026-09-26T12:45:54+00:00,2026-09-26T07:45:54-05:00,2026-09-27,06:00 AM,352,648,Ruta 1-B: Terraza superior,100,17,83
2026-09-26T12:45:54+00:00,2026-09-26T07:45:54-05:00,2026-09-27,06:00 AM,352,648,Ruta 2-A: Clásico Diseñada,600,485,115
2026-09-26T12:45:54+00:00,2026-09-26T07:45:54-05:00,2026-09-27,06:00 AM,352,648,Ruta 2-B: Terraza Inferior,100,89,11
2026-09-26T12:45:54+00:00,2026-09-26T07:45:54-05:00,2026-09-27,06:00 AM,352,648,Ruta 3-A: Montaña Waynapicchu,50,32,18
2026-09-26T12:45:54+00:00,2026-09-26T07:45:54-05:00,2026-09-27,06:00 AM,352,648,Ruta 3-B: Realeza diseñada,100,14,86
2026-09-26T13:01:19+00:00,2026-09-26T08:01:19-05:00,2026-09-27,06:00 AM,351,649,Ruta 1-A: Montaña Machupicchu,50,5,45
2026-09-26T13:01:19+00:00,2026-09-26T08:01:19-05:00,2026-09-27,06:00 AM,351,649,Ruta 1-B: Terraza superior,100,17,83
2026-09-26T13:01:19+00:00,2026-09-26T08:01:19-05:00,2026-09-27,06:00 AM,351,649,Ruta 2-A: Clásico Diseñada,600,485,115
2026-09-26T13:01:19+00:00,2026-09-26T08:01:19-05:00,2026-09-27,06:00 AM,351,649,Ruta 2-B: Terraza Inferior,100,89,11
2026-09-26T13:01:19+00:00,2026-09-26T08:01:19-05:00,2026-09-27,06:00 AM,351,649,Ruta 3-A: Montaña Waynapicchu,50,32,18
2026-09-26T13:01:19+00:00,2026-09-26T08:01:19-05:00,2026-09-27,06:00 AM,351,649,Ruta 3-B: Realeza diseñada,100,14,86
2026-09-26T13:16:01+00:00,2026-09-26T08:16:01-05:00,2026-09-27,06:00 AM,347,653,Ruta 1-A: Montaña Machupicchu,50,5,45
2026-09-26T13:16:01+00:00,2026-09-26T08:16:01-05:00,2026-09-27,06:00 AM,347,653,Ruta 1-B: Terraza superior,100,17,83
2026-09-26T13:16:01+00:00,2026-09-26T08:16:01-05:00,2026-09-27,06:00 AM,347,653,Ruta 2-A: Clásico Diseñada,600,486,114
2026-09-26T13:16:01+00:00,2026-09-26T08:16:01-05:00,2026-09-27,06:00 AM,347,653,Ruta 2-B: Terraza Inferior,100,89,11
2026-09-26T13:16:01+00:00,2026-09-26T08:16:01-05:00,2026-09-27,06:00 AM,347,653,Ruta 3-A: Montaña Waynapicchu,50,32,18
2026-09-26T13:16:01+00:00,2026-09-26T08:16:01-05:00,2026-09-27,06:00 AM,347,653,Ruta 3-B: Realeza diseñada,100,14,86
2026-09-26T13:31:08+00:00,2026-09-26T08:31:08-05:00,2026-09-27,06:00 AM,304,696,Ruta 1-A: Montaña Machupicchu,50,5,45
2026-09-26T13:31:08+00:00,2026-09-26T08:31:08-05:00,2026-09-27,06:00 AM,304,696,Ruta 1-B: Terraza superior,100,17,83
2026-09-26T13:31:08+00:00,2026-09-26T08:31:08-05:00,2026-09-27,06:00 AM,304,696,Ruta 2-A: Clásico Diseñada,600,511,89
2026-09-26T13:31:08+00:00,2026-09-26T08:31:08-05:00,2026-09-27,06:00 AM,304,696,Ruta 2-B: Terraza Inferior,100,90,10
2026-09-26T13:31:08+00:00,2026-09-26T08:31:08-05:00,2026-09-27,06:00 AM,304,696,Ruta 3-A: Montaña Waynapicchu,50,32,18
2026-09-26T13:31:08+00:00,2026-09-26T08:31:08-05:00,2026-09-27,06:00 AM,304,696,Ruta 3-B: Realeza diseñada,100,15,85
2026-09-26T13:46:02+00:00,2026-09-26T08:46:02-05:00,2026-09-27,06:00 AM,244,756,Ruta 1-A: Montaña Machupicchu,50,5,45
2026-09-26T13:46:02+00:00,2026-09-26T08:46:02-05:00,2026-09-27,06:00 AM,244,756,Ruta 1-B: Terraza superior,100,18,82
2026-09-26T13:46:02+00:00,2026-09-26T08:46:02-05:00,2026-09-27,06:00 AM,244,756,Ruta 2-A: Clásico Diseñada,600,533,67
2026-09-26T13:46:02+00:00,2026-09-26T08:46:02-05:00,2026-09-27,06:00 AM,244,756,Ruta 2-B: Terraza Inferior,100,91,9
2026-09-26T13:46:02+00:00,2026-09-26T08:46:02-05:00,2026-09-27,06:00 AM,244,756,Ruta 3-A: Montaña Waynapicchu,50,36,14
2026-09-26T13:46:02+00:00,2026-09-26T08:46:02-05:00,2026-09-27,06:00 AM,244,756,Ruta 3-B: Realeza diseñada,100,17,83
2026-09-26T14:01:18+00:00,2026-09-26T09:01:18-05:00,2026-09-27,06:00 AM,229,771,Ruta 1-A: Montaña Machupicchu,50,5,45
2026-09-26T14:01:18+00:00,2026-09-26T09:01:18-05:00,2026-09-27,06:00 AM,229,771,Ruta 1-B: Terraza superior,100,18,82
2026-09-26T14:01:18+00:00,2026-09-26T09:01:18-05:00,2026-09-27,06:00 AM,229,771,Ruta 2-A: Clásico Diseñada,600,553,47
2026-09-26T14:01:18+00:00,2026-09-26T09:01:18-05:00,2026-09-27,06:00 AM,229,771,Ruta 2-B: Terraza Inferior,100,97,3
2026-09-26T14:01:18+00:00,2026-09-26T09:01:18-05:00,2026-09-27,06:00 AM,229,771,Ruta 3-A: Montaña Waynapicchu,50,36,14
2026-09-26T14:01:18+00:00,2026-09-26T09:01:18-05:00,2026-09-27,06:00 AM,229,771,Ruta 3-B: Realeza diseñada,100,19,81
2026-09-26T14:19:22+00:00,2026-09-26T09:19:22-05:00,2026-09-27,06:00 AM,219,781,Ruta 1-A: Montaña Machupicchu,50,5,45
2026-09-26T14:19:22+00:00,2026-09-26T09:19:22-05:00,2026-09-27,06:00 AM,219,781,Ruta 1-B: Terraza superior,100,18,82
2026-09-26T14:19:22+00:00,2026-09-26T09:19:22-05:00,2026-09-27,06:00 AM,219,781,Ruta 2-A: Clásico Diseñada,600,579,21
2026-09-26T14:19:22+00:00,2026-09-26T09:19:22-05:00,2026-09-27,06:00 AM,219,781,Ruta 2-B: Terraza Inferior,100,99,1
2026-09-26T14:19:22+00:00,2026-09-26T09:19:22-05:00,2026-09-27,06:00 AM,219,781,Ruta 3-A: Montaña Waynapicchu,50,36,14
2026-09-26T14:19:22+00:00,2026-09-26T09:19:22-05:00,2026-09-27,06:00 AM,219,781,Ruta 3-B: Realeza diseñada,100,22,78
2026-09-26T14:31:05+00:00,2026-09-26T09:31:05-05:00,2026-09-27,06:00 AM,213,787,Ruta 1-A: Montaña Machupicchu,50,5,45
2026-09-26T14:31:05+00:00,2026-09-26T09:31:05-05:00,2026-09-27,06:00 AM,213,787,Ruta 1-B: Terraza superior,100,22,78
2026-09-26T14:31:05+00:00,2026-09-26T09:31:05-05:00,2026-09-27,06:00 AM,213,787,Ruta 2-A: Clásico Diseñada,600,579,21
2026-09-26T14:31:05+00:00,2026-09-26T09:31:05-05:00,2026-09-27,06:00 AM,213,787,Ruta 2-B: Terraza Inferior,100,99,1
2026-09-26T14:31:05+00:00,2026-09-26T09:31:05-05:00,2026-09-27,06:00 AM,213,787,Ruta 3-A: Montaña Waynapicchu,50,36,14
2026-09-26T14:31:05+00:00,2026-09-26T09:31:05-05:00,2026-09-27,06:00 AM,213,787,Ruta 3-B: Realeza diseñada,100,26,74
2026-09-26T14:46:04+00:00,2026-09-26T09:46:04-05:00,2026-09-27,06:00 AM,203,797,Ruta 1-A: Montaña Machupicchu,50,5,45
2026-09-26T14:46:04+00:00,2026-09-26T09:46:04-05:00,2026-09-27,06:00 AM,203,797,Ruta 1-B: Terraza superior,100,23,77
2026-09-26T14:46:04+00:00,2026-09-26T09:46:04-05:00,2026-09-27,06:00 AM,203,797,Ruta 2-A: Clásico Diseñada,600,583,17
2026-09-26T14:46:04+00:00,2026-09-26T09:46:04-05:00,2026-09-27,06:00 AM,203,797,Ruta 2-B: Terraza Inferior,100,99,1
2026-09-26T14:46:04+00:00,2026-09-26T09:46:04-05:00,2026-09-27,06:00 AM,203,797,Ruta 3-A: Montaña Waynapicchu,50,36,14
2026-09-26T14:46:04+00:00,2026-09-26T09:46:04-05:00,2026-09-27,06:00 AM,203,797,Ruta 3-B: Realeza diseñada,100,29,71
2026-09-26T15:01:20+00:00,2026-09-26T10:01:20-05:00,2026-09-27,06:00 AM,182,818,Ruta 1-A: Montaña Machupicchu,50,5,45
2026-09-26T15:01:20+00:00,2026-09-26T10:01:20-05:00,2026-09-27,06:00 AM,182,818,Ruta 1-B: Terraza superior,100,23,77
2026-09-26T15:01:20+00:00,2026-09-26T10:01:20-05:00,2026-09-27,06:00 AM,182,818,Ruta 2-A: Clásico Diseñada,600,585,15
2026-09-26T15:01:20+00:00,2026-09-26T10:01:20-05:00,2026-09-27,06:00 AM,182,818,Ruta 2-B: Terraza Inferior,100,99,1
2026-09-26T15:01:20+00:00,2026-09-26T10:01:20-05:00,2026-09-27,06:00 AM,182,818,Ruta 3-A: Montaña Waynapicchu,50,36,14
2026-09-26T15:01:20+00:00,2026-09-26T10:01:20-05:00,2026-09-27,06:00 AM,182,818,Ruta 3-B: Realeza diseñada,100,31,69
2026-09-26T15:16:01+00:00,2026-09-26T10:16:01-05:00,2026-09-27,06:00 AM,180,820,Ruta 1-A: Montaña Machupicchu,50,5,45
2026-09-26T15:16:01+00:00,2026-09-26T10:16:01-05:00,2026-09-27,06:00 AM,180,820,Ruta 1-B: Terraza superior,100,23,77
2026-09-26T15:16:01+00:00,2026-09-26T10:16:01-05:00,2026-09-27,06:00 AM,180,820,Ruta 2-A: Clásico Diseñada,600,587,13
2026-09-26T15:16:01+00:00,2026-09-26T10:16:01-05:00,2026-09-27,06:00 AM,180,820,Ruta 2-B: Terraza Inferior,100,99,1
2026-09-26T15:16:01+00:00,2026-09-26T10:16:01-05:00,2026-09-27,06:00 AM,180,820,Ruta 3-A: Montaña Waynapicchu,50,36,14
2026-09-26T15:16:01+00:00,2026-09-26T10:16:01-05:00,2026-09-27,06:00 AM,180,820,Ruta 3-B: Realeza diseñada,100,31,69
2026-09-26T15:31:11+00:00,2026-09-26T10:31:11-05:00,2026-09-27,06:00 AM,180,820,Ruta 1-A: Montaña Machupicchu,50,5,45
2026-09-26T15:31:11+00:00,2026-09-26T10:31:11-05:00,2026-09-27,06:00 AM,180,820,Ruta 1-B: Terraza superior,100,25,75
2026-09-26T15:31:11+00:00,2026-09-26T10:31:11-05:00,2026-09-27,06:00 AM,180,820,Ruta 2-A: Clásico Diseñada,600,587,13
2026-09-26T15:31:11+00:00,2026-09-26T10:31:11-05:00,2026-09-27,06:00 AM,180,820,Ruta 2-B: Terraza Inferior,100,99,1
2026-09-26T15:31:11+00:00,2026-09-26T10:31:11-05:00,2026-09-27,06:00 AM,180,820,Ruta 3-A: Montaña Waynapicchu,50,36,14
2026-09-26T15:31:11+00:00,2026-09-26T10:31:11-05:00,2026-09-27,06:00 AM,180,820,Ruta 3-B: Realeza diseñada,100,41,59
2026-09-26T15:45:57+00:00,2026-09-26T10:45:57-05:00,2026-09-27,06:00 AM,167,833,Ruta 1-A: Montaña Machupicchu,50,5,45
2026-09-26T15:45:57+00:00,2026-09-26T10:45:57-05:00,2026-09-27,06:00 AM,167,833,Ruta 1-B: Terraza superior,100,25,75
2026-09-26T15:45:57+00:00,2026-09-26T10:45:57-05:00,2026-09-27,06:00 AM,167,833,Ruta 2-A: Clásico Diseñada,600,587,13
2026-09-26T15:45:57+00:00,2026-09-26T10:45:57-05:00,2026-09-27,06:00 AM,167,833,Ruta 2-B: Terraza Inferior,100,99,1
2026-09-26T15:45:57+00:00,2026-09-26T10:45:57-05:00,2026-09-27,06:00 AM,167,833,Ruta 3-A: Montaña Waynapicchu,50,36,14
2026-09-26T15:45:57+00:00,2026-09-26T10:45:57-05:00,2026-09-27,06:00 AM,167,833,Ruta 3-B: Realeza diseñada,100,47,53
2026-09-26T16:01:27+00:00,2026-09-26T11:01:27-05:00,2026-09-27,06:00 AM,161,839,Ruta 1-A: Montaña Machupicchu,50,5,45
2026-09-26T16:01:27+00:00,2026-09-26T11:01:27-05:00,2026-09-27,06:00 AM,161,839,Ruta 1-B: Terraza superior,100,25,75
2026-09-26T16:01:27+00:00,2026-09-26T11:01:27-05:00,2026-09-27,06:00 AM,161,839,Ruta 2-A: Clásico Diseñada,600,590,10
2026-09-26T16:01:27+00:00,2026-09-26T11:01:27-05:00,2026-09-27,06:00 AM,161,839,Ruta 2-B: Terraza Inferior,100,99,1
2026-09-26T16:01:27+00:00,2026-09-26T11:01:27-05:00,2026-09-27,06:00 AM,161,839,Ruta 3-A: Montaña Waynapicchu,50,38,12
2026-09-26T16:01:27+00:00,2026-09-26T11:01:27-05:00,2026-09-27,06:00 AM,161,839,Ruta 3-B: Realeza diseñada,100,61,39
2026-09-26T16:15:55+00:00,2026-09-26T11:15:55-05:00,2026-09-27,06:00 AM,157,843,Ruta 1-A: Montaña Machupicchu,50,5,45
2026-09-26T16:15:55+00:00,2026-09-26T11:15:55-05:00,2026-09-27,06:00 AM,157,843,Ruta 1-B: Terraza superior,100,25,75
2026-09-26T16:15:55+00:00,2026-09-26T11:15:55-05:00,2026-09-27,06:00 AM,157,843,Ruta 2-A: Clásico Diseñada,600,590,10
2026-09-26T16:15:55+00:00,2026-09-26T11:15:55-05:00,2026-09-27,06:00 AM,157,843,Ruta 2-B: Terraza Inferior,100,99,1
2026-09-26T16:15:55+00:00,2026-09-26T11:15:55-05:00,2026-09-27,06:00 AM,157,843,Ruta 3-A: Montaña Waynapicchu,50,38,12
2026-09-26T16:15:55+00:00,2026-09-26T11:15:55-05:00,2026-09-27,06:00 AM,157,843,Ruta 3-B: Realeza diseñada,100,63,37
2026-09-26T16:31:02+00:00,2026-09-26T11:31:02-05:00,2026-09-27,06:00 AM,145,855,Ruta 1-A: Montaña Machupicchu,50,5,45
2026-09-26T16:31:02+00:00,2026-09-26T11:31:02-05:00,2026-09-27,06:00 AM,145,855,Ruta 1-B: Terraza superior,100,25,75
2026-09-26T16:31:02+00:00,2026-09-26T11:31:02-05:00,2026-09-27,06:00 AM,145,855,Ruta 2-A: Clásico Diseñada,600,598,2
2026-09-26T16:31:02+00:00,2026-09-26T11:31:02-05:00,2026-09-27,06:00 AM,145,855,Ruta 2-B: Terraza Inferior,100,99,1
2026-09-26T16:31:02+00:00,2026-09-26T11:31:02-05:00,2026-09-27,06:00 AM,145,855,Ruta 3-A: Montaña Waynapicchu,50,38,12
2026-09-26T16:31:02+00:00,2026-09-26T11:31:02-05:00,2026-09-27,06:00 AM,145,855,Ruta 3-B: Realeza diseñada,100,66,34
2026-09-26T16:45:53+00:00,2026-09-26T11:45:53-05:00,2026-09-27,06:00 AM,144,856,Ruta 1-A: Montaña Machupicchu,50,5,45
2026-09-26T16:45:53+00:00,2026-09-26T11:45:53-05:00,2026-09-27,06:00 AM,144,856,Ruta 1-B: Terraza superior,100,25,75
2026-09-26T16:45:53+00:00,2026-09-26T11:45:53-05:00,2026-09-27,06:00 AM,144,856,Ruta 2-A: Clásico Diseñada,600,600,0
2026-09-26T16:45:53+00:00,2026-09-26T11:45:53-05:00,2026-09-27,06:00 AM,144,856,Ruta 2-B: Terraza Inferior,100,100,0
2026-09-26T16:45:53+00:00,2026-09-26T11:45:53-05:00,2026-09-27,06:00 AM,144,856,Ruta 3-A: Montaña Waynapicchu,50,38,12
2026-09-26T16:45:53+00:00,2026-09-26T11:45:53-05:00,2026-09-27,06:00 AM,144,856,Ruta 3-B: Realeza diseñada,100,66,34
2026-09-26T17:16:07+00:00,2026-09-26T12:16:07-05:00,2026-09-27,06:00 AM,114,886,Ruta 1-A: Montaña Machupicchu,50,5,45
2026-09-26T17:16:07+00:00,2026-09-26T12:16:07-05:00,2026-09-27,06:00 AM,114,886,Ruta 1-B: Terraza superior,100,27,73
2026-09-26T17:16:07+00:00,2026-09-26T12:16:07-05:00,2026-09-27,06:00 AM,114,886,Ruta 2-A: Clásico Diseñada,600,600,0
2026-09-26T17:16:07+00:00,2026-09-26T12:16:07-05:00,2026-09-27,06:00 AM,114,886,Ruta 2-B: Terraza Inferior,100,100,0
2026-09-26T17:16:07+00:00,2026-09-26T12:16:07-05:00,2026-09-27,06:00 AM,114,886,Ruta 3-A: Montaña Waynapicchu,50,38,12
2026-09-26T17:16:07+00:00,2026-09-26T12:16:07-05:00,2026-09-27,06:00 AM,114,886,Ruta 3-B: Realeza diseñada,100,69,31
2026-09-26T17:31:14+00:00,2026-09-26T12:31:14-05:00,2026-09-27,06:00 AM,73,927,Ruta 1-A: Montaña Machupicchu,50,7,43
2026-09-26T17:31:14+00:00,2026-09-26T12:31:14-05:00,2026-09-27,06:00 AM,73,927,Ruta 1-B: Terraza superior,100,35,65
2026-09-26T17:31:14+00:00,2026-09-26T12:31:14-05:00,2026-09-27,06:00 AM,73,927,Ruta 2-A: Clásico Diseñada,600,600,0
2026-09-26T17:31:14+00:00,2026-09-26T12:31:14-05:00,2026-09-27,06:00 AM,73,927,Ruta 2-B: Terraza Inferior,100,100,0
2026-09-26T17:31:14+00:00,2026-09-26T12:31:14-05:00,2026-09-27,06:00 AM,73,927,Ruta 3-A: Montaña Waynapicchu,50,39,11
2026-09-26T17:31:14+00:00,2026-09-26T12:31:14-05:00,2026-09-27,06:00 AM,73,927,Ruta 3-B: Realeza diseñada,100,99,1
2026-09-26T17:45:58+00:00,2026-09-26T12:45:58-05:00,2026-09-27,06:00 AM,60,940,Ruta 1-A: Montaña Machupicchu,50,12,38
2026-09-26T17:45:58+00:00,2026-09-26T12:45:58-05:00,2026-09-27,06:00 AM,60,940,Ruta 1-B: Terraza superior,100,45,55
2026-09-26T17:45:58+00:00,2026-09-26T12:45:58-05:00,2026-09-27,06:00 AM,60,940,Ruta 2-A: Clásico Diseñada,600,600,0
2026-09-26T17:45:58+00:00,2026-09-26T12:45:58-05:00,2026-09-27,06:00 AM,60,940,Ruta 2-B: Terraza Inferior,100,100,0
2026-09-26T17:45:58+00:00,2026-09-26T12:45:58-05:00,2026-09-27,06:00 AM,60,940,Ruta 3-A: Montaña Waynapicchu,50,43,7
2026-09-26T17:45:58+00:00,2026-09-26T12:45:58-05:00,2026-09-27,06:00 AM,60,940,Ruta 3-B: Realeza diseñada,100,99,1
2026-09-26T17:57:00+00:00,2026-09-26T12:57:00-05:00,2026-09-27,06:00 AM,53,947,Ruta 1-A: Montaña Machupicchu,50,16,34
2026-09-26T17:57:00+00:00,2026-09-26T12:57:00-05:00,2026-09-27,06:00 AM,53,947,Ruta 1-B: Terraza superior,100,48,52
2026-09-26T17:57:00+00:00,2026-09-26T12:57:00-05:00,2026-09-27,06:00 AM,53,947,Ruta 2-A: Clásico Diseñada,600,600,0
2026-09-26T17:57:00+00:00,2026-09-26T12:57:00-05:00,2026-09-27,06:00 AM,53,947,Ruta 2-B: Terraza Inferior,100,100,0
2026-09-26T17:57:00+00:00,2026-09-26T12:57:00-05:00,2026-09-27,06:00 AM,53,947,Ruta 3-A: Montaña Waynapicchu,50,44,6
2026-09-26T17:57:00+00:00,2026-09-26T12:57:00-05:00,2026-09-27,06:00 AM,53,947,Ruta 3-B: Realeza diseñada,100,99,1
2026-09-26T18:01:16+00:00,2026-09-26T13:01:16-05:00,2026-09-27,06:00 AM,51,949,Ruta 1-A: Montaña Machupicchu,50,16,34
2026-09-26T18:01:16+00:00,2026-09-26T13:01:16-05:00,2026-09-27,06:00 AM,51,949,Ruta 1-B: Terraza superior,100,50,50
2026-09-26T18:01:16+00:00,2026-09-26T13:01:16-05:00,2026-09-27,06:00 AM,51,949,Ruta 2-A: Clásico Diseñada,600,600,0
2026-09-26T18:01:16+00:00,2026-09-26T13:01:16-05:00,2026-09-27,06:00 AM,51,949,Ruta 2-B: Terraza Inferior,100,100,0
2026-09-26T18:01:16+00:00,2026-09-26T13:01:16-05:00,2026-09-27,06:00 AM,51,949,Ruta 3-A: Montaña Waynapicchu,50,44,6
2026-09-26T18:01:16+00:00,2026-09-26T13:01:16-05:00,2026-09-27,06:00 AM,51,949,Ruta 3-B: Realeza diseñada,100,99,1
2026-09-26T18:16:00+00:00,2026-09-26T13:16:00-05:00,2026-09-27,06:00 AM,51,949,Ruta 1-A: Montaña Machupicchu,50,16,34
2026-09-26T18:16:00+00:00,2026-09-26T13:16:00-05:00,2026-09-27,06:00 AM,51,949,Ruta 1-B: Terraza superior,100,55,45
2026-09-26T18:16:00+00:00,2026-09-26T13:16:00-05:00,2026-09-27,06:00 AM,51,949,Ruta 2-A: Clásico Diseñada,600,600,0
2026-09-26T18:16:00+00:00,2026-09-26T13:16:00-05:00,2026-09-27,06:00 AM,51,949,Ruta 2-B: Terraza Inferior,100,100,0
2026-09-26T18:16:00+00:00,2026-09-26T13:16:00-05:00,2026-09-27,06:00 AM,51,949,Ruta 3-A: Montaña Waynapicchu,50,44,6
2026-09-26T18:16:00+00:00,2026-09-26T13:16:00-05:00,2026-09-27,06:00 AM,51,949,Ruta 3-B: Realeza diseñada,100,99,1
2026-09-26T18:31:08+00:00,2026-09-26T13:31:08-05:00,2026-09-27,06:00 AM,51,949,Ruta 1-A: Montaña Machupicchu,50,16,34
2026-09-26T18:31:08+00:00,2026-09-26T13:31:08-05:00,2026-09-27,06:00 AM,51,949,Ruta 1-B: Terraza superior,100,55,45
2026-09-26T18:31:08+00:00,2026-09-26T13:31:08-05:00,2026-09-27,06:00 AM,51,949,Ruta 2-A: Clásico Diseñada,600,600,0
2026-09-26T18:31:08+00:00,2026-09-26T13:31:08-05:00,2026-09-27,06:00 AM,51,949,Ruta 2-B: Terraza Inferior,100,100,0
2026-09-26T18:31:08+00:00,2026-09-26T13:31:08-05:00,2026-09-27,06:00 AM,51,949,Ruta 3-A: Montaña Waynapicchu,50,44,6
2026-09-26T18:31:08+00:00,2026-09-26T13:31:08-05:00,2026-09-27,06:00 AM,51,949,Ruta 3-B: Realeza diseñada,100,99,1
2026-09-26T18:45:53+00:00,2026-09-26T13:45:53-05:00,2026-09-27,06:00 AM,45,955,Ruta 1-A: Montaña Machupicchu,50,16,34
2026-09-26T18:45:53+00:00,2026-09-26T13:45:53-05:00,2026-09-27,06:00 AM,45,955,Ruta 1-B: Terraza superior,100,55,45
2026-09-26T18:45:53+00:00,2026-09-26T13:45:53-05:00,2026-09-27,06:00 AM,45,955,Ruta 2-A: Clásico Diseñada,600,600,0
2026-09-26T18:45:53+00:00,2026-09-26T13:45:53-05:00,2026-09-27,06:00 AM,45,955,Ruta 2-B: Terraza Inferior,100,100,0
2026-09-26T18:45:53+00:00,2026-09-26T13:45:53-05:00,2026-09-27,06:00 AM,45,955,Ruta 3-A: Montaña Waynapicchu,50,46,4
2026-09-26T18:45:53+00:00,2026-09-26T13:45:53-05:00,2026-09-27,06:00 AM,45,955,Ruta 3-B: Realeza diseñada,100,99,1
2026-09-26T19:01:18+00:00,2026-09-26T14:01:18-05:00,2026-09-27,06:00 AM,44,956,Ruta 1-A: Montaña Machupicchu,50,16,34
2026-09-26T19:01:18+00:00,2026-09-26T14:01:18-05:00,2026-09-27,06:00 AM,44,956,Ruta 1-B: Terraza superior,100,55,45
2026-09-26T19:01:18+00:00,2026-09-26T14:01:18-05:00,2026-09-27,06:00 AM,44,956,Ruta 2-A: Clásico Diseñada,600,600,0
2026-09-26T19:01:18+00:00,2026-09-26T14:01:18-05:00,2026-09-27,06:00 AM,44,956,Ruta 2-B: Terraza Inferior,100,100,0
2026-09-26T19:01:18+00:00,2026-09-26T14:01:18-05:00,2026-09-27,06:00 AM,44,956,Ruta 3-A: Montaña Waynapicchu,50,48,2
2026-09-26T19:01:18+00:00,2026-09-26T14:01:18-05:00,2026-09-27,06:00 AM,44,956,Ruta 3-B: Realeza diseñada,100,99,1
2026-09-26T19:15:59+00:00,2026-09-26T14:15:59-05:00,2026-09-27,06:00 AM,40,960,Ruta 1-A: Montaña Machupicchu,50,16,34
2026-09-26T19:15:59+00:00,2026-09-26T14:15:59-05:00,2026-09-27,06:00 AM,40,960,Ruta 1-B: Terraza superior,100,55,45
2026-09-26T19:15:59+00:00,2026-09-26T14:15:59-05:00,2026-09-27,06:00 AM,40,960,Ruta 2-A: Clásico Diseñada,600,600,0
2026-09-26T19:15:59+00:00,2026-09-26T14:15:59-05:00,2026-09-27,06:00 AM,40,960,Ruta 2-B: Terraza Inferior,100,100,0
2026-09-26T19:15:59+00:00,2026-09-26T14:15:59-05:00,2026-09-27,06:00 AM,40,960,Ruta 3-A: Montaña Waynapicchu,50,49,1
2026-09-26T19:15:59+00:00,2026-09-26T14:15:59-05:00,2026-09-27,06:00 AM,40,960,Ruta 3-B: Realeza diseñada,100,99,1
2026-09-26T19:31:06+00:00,2026-09-26T14:31:06-05:00,2026-09-27,06:00 AM,31,969,Ruta 1-A: Montaña Machupicchu,50,26,24
2026-09-26T19:31:06+00:00,2026-09-26T14:31:06-05:00,2026-09-27,06:00 AM,31,969,Ruta 1-B: Terraza superior,100,56,44
2026-09-26T19:31:06+00:00,2026-09-26T14:31:06-05:00,2026-09-27,06:00 AM,31,969,Ruta 2-A: Clásico Diseñada,600,600,0
2026-09-26T19:31:06+00:00,2026-09-26T14:31:06-05:00,2026-09-27,06:00 AM,31,969,Ruta 2-B: Terraza Inferior,100,100,0
2026-09-26T19:31:06+00:00,2026-09-26T14:31:06-05:00,2026-09-27,06:00 AM,31,969,Ruta 3-A: Montaña Waynapicchu,50,50,0
2026-09-26T19:31:06+00:00,2026-09-26T14:31:06-05:00,2026-09-27,06:00 AM,31,969,Ruta 3-B: Realeza diseñada,100,100,0
2026-09-26T19:45:59+00:00,2026-09-26T14:45:59-05:00,2026-09-27,06:00 AM,20,980,Ruta 1-A: Montaña Machupicchu,50,28,22
2026-09-26T19:45:59+00:00,2026-09-26T14:45:59-05:00,2026-09-27,06:00 AM,20,980,Ruta 1-B: Terraza superior,100,56,44
2026-09-26T19:45:59+00:00,2026-09-26T14:45:59-05:00,2026-09-27,06:00 AM,20,980,Ruta 2-A: Clásico Diseñada,600,600,0
2026-09-26T19:45:59+00:00,2026-09-26T14:45:59-05:00,2026-09-27,06:00 AM,20,980,Ruta 2-B: Terraza Inferior,100,100,0
2026-09-26T19:45:59+00:00,2026-09-26T14:45:59-05:00,2026-09-27,06:00 AM,20,980,Ruta 3-A: Montaña Waynapicchu,50,50,0
2026-09-26T19:45:59+00:00,2026-09-26T14:45:59-05:00,2026-09-27,06:00 AM,20,980,Ruta 3-B: Realeza diseñada,100,100,0
2026-09-26T20:01:58+00:00,2026-09-26T15:01:58-05:00,2026-09-27,06:00 AM,9,991,Ruta 1-A: Montaña Machupicchu,50,37,13
2026-09-26T20:01:58+00:00,2026-09-26T15:01:58-05:00,2026-09-27,06:00 AM,9,991,Ruta 1-B: Terraza superior,100,62,38
2026-09-26T20:01:58+00:00,2026-09-26T15:01:58-05:00,2026-09-27,06:00 AM,9,991,Ruta 2-A: Clásico Diseñada,600,600,0
2026-09-26T20:01:58+00:00,2026-09-26T15:01:58-05:00,2026-09-27,06:00 AM,9,991,Ruta 2-B: Terraza Inferior,100,100,0
2026-09-26T20:01:58+00:00,2026-09-26T15:01:58-05:00,2026-09-27,06:00 AM,9,991,Ruta 3-A: Montaña Waynapicchu,50,50,0
2026-09-26T20:01:58+00:00,2026-09-26T15:01:58-05:00,2026-09-27,06:00 AM,9,991,Ruta 3-B: Realeza diseñada,100,100,0
2026-09-26T20:15:51+00:00,2026-09-26T15:15:51-05:00,2026-09-27,06:00 AM,2,998,Ruta 1-A: Montaña Machupicchu,50,40,10
2026-09-26T20:15:51+00:00,2026-09-26T15:15:51-05:00,2026-09-27,06:00 AM,2,998,Ruta 1-B: Terraza superior,100,68,32
2026-09-26T20:15:51+00:00,2026-09-26T15:15:51-05:00,2026-09-27,06:00 AM,2,998,Ruta 2-A: Clásico Diseñada,600,600,0
2026-09-26T20:15:51+00:00,2026-09-26T15:15:51-05:00,2026-09-27,06:00 AM,2,998,Ruta 2-B: Terraza Inferior,100,100,0
2026-09-26T20:15:51+00:00,2026-09-26T15:15:51-05:00,2026-09-27,06:00 AM,2,998,Ruta 3-A: Montaña Waynapicchu,50,50,0
2026-09-26T20:15:51+00:00,2026-09-26T15:15:51-05:00,2026-09-27,06:00 AM,2,998,Ruta 3-B: Realeza diseñada,100,100,0
2026-09-26T20:31:02+00:00,2026-09-26T15:31:02-05:00,2026-09-27,06:00 AM,0,1000,Ruta 1-A: Montaña Machupicchu,50,43,7
2026-09-26T20:31:02+00:00,2026-09-26T15:31:02-05:00,2026-09-27,06:00 AM,0,1000,Ruta 1-B: Terraza superior,100,71,29
2026-09-26T20:31:02+00:00,2026-09-26T15:31:02-05:00,2026-09-27,06:00 AM,0,1000,Ruta 2-A: Clásico Diseñada,600,600,0
2026-09-26T20:31:02+00:00,2026-09-26T15:31:02-05:00,2026-09-27,06:00 AM,0,1000,Ruta 2-B: Terraza Inferior,100,100,0
2026-09-26T20:31:02+00:00,2026-09-26T15:31:02-05:00,2026-09-27,06:00 AM,0,1000,Ruta 3-A: Montaña Waynapicchu,50,50,0
2026-09-26T20:31:02+00:00,2026-09-26T15:31:02-05:00,2026-09-27,06:00 AM,0,1000,Ruta 3-B: Realeza diseñada,100,100,0
2026-09-26T20:45:56+00:00,2026-09-26T15:45:56-05:00,2026-09-27,06:00 AM,0,1000,Ruta 1-A: Montaña Machupicchu,50,47,3
2026-09-26T20:45:56+00:00,2026-09-26T15:45:56-05:00,2026-09-27,06:00 AM,0,1000,Ruta 1-B: Terraza superior,100,75,25
2026-09-26T20:45:56+00:00,2026-09-26T15:45:56-05:00,2026-09-27,06:00 AM,0,1000,Ruta 2-A: Clásico Diseñada,600,600,0
2026-09-26T20:45:56+00:00,2026-09-26T15:45:56-05:00,2026-09-27,06:00 AM,0,1000,Ruta 2-B: Terraza Inferior,100,100,0
2026-09-26T20:45:56+00:00,2026-09-26T15:45:56-05:00,2026-09-27,06:00 AM,0,1000,Ruta 3-A: Montaña Waynapicchu,50,50,0
2026-09-26T20:45:56+00:00,2026-09-26T15:45:56-05:00,2026-09-27,06:00 AM,0,1000,Ruta 3-B: Realeza diseñada,100,100,0
2026-09-26T21:02:57+00:00,2026-09-26T16:02:57-05:00,2026-09-27,06:00 AM,0,1000,Ruta 1-A: Montaña Machupicchu,50,48,2
2026-09-26T21:02:57+00:00,2026-09-26T16:02:57-05:00,2026-09-27,06:00 AM,0,1000,Ruta 1-B: Terraza superior,100,79,21
2026-09-26T21:02:57+00:00,2026-09-26T16:02:57-05:00,2026-09-27,06:00 AM,0,1000,Ruta 2-A: Clásico Diseñada,600,600,0
2026-09-26T21:02:57+00:00,2026-09-26T16:02:57-05:00,2026-09-27,06:00 AM,0,1000,Ruta 2-B: Terraza Inferior,100,100,0
2026-09-26T21:02:57+00:00,2026-09-26T16:02:57-05:00,2026-09-27,06:00 AM,0,1000,Ruta 3-A: Montaña Waynapicchu,50,50,0
2026-09-26T21:02:57+00:00,2026-09-26T16:02:57-05:00,2026-09-27,06:00 AM,0,1000,Ruta 3-B: Realeza diseñada,100,100,0
2026-09-26T21:16:05+00:00,2026-09-26T16:16:05-05:00,2026-09-27,06:00 AM,0,1000,Ruta 1-A: Montaña Machupicchu,50,49,1
2026-09-26T21:16:05+00:00,2026-09-26T16:16:05-05:00,2026-09-27,06:00 AM,0,1000,Ruta 1-B: Terraza superior,100,84,16
2026-09-26T21:16:05+00:00,2026-09-26T16:16:05-05:00,2026-09-27,06:00 AM,0,1000,Ruta 2-A: Clásico Diseñada,600,600,0
2026-09-26T21:16:05+00:00,2026-09-26T16:16:05-05:00,2026-09-27,06:00 AM,0,1000,Ruta 2-B: Terraza Inferior,100,100,0
2026-09-26T21:16:05+00:00,2026-09-26T16:16:05-05:00,2026-09-27,06:00 AM,0,1000,Ruta 3-A: Montaña Waynapicchu,50,50,0
2026-09-26T21:16:05+00:00,2026-09-26T16:16:05-05:00,2026-09-27,06:00 AM,0,1000,Ruta 3-B: Realeza diseñada,100,100,0
2026-09-26T21:31:12+00:00,2026-09-26T16:31:12-05:00,2026-09-27,06:00 AM,0,1000,Ruta 1-A: Montaña Machupicchu,50,50,0
2026-09-26T21:31:12+00:00,2026-09-26T16:31:12-05:00,2026-09-27,06:00 AM,0,1000,Ruta 1-B: Terraza superior,100,86,14
2026-09-26T21:31:12+00:00,2026-09-26T16:31:12-05:00,2026-09-27,06:00 AM,0,1000,Ruta 2-A: Clásico Diseñada,600,600,0
2026-09-26T21:31:12+00:00,2026-09-26T16:31:12-05:00,2026-09-27,06:00 AM,0,1000,Ruta 2-B: Terraza Inferior,100,100,0
2026-09-26T21:31:12+00:00,2026-09-26T16:31:12-05:00,2026-09-27,06:00 AM,0,1000,Ruta 3-A: Montaña Waynapicchu,50,50,0
2026-09-26T21:31:12+00:00,2026-09-26T16:31:12-05:00,2026-09-27,06:00 AM,0,1000,Ruta 3-B: Realeza diseñada,100,100,0
2026-09-26T21:46:00+00:00,2026-09-26T16:46:00-05:00,2026-09-27,06:00 AM,0,1000,Ruta 1-A: Montaña Machupicchu,50,50,0
2026-09-26T21:46:00+00:00,2026-09-26T16:46:00-05:00,2026-09-27,06:00 AM,0,1000,Ruta 1-B: Terraza superior,100,96,4
2026-09-26T21:46:00+00:00,2026-09-26T16:46:00-05:00,2026-09-27,06:00 AM,0,1000,Ruta 2-A: Clásico Diseñada,600,600,0
2026-09-26T21:46:00+00:00,2026-09-26T16:46:00-05:00,2026-09-27,06:00 AM,0,1000,Ruta 2-B: Terraza Inferior,100,100,0
2026-09-26T21:46:00+00:00,2026-09-26T16:46:00-05:00,2026-09-27,06:00 AM,0,1000,Ruta 3-A: Montaña Waynapicchu,50,50,0
2026-09-26T21:46:00+00:00,2026-09-26T16:46:00-05:00,2026-09-27,06:00 AM,0,1000,Ruta 3-B: Realeza diseñada,100,100,0
2026-09-26T23:01:17+00:00,2026-09-26T18:01:17-05:00,2026-09-27,06:00 AM,0,1000,Ruta 1-A: Montaña Machupicchu,50,50,0
2026-09-26T23:01:17+00:00,2026-09-26T18:01:17-05:00,2026-09-27,06:00 AM,0,1000,Ruta 1-B: Terraza superior,100,100,0
2026-09-26T23:01:17+00:00,2026-09-26T18:01:17-05:00,2026-09-27,06:00 AM,0,1000,Ruta 2-A: Clásico Diseñada,600,600,0
2026-09-26T23:01:17+00:00,2026-09-26T18:01:17-05:00,2026-09-27,06:00 AM,0,1000,Ruta 2-B: Terraza Inferior,100,100,0
2026-09-26T23:01:17+00:00,2026-09-26T18:01:17-05:00,2026-09-27,06:00 AM,0,1000,Ruta 3-A: Montaña Waynapicchu,50,50,0
2026-09-26T23:01:17+00:00,2026-09-26T18:01:17-05:00,2026-09-27,06:00 AM,0,1000,Ruta 3-B: Realeza diseñada,100,100,0
2026-09-26T23:39:47+00:00,2026-09-26T18:39:47-05:00,2026-09-27,06:00 AM,0,1000,Ruta 1-A: Montaña Machupicchu,50,50,0
2026-09-26T23:39:47+00:00,2026-09-26T18:39:47-05:00,2026-09-27,06:00 AM,0,1000,Ruta 1-B: Terraza superior,100,100,0
2026-09-26T23:39:47+00:00,2026-09-26T18:39:47-05:00,2026-09-27,06:00 AM,0,1000,Ruta 2-A: Clásico Diseñada,600,600,0
2026-09-26T23:39:47+00:00,2026-09-26T18:39:47-05:00,2026-09-27,06:00 AM,0,1000,Ruta 2-B: Terraza Inferior,100,100,0
2026-09-26T23:39:47+00:00,2026-09-26T18:39:47-05:00,2026-09-27,06:00 AM,0,1000,Ruta 3-A: Montaña Waynapicchu,50,50,0
2026-09-26T23:39:47+00:00,2026-09-26T18:39:47-05:00,2026-09-27,06:00 AM,0,1000,Ruta 3-B: Realeza diseñada,100,100,0
2026-09-27T00:14:07+00:00,2026-09-26T19:14:07-05:00,2026-09-28,06:00 AM,737,263,Ruta 1-A: Montaña Machupicchu,50,2,48
2026-09-27T00:14:07+00:00,2026-09-26T19:14:07-05:00,2026-09-28,06:00 AM,737,263,Ruta 1-B: Terraza superior,100,3,97
2026-09-27T00:14:07+00:00,2026-09-26T19:14:07-05:00,2026-09-28,06:00 AM,737,263,Ruta 2-A: Clásico Diseñada,600,215,385
2026-09-27T00:14:07+00:00,2026-09-26T19:14:07-05:00,2026-09-28,06:00 AM,737,263,Ruta 2-B: Terraza Inferior,100,27,73
2026-09-27T00:14:07+00:00,2026-09-26T19:14:07-05:00,2026-09-28,06:00 AM,737,263,Ruta 3-A: Montaña Waynapicchu,50,6,44
2026-09-27T00:14:07+00:00,2026-09-26T19:14:07-05:00,2026-09-28,06:00 AM,737,263,Ruta 3-B: Realeza diseñada,100,2,98
2026-09-27T01:01:20+00:00,2026-09-26T20:01:20-05:00,2026-09-28,06:00 AM,731,269,Ruta 1-A: Montaña Machupicchu,50,2,48
2026-09-27T01:01:20+00:00,2026-09-26T20:01:20-05:00,2026-09-28,06:00 AM,731,269,Ruta 1-B: Terraza superior,100,3,97
2026-09-27T01:01:20+00:00,2026-09-26T20:01:20-05:00,2026-09-28,06:00 AM,731,269,Ruta 2-A: Clásico Diseñada,600,219,381
2026-09-27T01:01:20+00:00,2026-09-26T20:01:20-05:00,2026-09-28,06:00 AM,731,269,Ruta 2-B: Terraza Inferior,100,29,71
2026-09-27T01:01:20+00:00,2026-09-26T20:01:20-05:00,2026-09-28,06:00 AM,731,269,Ruta 3-A: Montaña Waynapicchu,50,6,44
2026-09-27T01:01:20+00:00,2026-09-26T20:01:20-05:00,2026-09-28,06:00 AM,731,269,Ruta 3-B: Realeza diseñada,100,7,93
2026-09-27T02:03:45+00:00,2026-09-26T21:03:45-05:00,2026-09-28,06:00 AM,714,286,Ruta 1-A: Montaña Machupicchu,50,2,48
2026-09-27T02:03:45+00:00,2026-09-26T21:03:45-05:00,2026-09-28,06:00 AM,714,286,Ruta 1-B: Terraza superior,100,3,97
2026-09-27T02:03:45+00:00,2026-09-26T21:03:45-05:00,2026-09-28,06:00 AM,714,286,Ruta 2-A: Clásico Diseñada,600,223,377
2026-09-27T02:03:45+00:00,2026-09-26T21:03:45-05:00,2026-09-28,06:00 AM,714,286,Ruta 2-B: Terraza Inferior,100,29,71
2026-09-27T02:03:45+00:00,2026-09-26T21:03:45-05:00,2026-09-28,06:00 AM,714,286,Ruta 3-A: Montaña Waynapicchu,50,6,44
2026-09-27T02:03:45+00:00,2026-09-26T21:03:45-05:00,2026-09-28,06:00 AM,714,286,Ruta 3-B: Realeza diseñada,100,9,91
2026-09-27T03:01:16+00:00,2026-09-26T22:01:16-05:00,2026-09-28,06:00 AM,663,337,Ruta 1-A: Montaña Machupicchu,50,2,48
2026-09-27T03:01:16+00:00,2026-09-26T22:01:16-05:00,2026-09-28,06:00 AM,663,337,Ruta 1-B: Terraza superior,100,5,95
2026-09-27T03:01:16+00:00,2026-09-26T22:01:16-05:00,2026-09-28,06:00 AM,663,337,Ruta 2-A: Clásico Diseñada,600,273,327
2026-09-27T03:01:16+00:00,2026-09-26T22:01:16-05:00,2026-09-28,06:00 AM,663,337,Ruta 2-B: Terraza Inferior,100,35,65
2026-09-27T03:01:16+00:00,2026-09-26T22:01:16-05:00,2026-09-28,06:00 AM,663,337,Ruta 3-A: Montaña Waynapicchu,50,8,42
2026-09-27T03:01:16+00:00,2026-09-26T22:01:16-05:00,2026-09-28,06:00 AM,663,337,Ruta 3-B: Realeza diseñada,100,9,91
2026-09-27T05:01:16+00:00,2026-09-27T00:01:16-05:00,2026-09-28,06:00 AM,663,337,Ruta 1-A: Montaña Machupicchu,50,2,48
2026-09-27T05:01:16+00:00,2026-09-27T00:01:16-05:00,2026-09-28,06:00 AM,663,337,Ruta 1-B: Terraza superior,100,5,95
2026-09-27T05:01:16+00:00,2026-09-27T00:01:16-05:00,2026-09-28,06:00 AM,663,337,Ruta 2-A: Clásico Diseñada,600,273,327
2026-09-27T05:01:16+00:00,2026-09-27T00:01:16-05:00,2026-09-28,06:00 AM,663,337,Ruta 2-B: Terraza Inferior,100,35,65
2026-09-27T05:01:16+00:00,2026-09-27T00:01:16-05:00,2026-09-28,06:00 AM,663,337,Ruta 3-A: Montaña Waynapicchu,50,8,42
2026-09-27T05:01:16+00:00,2026-09-27T00:01:16-05:00,2026-09-28,06:00 AM,663,337,Ruta 3-B: Realeza diseñada,100,9,91
2026-09-27T07:01:22+00:00,2026-09-27T02:01:22-05:00,2026-09-28,06:00 AM,663,337,Ruta 1-A: Montaña Machupicchu,50,2,48
2026-09-27T07:01:22+00:00,2026-09-27T02:01:22-05:00,2026-09-28,06:00 AM,663,337,Ruta 1-B: Terraza superior,100,5,95
2026-09-27T07:01:22+00:00,2026-09-27T02:01:22-05:00,2026-09-28,06:00 AM,663,337,Ruta 2-A: Clásico Diseñada,600,273,327
2026-09-27T07:01:22+00:00,2026-09-27T02:01:22-05:00,2026-09-28,06:00 AM,663,337,Ruta 2-B: Terraza Inferior,100,35,65
2026-09-27T07:01:22+00:00,2026-09-27T02:01:22-05:00,2026-09-28,06:00 AM,663,337,Ruta 3-A: Montaña Waynapicchu,50,8,42
2026-09-27T07:01:22+00:00,2026-09-27T02:01:22-05:00,2026-09-28,06:00 AM,663,337,Ruta 3-B: Realeza diseñada,100,9,91
2026-09-27T09:01:15+00:00,2026-09-27T04:01:15-05:00,2026-09-28,06:00 AM,663,337,Ruta 1-A: Montaña Machupicchu,50,2,48
2026-09-27T09:01:15+00:00,2026-09-27T04:01:15-05:00,2026-09-28,06:00 AM,663,337,Ruta 1-B: Terraza superior,100,5,95
2026-09-27T09:01:15+00:00,2026-09-27T04:01:15-05:00,2026-09-28,06:00 AM,663,337,Ruta 2-A: Clásico Diseñada,600,273,327
2026-09-27T09:01:15+00:00,2026-09-27T04:01:15-05:00,2026-09-28,06:00 AM,663,337,Ruta 2-B: Terraza Inferior,100,35,65
2026-09-27T09:01:15+00:00,2026-09-27T04:01:15-05:00,2026-09-28,06:00 AM,663,337,Ruta 3-A: Montaña Waynapicchu,50,8,42
2026-09-27T09:01:15+00:00,2026-09-27T04:01:15-05:00,2026-09-28,06:00 AM,663,337,Ruta 3-B: Realeza diseñada,100,9,91
2026-09-27T09:15:57+00:00,2026-09-27T04:15:57-05:00,2026-09-28,06:00 AM,663,337,Ruta 1-A: Montaña Machupicchu,50,2,48
2026-09-27T09:15:57+00:00,2026-09-27T04:15:57-05:00,2026-09-28,06:00 AM,663,337,Ruta 1-B: Terraza superior,100,5,95
2026-09-27T09:15:57+00:00,2026-09-27T04:15:57-05:00,2026-09-28,06:00 AM,663,337,Ruta 2-A: Clásico Diseñada,600,273,327
2026-09-27T09:15:57+00:00,2026-09-27T04:15:57-05:00,2026-09-28,06:00 AM,663,337,Ruta 2-B: Terraza Inferior,100,35,65
2026-09-27T09:15:57+00:00,2026-09-27T04:15:57-05:00,2026-09-28,06:00 AM,663,337,Ruta 3-A: Montaña Waynapicchu,50,8,42
2026-09-27T09:15:57+00:00,2026-09-27T04:15:57-05:00,2026-09-28,06:00 AM,663,337,Ruta 3-B: Realeza diseñada,100,9,91
2026-09-27T09:31:13+00:00,2026-09-27T04:31:13-05:00,2026-09-28,06:00 AM,663,337,Ruta 1-A: Montaña Machupicchu,50,2,48
2026-09-27T09:31:13+00:00,2026-09-27T04:31:13-05:00,2026-09-28,06:00 AM,663,337,Ruta 1-B: Terraza superior,100,5,95
2026-09-27T09:31:13+00:00,2026-09-27T04:31:13-05:00,2026-09-28,06:00 AM,663,337,Ruta 2-A: Clásico Diseñada,600,273,327
2026-09-27T09:31:13+00:00,2026-09-27T04:31:13-05:00,2026-09-28,06:00 AM,663,337,Ruta 2-B: Terraza Inferior,100,35,65
2026-09-27T09:31:13+00:00,2026-09-27T04:31:13-05:00,2026-09-28,06:00 AM,663,337,Ruta 3-A: Montaña Waynapicchu,50,8,42
2026-09-27T09:31:13+00:00,2026-09-27T04:31:13-05:00,2026-09-28,06:00 AM,663,337,Ruta 3-B: Realeza diseñada,100,9,91
2026-09-27T09:34:55+00:00,2026-09-27T04:34:55-05:00,2026-09-28,06:00 AM,663,337,Ruta 1-A: Montaña Machupicchu,50,2,48
2026-09-27T09:34:55+00:00,2026-09-27T04:34:55-05:00,2026-09-28,06:00 AM,663,337,Ruta 1-B: Terraza superior,100,5,95
2026-09-27T09:34:55+00:00,2026-09-27T04:34:55-05:00,2026-09-28,06:00 AM,663,337,Ruta 2-A: Clásico Diseñada,600,273,327
2026-09-27T09:34:55+00:00,2026-09-27T04:34:55-05:00,2026-09-28,06:00 AM,663,337,Ruta 2-B: Terraza Inferior,100,35,65
2026-09-27T09:34:55+00:00,2026-09-27T04:34:55-05:00,2026-09-28,06:00 AM,663,337,Ruta 3-A: Montaña Waynapicchu,50,8,42
2026-09-27T09:34:55+00:00,2026-09-27T04:34:55-05:00,2026-09-28,06:00 AM,663,337,Ruta 3-B: Realeza diseñada,100,9,91
2026-09-27T09:45:49+00:00,2026-09-27T04:45:49-05:00,2026-09-28,06:00 AM,663,337,Ruta 1-A: Montaña Machupicchu,50,2,48
2026-09-27T09:45:49+00:00,2026-09-27T04:45:49-05:00,2026-09-28,06:00 AM,663,337,Ruta 1-B: Terraza superior,100,5,95
2026-09-27T09:45:49+00:00,2026-09-27T04:45:49-05:00,2026-09-28,06:00 AM,663,337,Ruta 2-A: Clásico Diseñada,600,273,327
2026-09-27T09:45:49+00:00,2026-09-27T04:45:49-05:00,2026-09-28,06:00 AM,663,337,Ruta 2-B: Terraza Inferior,100,35,65
2026-09-27T09:45:49+00:00,2026-09-27T04:45:49-05:00,2026-09-28,06:00 AM,663,337,Ruta 3-A: Montaña Waynapicchu,50,8,42
2026-09-27T09:45:49+00:00,2026-09-27T04:45:49-05:00,2026-09-28,06:00 AM,663,337,Ruta 3-B: Realeza diseñada,100,9,91
2026-09-27T10:16:00+00:00,2026-09-27T05:16:00-05:00,2026-09-28,06:00 AM,663,337,Ruta 1-A: Montaña Machupicchu,50,2,48
2026-09-27T10:16:00+00:00,2026-09-27T05:16:00-05:00,2026-09-28,06:00 AM,663,337,Ruta 1-B: Terraza superior,100,5,95
2026-09-27T10:16:00+00:00,2026-09-27T05:16:00-05:00,2026-09-28,06:00 AM,663,337,Ruta 2-A: Clásico Diseñada,600,273,327
2026-09-27T10:16:00+00:00,2026-09-27T05:16:00-05:00,2026-09-28,06:00 AM,663,337,Ruta 2-B: Terraza Inferior,100,35,65
2026-09-27T10:16:00+00:00,2026-09-27T05:16:00-05:00,2026-09-28,06:00 AM,663,337,Ruta 3-A: Montaña Waynapicchu,50,8,42
2026-09-27T10:16:00+00:00,2026-09-27T05:16:00-05:00,2026-09-28,06:00 AM,663,337,Ruta 3-B: Realeza diseñada,100,9,91
2026-09-27T10:31:21+00:00,2026-09-27T05:31:21-05:00,2026-09-28,06:00 AM,663,337,Ruta 1-A: Montaña Machupicchu,50,2,48
2026-09-27T10:31:21+00:00,2026-09-27T05:31:21-05:00,2026-09-28,06:00 AM,663,337,Ruta 1-B: Terraza superior,100,5,95
2026-09-27T10:31:21+00:00,2026-09-27T05:31:21-05:00,2026-09-28,06:00 AM,663,337,Ruta 2-A: Clásico Diseñada,600,273,327
2026-09-27T10:31:21+00:00,2026-09-27T05:31:21-05:00,2026-09-28,06:00 AM,663,337,Ruta 2-B: Terraza Inferior,100,35,65
2026-09-27T10:31:21+00:00,2026-09-27T05:31:21-05:00,2026-09-28,06:00 AM,663,337,Ruta 3-A: Montaña Waynapicchu,50,8,42
2026-09-27T10:31:21+00:00,2026-09-27T05:31:21-05:00,2026-09-28,06:00 AM,663,337,Ruta 3-B: Realeza diseñada,100,9,91
2026-09-27T10:45:59+00:00,2026-09-27T05:45:59-05:00,2026-09-28,06:00 AM,663,337,Ruta 1-A: Montaña Machupicchu,50,2,48
2026-09-27T10:45:59+00:00,2026-09-27T05:45:59-05:00,2026-09-28,06:00 AM,663,337,Ruta 1-B: Terraza superior,100,5,95
2026-09-27T10:45:59+00:00,2026-09-27T05:45:59-05:00,2026-09-28,06:00 AM,663,337,Ruta 2-A: Clásico Diseñada,600,273,327
2026-09-27T10:45:59+00:00,2026-09-27T05:45:59-05:00,2026-09-28,06:00 AM,663,337,Ruta 2-B: Terraza Inferior,100,35,65
2026-09-27T10:45:59+00:00,2026-09-27T05:45:59-05:00,2026-09-28,06:00 AM,663,337,Ruta 3-A: Montaña Waynapicchu,50,8,42
2026-09-27T10:45:59+00:00,2026-09-27T05:45:59-05:00,2026-09-28,06:00 AM,663,337,Ruta 3-B: Realeza diseñada,100,9,91
2026-09-27T11:01:21+00:00,2026-09-27T06:01:21-05:00,2026-09-28,06:00 AM,663,337,Ruta 1-A: Montaña Machupicchu,50,2,48
2026-09-27T11:01:21+00:00,2026-09-27T06:01:21-05:00,2026-09-28,06:00 AM,663,337,Ruta 1-B: Terraza superior,100,5,95
2026-09-27T11:01:21+00:00,2026-09-27T06:01:21-05:00,2026-09-28,06:00 AM,663,337,Ruta 2-A: Clásico Diseñada,600,273,327
2026-09-27T11:01:21+00:00,2026-09-27T06:01:21-05:00,2026-09-28,06:00 AM,663,337,Ruta 2-B: Terraza Inferior,100,35,65
2026-09-27T11:01:21+00:00,2026-09-27T06:01:21-05:00,2026-09-28,06:00 AM,663,337,Ruta 3-A: Montaña Waynapicchu,50,8,42
2026-09-27T11:01:21+00:00,2026-09-27T06:01:21-05:00,2026-09-28,06:00 AM,663,337,Ruta 3-B: Realeza diseñada,100,9,91
2026-09-27T11:15:55+00:00,2026-09-27T06:15:55-05:00,2026-09-28,06:00 AM,600,400,Ruta 1-A: Montaña Machupicchu,50,2,48
2026-09-27T11:15:55+00:00,2026-09-27T06:15:55-05:00,2026-09-28,06:00 AM,600,400,Ruta 1-B: Terraza superior,100,5,95
2026-09-27T11:15:55+00:00,2026-09-27T06:15:55-05:00,2026-09-28,06:00 AM,600,400,Ruta 2-A: Clásico Diseñada,600,303,297
2026-09-27T11:15:55+00:00,2026-09-27T06:15:55-05:00,2026-09-28,06:00 AM,600,400,Ruta 2-B: Terraza Inferior,100,41,59
2026-09-27T11:15:55+00:00,2026-09-27T06:15:55-05:00,2026-09-28,06:00 AM,600,400,Ruta 3-A: Montaña Waynapicchu,50,9,41
2026-09-27T11:15:55+00:00,2026-09-27T06:15:55-05:00,2026-09-28,06:00 AM,600,400,Ruta 3-B: Realeza diseñada,100,9,91
2026-09-27T11:31:13+00:00,2026-09-27T06:31:13-05:00,2026-09-28,06:00 AM,590,410,Ruta 1-A: Montaña Machupicchu,50,2,48
2026-09-27T11:31:13+00:00,2026-09-27T06:31:13-05:00,2026-09-28,06:00 AM,590,410,Ruta 1-B: Terraza superior,100,5,95
2026-09-27T11:31:13+00:00,2026-09-27T06:31:13-05:00,2026-09-28,06:00 AM,590,410,Ruta 2-A: Clásico Diseñada,600,329,271
2026-09-27T11:31:13+00:00,2026-09-27T06:31:13-05:00,2026-09-28,06:00 AM,590,410,Ruta 2-B: Terraza Inferior,100,47,53
2026-09-27T11:31:13+00:00,2026-09-27T06:31:13-05:00,2026-09-28,06:00 AM,590,410,Ruta 3-A: Montaña Waynapicchu,50,11,39
2026-09-27T11:31:13+00:00,2026-09-27T06:31:13-05:00,2026-09-28,06:00 AM,590,410,Ruta 3-B: Realeza diseñada,100,9,91
2026-09-27T11:45:53+00:00,2026-09-27T06:45:53-05:00,2026-09-28,06:00 AM,562,438,Ruta 1-A: Montaña Machupicchu,50,2,48
2026-09-27T11:45:53+00:00,2026-09-27T06:45:53-05:00,2026-09-28,06:00 AM,562,438,Ruta 1-B: Terraza superior,100,5,95
2026-09-27T11:45:53+00:00,2026-09-27T06:45:53-05:00,2026-09-28,06:00 AM,562,438,Ruta 2-A: Clásico Diseñada,600,340,260
2026-09-27T11:45:53+00:00,2026-09-27T06:45:53-05:00,2026-09-28,06:00 AM,562,438,Ruta 2-B: Terraza Inferior,100,47,53
2026-09-27T11:45:53+00:00,2026-09-27T06:45:53-05:00,2026-09-28,06:00 AM,562,438,Ruta 3-A: Montaña Waynapicchu,50,11,39
2026-09-27T11:45:53+00:00,2026-09-27T06:45:53-05:00,2026-09-28,06:00 AM,562,438,Ruta 3-B: Realeza diseñada,100,9,91
2026-09-27T12:01:27+00:00,2026-09-27T07:01:27-05:00,2026-09-28,06:00 AM,485,515,Ruta 1-A: Montaña Machupicchu,50,2,48
2026-09-27T12:01:27+00:00,2026-09-27T07:01:27-05:00,2026-09-28,06:00 AM,485,515,Ruta 1-B: Terraza superior,100,5,95
2026-09-27T12:01:27+00:00,2026-09-27T07:01:27-05:00,2026-09-28,06:00 AM,485,515,Ruta 2-A: Clásico Diseñada,600,392,208
2026-09-27T12:01:27+00:00,2026-09-27T07:01:27-05:00,2026-09-28,06:00 AM,485,515,Ruta 2-B: Terraza Inferior,100,47,53
2026-09-27T12:01:27+00:00,2026-09-27T07:01:27-05:00,2026-09-28,06:00 AM,485,515,Ruta 3-A: Montaña Waynapicchu,50,11,39
2026-09-27T12:01:27+00:00,2026-09-27T07:01:27-05:00,2026-09-28,06:00 AM,485,515,Ruta 3-B: Realeza diseñada,100,9,91
2026-09-27T12:16:02+00:00,2026-09-27T07:16:02-05:00,2026-09-28,06:00 AM,433,567,Ruta 1-A: Montaña Machupicchu,50,2,48
2026-09-27T12:16:02+00:00,2026-09-27T07:16:02-05:00,2026-09-28,06:00 AM,433,567,Ruta 1-B: Terraza superior,100,5,95
2026-09-27T12:16:02+00:00,2026-09-27T07:16:02-05:00,2026-09-28,06:00 AM,433,567,Ruta 2-A: Clásico Diseñada,600,435,165
2026-09-27T12:16:02+00:00,2026-09-27T07:16:02-05:00,2026-09-28,06:00 AM,433,567,Ruta 2-B: Terraza Inferior,100,63,37
2026-09-27T12:16:02+00:00,2026-09-27T07:16:02-05:00,2026-09-28,06:00 AM,433,567,Ruta 3-A: Montaña Waynapicchu,50,11,39
2026-09-27T12:16:02+00:00,2026-09-27T07:16:02-05:00,2026-09-28,06:00 AM,433,567,Ruta 3-B: Realeza diseñada,100,9,91
2026-09-27T12:31:11+00:00,2026-09-27T07:31:11-05:00,2026-09-28,06:00 AM,412,588,Ruta 1-A: Montaña Machupicchu,50,2,48
2026-09-27T12:31:11+00:00,2026-09-27T07:31:11-05:00,2026-09-28,06:00 AM,412,588,Ruta 1-B: Terraza superior,100,5,95
2026-09-27T12:31:11+00:00,2026-09-27T07:31:11-05:00,2026-09-28,06:00 AM,412,588,Ruta 2-A: Clásico Diseñada,600,470,130
2026-09-27T12:31:11+00:00,2026-09-27T07:31:11-05:00,2026-09-28,06:00 AM,412,588,Ruta 2-B: Terraza Inferior,100,67,33
2026-09-27T12:31:11+00:00,2026-09-27T07:31:11-05:00,2026-09-28,06:00 AM,412,588,Ruta 3-A: Montaña Waynapicchu,50,12,38
2026-09-27T12:31:11+00:00,2026-09-27T07:31:11-05:00,2026-09-28,06:00 AM,412,588,Ruta 3-B: Realeza diseñada,100,12,88
2026-09-27T12:46:00+00:00,2026-09-27T07:46:00-05:00,2026-09-28,06:00 AM,412,588,Ruta 1-A: Montaña Machupicchu,50,2,48
2026-09-27T12:46:00+00:00,2026-09-27T07:46:00-05:00,2026-09-28,06:00 AM,412,588,Ruta 1-B: Terraza superior,100,5,95
2026-09-27T12:46:00+00:00,2026-09-27T07:46:00-05:00,2026-09-28,06:00 AM,412,588,Ruta 2-A: Clásico Diseñada,600,483,117
2026-09-27T12:46:00+00:00,2026-09-27T07:46:00-05:00,2026-09-28,06:00 AM,412,588,Ruta 2-B: Terraza Inferior,100,67,33
2026-09-27T12:46:00+00:00,2026-09-27T07:46:00-05:00,2026-09-28,06:00 AM,412,588,Ruta 3-A: Montaña Waynapicchu,50,12,38
2026-09-27T12:46:00+00:00,2026-09-27T07:46:00-05:00,2026-09-28,06:00 AM,412,588,Ruta 3-B: Realeza diseñada,100,12,88
2026-09-27T13:01:23+00:00,2026-09-27T08:01:23-05:00,2026-09-28,06:00 AM,385,615,Ruta 1-A: Montaña Machupicchu,50,2,48
2026-09-27T13:01:23+00:00,2026-09-27T08:01:23-05:00,2026-09-28,06:00 AM,385,615,Ruta 1-B: Terraza superior,100,5,95
2026-09-27T13:01:23+00:00,2026-09-27T08:01:23-05:00,2026-09-28,06:00 AM,385,615,Ruta 2-A: Clásico Diseñada,600,495,105
2026-09-27T13:01:23+00:00,2026-09-27T08:01:23-05:00,2026-09-28,06:00 AM,385,615,Ruta 2-B: Terraza Inferior,100,69,31
2026-09-27T13:01:23+00:00,2026-09-27T08:01:23-05:00,2026-09-28,06:00 AM,385,615,Ruta 3-A: Montaña Waynapicchu,50,12,38
2026-09-27T13:01:23+00:00,2026-09-27T08:01:23-05:00,2026-09-28,06:00 AM,385,615,Ruta 3-B: Realeza diseñada,100,12,88
2026-09-27T13:16:34+00:00,2026-09-27T08:16:34-05:00,2026-09-28,06:00 AM,347,653,Ruta 1-A: Montaña Machupicchu,50,2,48
2026-09-27T13:16:34+00:00,2026-09-27T08:16:34-05:00,2026-09-28,06:00 AM,347,653,Ruta 1-B: Terraza superior,100,10,90
2026-09-27T13:16:34+00:00,2026-09-27T08:16:34-05:00,2026-09-28,06:00 AM,347,653,Ruta 2-A: Clásico Diseñada,600,515,85
2026-09-27T13:16:34+00:00,2026-09-27T08:16:34-05:00,2026-09-28,06:00 AM,347,653,Ruta 2-B: Terraza Inferior,100,70,30
2026-09-27T13:16:34+00:00,2026-09-27T08:16:34-05:00,2026-09-28,06:00 AM,347,653,Ruta 3-A: Montaña Waynapicchu,50,14,36
2026-09-27T13:16:34+00:00,2026-09-27T08:16:34-05:00,2026-09-28,06:00 AM,347,653,Ruta 3-B: Realeza diseñada,100,12,88
2026-09-27T13:31:07+00:00,2026-09-27T08:31:07-05:00,2026-09-28,06:00 AM,314,686,Ruta 1-A: Montaña Machupicchu,50,2,48
2026-09-27T13:31:07+00:00,2026-09-27T08:31:07-05:00,2026-09-28,06:00 AM,314,686,Ruta 1-B: Terraza superior,100,14,86
2026-09-27T13:31:07+00:00,2026-09-27T08:31:07-05:00,2026-09-28,06:00 AM,314,686,Ruta 2-A: Clásico Diseñada,600,537,63
2026-09-27T13:31:07+00:00,2026-09-27T08:31:07-05:00,2026-09-28,06:00 AM,314,686,Ruta 2-B: Terraza Inferior,100,80,20
2026-09-27T13:31:07+00:00,2026-09-27T08:31:07-05:00,2026-09-28,06:00 AM,314,686,Ruta 3-A: Montaña Waynapicchu,50,14,36
2026-09-27T13:31:07+00:00,2026-09-27T08:31:07-05:00,2026-09-28,06:00 AM,314,686,Ruta 3-B: Realeza diseñada,100,17,83
2026-09-27T13:46:01+00:00,2026-09-27T08:46:01-05:00,2026-09-28,06:00 AM,301,699,Ruta 1-A: Montaña Machupicchu,50,2,48
2026-09-27T13:46:01+00:00,2026-09-27T08:46:01-05:00,2026-09-28,06:00 AM,301,699,Ruta 1-B: Terraza superior,100,16,84
2026-09-27T13:46:01+00:00,2026-09-27T08:46:01-05:00,2026-09-28,06:00 AM,301,699,Ruta 2-A: Clásico Diseñada,600,558,42
2026-09-27T13:46:01+00:00,2026-09-27T08:46:01-05:00,2026-09-28,06:00 AM,301,699,Ruta 2-B: Terraza Inferior,100,80,20
2026-09-27T13:46:01+00:00,2026-09-27T08:46:01-05:00,2026-09-28,06:00 AM,301,699,Ruta 3-A: Montaña Waynapicchu,50,15,35
2026-09-27T13:46:01+00:00,2026-09-27T08:46:01-05:00,2026-09-28,06:00 AM,301,699,Ruta 3-B: Realeza diseñada,100,17,83
2026-09-27T14:01:19+00:00,2026-09-27T09:01:19-05:00,2026-09-28,06:00 AM,296,704,Ruta 1-A: Montaña Machupicchu,50,2,48
2026-09-27T14:01:19+00:00,2026-09-27T09:01:19-05:00,2026-09-28,06:00 AM,296,704,Ruta 1-B: Terraza superior,100,18,82
2026-09-27T14:01:19+00:00,2026-09-27T09:01:19-05:00,2026-09-28,06:00 AM,296,704,Ruta 2-A: Clásico Diseñada,600,558,42
2026-09-27T14:01:19+00:00,2026-09-27T09:01:19-05:00,2026-09-28,06:00 AM,296,704,Ruta 2-B: Terraza Inferior,100,80,20
2026-09-27T14:01:19+00:00,2026-09-27T09:01:19-05:00,2026-09-28,06:00 AM,296,704,Ruta 3-A: Montaña Waynapicchu,50,15,35
2026-09-27T14:01:19+00:00,2026-09-27T09:01:19-05:00,2026-09-28,06:00 AM,296,704,Ruta 3-B: Realeza diseñada,100,17,83
2026-09-27T14:15:57+00:00,2026-09-27T09:15:57-05:00,2026-09-28,06:00 AM,296,704,Ruta 1-A: Montaña Machupicchu,50,2,48
2026-09-27T14:15:57+00:00,2026-09-27T09:15:57-05:00,2026-09-28,06:00 AM,296,704,Ruta 1-B: Terraza superior,100,18,82
2026-09-27T14:15:57+00:00,2026-09-27T09:15:57-05:00,2026-09-28,06:00 AM,296,704,Ruta 2-A: Clásico Diseñada,600,563,37
2026-09-27T14:15:57+00:00,2026-09-27T09:15:57-05:00,2026-09-28,06:00 AM,296,704,Ruta 2-B: Terraza Inferior,100,80,20
2026-09-27T14:15:57+00:00,2026-09-27T09:15:57-05:00,2026-09-28,06:00 AM,296,704,Ruta 3-A: Montaña Waynapicchu,50,15,35
2026-09-27T14:15:57+00:00,2026-09-27T09:15:57-05:00,2026-09-28,06:00 AM,296,704,Ruta 3-B: Realeza diseñada,100,17,83
2026-09-27T14:31:17+00:00,2026-09-27T09:31:17-05:00,2026-09-28,06:00 AM,289,711,Ruta 1-A: Montaña Machupicchu,50,2,48
2026-09-27T14:31:17+00:00,2026-09-27T09:31:17-05:00,2026-09-28,06:00 AM,289,711,Ruta 1-B: Terraza superior,100,18,82
2026-09-27T14:31:17+00:00,2026-09-27T09:31:17-05:00,2026-09-28,06:00 AM,289,711,Ruta 2-A: Clásico Diseñada,600,568,32
2026-09-27T14:31:17+00:00,2026-09-27T09:31:17-05:00,2026-09-28,06:00 AM,289,711,Ruta 2-B: Terraza Inferior,100,80,20
2026-09-27T14:31:17+00:00,2026-09-27T09:31:17-05:00,2026-09-28,06:00 AM,289,711,Ruta 3-A: Montaña Waynapicchu,50,17,33
2026-09-27T14:31:17+00:00,2026-09-27T09:31:17-05:00,2026-09-28,06:00 AM,289,711,Ruta 3-B: Realeza diseñada,100,17,83
2026-09-27T14:45:56+00:00,2026-09-27T09:45:56-05:00,2026-09-28,06:00 AM,276,724,Ruta 1-A: Montaña Machupicchu,50,2,48
2026-09-27T14:45:56+00:00,2026-09-27T09:45:56-05:00,2026-09-28,06:00 AM,276,724,Ruta 1-B: Terraza superior,100,18,82
2026-09-27T14:45:56+00:00,2026-09-27T09:45:56-05:00,2026-09-28,06:00 AM,276,724,Ruta 2-A: Clásico Diseñada,600,571,29
2026-09-27T14:45:56+00:00,2026-09-27T09:45:56-05:00,2026-09-28,06:00 AM,276,724,Ruta 2-B: Terraza Inferior,100,80,20
2026-09-27T14:45:56+00:00,2026-09-27T09:45:56-05:00,2026-09-28,06:00 AM,276,724,Ruta 3-A: Montaña Waynapicchu,50,17,33
2026-09-27T14:45:56+00:00,2026-09-27T09:45:56-05:00,2026-09-28,06:00 AM,276,724,Ruta 3-B: Realeza diseñada,100,26,74
2026-09-27T15:01:18+00:00,2026-09-27T10:01:18-05:00,2026-09-28,06:00 AM,276,724,Ruta 1-A: Montaña Machupicchu,50,2,48
2026-09-27T15:01:18+00:00,2026-09-27T10:01:18-05:00,2026-09-28,06:00 AM,276,724,Ruta 1-B: Terraza superior,100,18,82
2026-09-27T15:01:18+00:00,2026-09-27T10:01:18-05:00,2026-09-28,06:00 AM,276,724,Ruta 2-A: Clásico Diseñada,600,571,29
2026-09-27T15:01:18+00:00,2026-09-27T10:01:18-05:00,2026-09-28,06:00 AM,276,724,Ruta 2-B: Terraza Inferior,100,80,20
2026-09-27T15:01:18+00:00,2026-09-27T10:01:18-05:00,2026-09-28,06:00 AM,276,724,Ruta 3-A: Montaña Waynapicchu,50,17,33
2026-09-27T15:01:18+00:00,2026-09-27T10:01:18-05:00,2026-09-28,06:00 AM,276,724,Ruta 3-B: Realeza diseñada,100,27,73
2026-09-27T15:04:52+00:00,2026-09-27T10:04:52-05:00,2026-09-28,06:00 AM,276,724,Ruta 1-A: Montaña Machupicchu,50,2,48
2026-09-27T15:04:52+00:00,2026-09-27T10:04:52-05:00,2026-09-28,06:00 AM,276,724,Ruta 1-B: Terraza superior,100,18,82
2026-09-27T15:04:52+00:00,2026-09-27T10:04:52-05:00,2026-09-28,06:00 AM,276,724,Ruta 2-A: Clásico Diseñada,600,571,29
2026-09-27T15:04:52+00:00,2026-09-27T10:04:52-05:00,2026-09-28,06:00 AM,276,724,Ruta 2-B: Terraza Inferior,100,80,20
2026-09-27T15:04:52+00:00,2026-09-27T10:04:52-05:00,2026-09-28,06:00 AM,276,724,Ruta 3-A: Montaña Waynapicchu,50,17,33
2026-09-27T15:04:52+00:00,2026-09-27T10:04:52-05:00,2026-09-28,06:00 AM,276,724,Ruta 3-B: Realeza diseñada,100,27,73
2026-09-27T15:15:59+00:00,2026-09-27T10:15:59-05:00,2026-09-28,06:00 AM,267,733,Ruta 1-A: Montaña Machupicchu,50,2,48
2026-09-27T15:15:59+00:00,2026-09-27T10:15:59-05:00,2026-09-28,06:00 AM,267,733,Ruta 1-B: Terraza superior,100,18,82
2026-09-27T15:15:59+00:00,2026-09-27T10:15:59-05:00,2026-09-28,06:00 AM,267,733,Ruta 2-A: Clásico Diseñada,600,574,26
2026-09-27T15:15:59+00:00,2026-09-27T10:15:59-05:00,2026-09-28,06:00 AM,267,733,Ruta 2-B: Terraza Inferior,100,82,18
2026-09-27T15:15:59+00:00,2026-09-27T10:15:59-05:00,2026-09-28,06:00 AM,267,733,Ruta 3-A: Montaña Waynapicchu,50,17,33
2026-09-27T15:15:59+00:00,2026-09-27T10:15:59-05:00,2026-09-28,06:00 AM,267,733,Ruta 3-B: Realeza diseñada,100,28,72
2026-09-27T15:31:21+00:00,2026-09-27T10:31:21-05:00,2026-09-28,06:00 AM,265,735,Ruta 1-A: Montaña Machupicchu,50,2,48
2026-09-27T15:31:21+00:00,2026-09-27T10:31:21-05:00,2026-09-28,06:00 AM,265,735,Ruta 1-B: Terraza superior,100,18,82
2026-09-27T15:31:21+00:00,2026-09-27T10:31:21-05:00,2026-09-28,06:00 AM,265,735,Ruta 2-A: Clásico Diseñada,600,574,26
2026-09-27T15:31:21+00:00,2026-09-27T10:31:21-05:00,2026-09-28,06:00 AM,265,735,Ruta 2-B: Terraza Inferior,100,87,13
2026-09-27T15:31:21+00:00,2026-09-27T10:31:21-05:00,2026-09-28,06:00 AM,265,735,Ruta 3-A: Montaña Waynapicchu,50,17,33
2026-09-27T15:31:21+00:00,2026-09-27T10:31:21-05:00,2026-09-28,06:00 AM,265,735,Ruta 3-B: Realeza diseñada,100,28,72
2026-09-27T15:45:51+00:00,2026-09-27T10:45:51-05:00,2026-09-28,06:00 AM,254,746,Ruta 1-A: Montaña Machupicchu,50,2,48
2026-09-27T15:45:51+00:00,2026-09-27T10:45:51-05:00,2026-09-28,06:00 AM,254,746,Ruta 1-B: Terraza superior,100,18,82
2026-09-27T15:45:51+00:00,2026-09-27T10:45:51-05:00,2026-09-28,06:00 AM,254,746,Ruta 2-A: Clásico Diseñada,600,581,19
2026-09-27T15:45:51+00:00,2026-09-27T10:45:51-05:00,2026-09-28,06:00 AM,254,746,Ruta 2-B: Terraza Inferior,100,89,11
2026-09-27T15:45:51+00:00,2026-09-27T10:45:51-05:00,2026-09-28,06:00 AM,254,746,Ruta 3-A: Montaña Waynapicchu,50,17,33
2026-09-27T15:45:51+00:00,2026-09-27T10:45:51-05:00,2026-09-28,06:00 AM,254,746,Ruta 3-B: Realeza diseñada,100,28,72
2026-09-27T16:01:24+00:00,2026-09-27T11:01:24-05:00,2026-09-28,06:00 AM,249,751,Ruta 1-A: Montaña Machupicchu,50,2,48
2026-09-27T16:01:24+00:00,2026-09-27T11:01:24-05:00,2026-09-28,06:00 AM,249,751,Ruta 1-B: Terraza superior,100,18,82
2026-09-27T16:01:24+00:00,2026-09-27T11:01:24-05:00,2026-09-28,06:00 AM,249,751,Ruta 2-A: Clásico Diseñada,600,585,15
2026-09-27T16:01:24+00:00,2026-09-27T11:01:24-05:00,2026-09-28,06:00 AM,249,751,Ruta 2-B: Terraza Inferior,100,90,10
2026-09-27T16:01:24+00:00,2026-09-27T11:01:24-05:00,2026-09-28,06:00 AM,249,751,Ruta 3-A: Montaña Waynapicchu,50,17,33
2026-09-27T16:01:24+00:00,2026-09-27T11:01:24-05:00,2026-09-28,06:00 AM,249,751,Ruta 3-B: Realeza diseñada,100,28,72
2026-09-27T16:16:01+00:00,2026-09-27T11:16:01-05:00,2026-09-28,06:00 AM,248,752,Ruta 1-A: Montaña Machupicchu,50,2,48
2026-09-27T16:16:01+00:00,2026-09-27T11:16:01-05:00,2026-09-28,06:00 AM,248,752,Ruta 1-B: Terraza superior,100,18,82
2026-09-27T16:16:01+00:00,2026-09-27T11:16:01-05:00,2026-09-28,06:00 AM,248,752,Ruta 2-A: Clásico Diseñada,600,587,13
2026-09-27T16:16:01+00:00,2026-09-27T11:16:01-05:00,2026-09-28,06:00 AM,248,752,Ruta 2-B: Terraza Inferior,100,90,10
2026-09-27T16:16:01+00:00,2026-09-27T11:16:01-05:00,2026-09-28,06:00 AM,248,752,Ruta 3-A: Montaña Waynapicchu,50,17,33
2026-09-27T16:16:01+00:00,2026-09-27T11:16:01-05:00,2026-09-28,06:00 AM,248,752,Ruta 3-B: Realeza diseñada,100,28,72
2026-09-27T16:31:05+00:00,2026-09-27T11:31:05-05:00,2026-09-28,06:00 AM,244,756,Ruta 1-A: Montaña Machupicchu,50,2,48
2026-09-27T16:31:05+00:00,2026-09-27T11:31:05-05:00,2026-09-28,06:00 AM,244,756,Ruta 1-B: Terraza superior,100,20,80
2026-09-27T16:31:05+00:00,2026-09-27T11:31:05-05:00,2026-09-28,06:00 AM,244,756,Ruta 2-A: Clásico Diseñada,600,589,11
2026-09-27T16:31:05+00:00,2026-09-27T11:31:05-05:00,2026-09-28,06:00 AM,244,756,Ruta 2-B: Terraza Inferior,100,90,10
2026-09-27T16:31:05+00:00,2026-09-27T11:31:05-05:00,2026-09-28,06:00 AM,244,756,Ruta 3-A: Montaña Waynapicchu,50,17,33
2026-09-27T16:31:05+00:00,2026-09-27T11:31:05-05:00,2026-09-28,06:00 AM,244,756,Ruta 3-B: Realeza diseñada,100,28,72
2026-09-27T16:46:29+00:00,2026-09-27T11:46:29-05:00,2026-09-28,06:00 AM,235,765,Ruta 1-A: Montaña Machupicchu,50,2,48
2026-09-27T16:46:29+00:00,2026-09-27T11:46:29-05:00,2026-09-28,06:00 AM,235,765,Ruta 1-B: Terraza superior,100,20,80
2026-09-27T16:46:29+00:00,2026-09-27T11:46:29-05:00,2026-09-28,06:00 AM,235,765,Ruta 2-A: Clásico Diseñada,600,595,5
2026-09-27T16:46:29+00:00,2026-09-27T11:46:29-05:00,2026-09-28,06:00 AM,235,765,Ruta 2-B: Terraza Inferior,100,90,10
2026-09-27T16:46:29+00:00,2026-09-27T11:46:29-05:00,2026-09-28,06:00 AM,235,765,Ruta 3-A: Montaña Waynapicchu,50,18,32
2026-09-27T16:46:29+00:00,2026-09-27T11:46:29-05:00,2026-09-28,06:00 AM,235,765,Ruta 3-B: Realeza diseñada,100,28,72
2026-09-27T17:01:21+00:00,2026-09-27T12:01:21-05:00,2026-09-28,06:00 AM,235,765,Ruta 1-A: Montaña Machupicchu,50,2,48
2026-09-27T17:01:21+00:00,2026-09-27T12:01:21-05:00,2026-09-28,06:00 AM,235,765,Ruta 1-B: Terraza superior,100,20,80
2026-09-27T17:01:21+00:00,2026-09-27T12:01:21-05:00,2026-09-28,06:00 AM,235,765,Ruta 2-A: Clásico Diseñada,600,595,5
2026-09-27T17:01:21+00:00,2026-09-27T12:01:21-05:00,2026-09-28,06:00 AM,235,765,Ruta 2-B: Terraza Inferior,100,90,10
2026-09-27T17:01:21+00:00,2026-09-27T12:01:21-05:00,2026-09-28,06:00 AM,235,765,Ruta 3-A: Montaña Waynapicchu,50,19,31
2026-09-27T17:01:21+00:00,2026-09-27T12:01:21-05:00,2026-09-28,06:00 AM,235,765,Ruta 3-B: Realeza diseñada,100,28,72
2026-09-27T17:31:08+00:00,2026-09-27T12:31:08-05:00,2026-09-28,06:00 AM,228,772,Ruta 1-A: Montaña Machupicchu,50,2,48
2026-09-27T17:31:08+00:00,2026-09-27T12:31:08-05:00,2026-09-28,06:00 AM,228,772,Ruta 1-B: Terraza superior,100,21,79
2026-09-27T17:31:08+00:00,2026-09-27T12:31:08-05:00,2026-09-28,06:00 AM,228,772,Ruta 2-A: Clásico Diseñada,600,600,0
2026-09-27T17:31:08+00:00,2026-09-27T12:31:08-05:00,2026-09-28,06:00 AM,228,772,Ruta 2-B: Terraza Inferior,100,92,8
2026-09-27T17:31:08+00:00,2026-09-27T12:31:08-05:00,2026-09-28,06:00 AM,228,772,Ruta 3-A: Montaña Waynapicchu,50,19,31
2026-09-27T17:31:08+00:00,2026-09-27T12:31:08-05:00,2026-09-28,06:00 AM,228,772,Ruta 3-B: Realeza diseñada,100,28,72
2026-09-27T17:45:58+00:00,2026-09-27T12:45:58-05:00,2026-09-28,06:00 AM,,,Ruta 1-A: Montaña Machupicchu,50,2,48
2026-09-27T17:45:58+00:00,2026-09-27T12:45:58-05:00,2026-09-28,06:00 AM,,,Ruta 1-B: Terraza superior,100,21,79
2026-09-27T17:45:58+00:00,2026-09-27T12:45:58-05:00,2026-09-28,06:00 AM,,,Ruta 2-A: Clásico Diseñada,600,600,0
2026-09-27T17:45:58+00:00,2026-09-27T12:45:58-05:00,2026-09-28,06:00 AM,,,Ruta 2-B: Terraza Inferior,100,100,0
2026-09-27T17:45:58+00:00,2026-09-27T12:45:58-05:00,2026-09-28,06:00 AM,,,Ruta 3-A: Montaña Waynapicchu,50,19,31
2026-09-27T17:45:58+00:00,2026-09-27T12:45:58-05:00,2026-09-28,06:00 AM,,,Ruta 3-B: Realeza diseñada,100,30,70
2026-09-27T18:01:35+00:00,2026-09-27T13:01:35-05:00,2026-09-28,06:00 AM,208,792,Ruta 1-A: Montaña Machupicchu,50,2,48
2026-09-27T18:01:35+00:00,2026-09-27T13:01:35-05:00,2026-09-28,06:00 AM,208,792,Ruta 1-B: Terraza superior,100,23,77
2026-09-27T18:01:35+00:00,2026-09-27T13:01:35-05:00,2026-09-28,06:00 AM,208,792,Ruta 2-A: Clásico Diseñada,600,600,0
2026-09-27T18:01:35+00:00,2026-09-27T13:01:35-05:00,2026-09-28,06:00 AM,208,792,Ruta 2-B: Terraza Inferior,100,100,0
2026-09-27T18:01:35+00:00,2026-09-27T13:01:35-05:00,2026-09-28,06:00 AM,208,792,Ruta 3-A: Montaña Waynapicchu,50,21,29
2026-09-27T18:01:35+00:00,2026-09-27T13:01:35-05:00,2026-09-28,06:00 AM,208,792,Ruta 3-B: Realeza diseñada,100,30,70
2026-09-27T18:16:26+00:00,2026-09-27T13:16:26-05:00,2026-09-28,06:00 AM,181,819,Ruta 1-A: Montaña Machupicchu,50,4,46
2026-09-27T18:16:26+00:00,2026-09-27T13:16:26-05:00,2026-09-28,06:00 AM,181,819,Ruta 1-B: Terraza superior,100,26,74
2026-09-27T18:16:26+00:00,2026-09-27T13:16:26-05:00,2026-09-28,06:00 AM,181,819,Ruta 2-A: Clásico Diseñada,600,600,0
2026-09-27T18:16:26+00:00,2026-09-27T13:16:26-05:00,2026-09-28,06:00 AM,181,819,Ruta 2-B: Terraza Inferior,100,100,0
2026-09-27T18:16:26+00:00,2026-09-27T13:16:26-05:00,2026-09-28,06:00 AM,181,819,Ruta 3-A: Montaña Waynapicchu,50,25,25
2026-09-27T18:16:26+00:00,2026-09-27T13:16:26-05:00,2026-09-28,06:00 AM,181,819,Ruta 3-B: Realeza diseñada,100,36,64
2026-09-27T18:31:10+00:00,2026-09-27T13:31:10-05:00,2026-09-28,06:00 AM,168,832,Ruta 1-A: Montaña Machupicchu,50,4,46
2026-09-27T18:31:10+00:00,2026-09-27T13:31:10-05:00,2026-09-28,06:00 AM,168,832,Ruta 1-B: Terraza superior,100,38,62
2026-09-27T18:31:10+00:00,2026-09-27T13:31:10-05:00,2026-09-28,06:00 AM,168,832,Ruta 2-A: Clásico Diseñada,600,600,0
2026-09-27T18:31:10+00:00,2026-09-27T13:31:10-05:00,2026-09-28,06:00 AM,168,832,Ruta 2-B: Terraza Inferior,100,100,0
2026-09-27T18:31:10+00:00,2026-09-27T13:31:10-05:00,2026-09-28,06:00 AM,168,832,Ruta 3-A: Montaña Waynapicchu,50,27,23
2026-09-27T18:31:10+00:00,2026-09-27T13:31:10-05:00,2026-09-28,06:00 AM,168,832,Ruta 3-B: Realeza diseñada,100,44,56
2026-09-27T18:45:54+00:00,2026-09-27T13:45:54-05:00,2026-09-28,06:00 AM,156,844,Ruta 1-A: Montaña Machupicchu,50,9,41
2026-09-27T18:45:54+00:00,2026-09-27T13:45:54-05:00,2026-09-28,06:00 AM,156,844,Ruta 1-B: Terraza superior,100,40,60
2026-09-27T18:45:54+00:00,2026-09-27T13:45:54-05:00,2026-09-28,06:00 AM,156,844,Ruta 2-A: Clásico Diseñada,600,600,0
2026-09-27T18:45:54+00:00,2026-09-27T13:45:54-05:00,2026-09-28,06:00 AM,156,844,Ruta 2-B: Terraza Inferior,100,100,0
2026-09-27T18:45:54+00:00,2026-09-27T13:45:54-05:00,2026-09-28,06:00 AM,156,844,Ruta 3-A: Montaña Waynapicchu,50,27,23
2026-09-27T18:45:54+00:00,2026-09-27T13:45:54-05:00,2026-09-28,06:00 AM,156,844,Ruta 3-B: Realeza diseñada,100,56,44
2026-09-27T19:00:26+00:00,2026-09-27T14:00:26-05:00,2026-09-28,06:00 AM,140,860,Ruta 1-A: Montaña Machupicchu,50,9,41
2026-09-27T19:00:26+00:00,2026-09-27T14:00:26-05:00,2026-09-28,06:00 AM,140,860,Ruta 1-B: Terraza superior,100,40,60
2026-09-27T19:00:26+00:00,2026-09-27T14:00:26-05:00,2026-09-28,06:00 AM,140,860,Ruta 2-A: Clásico Diseñada,600,600,0
2026-09-27T19:00:26+00:00,2026-09-27T14:00:26-05:00,2026-09-28,06:00 AM,140,860,Ruta 2-B: Terraza Inferior,100,100,0
2026-09-27T19:00:26+00:00,2026-09-27T14:00:26-05:00,2026-09-28,06:00 AM,140,860,Ruta 3-A: Montaña Waynapicchu,50,28,22
2026-09-27T19:00:26+00:00,2026-09-27T14:00:26-05:00,2026-09-28,06:00 AM,140,860,Ruta 3-B: Realeza diseñada,100,56,44
2026-09-27T19:02:46+00:00,2026-09-27T14:02:46-05:00,2026-09-28,06:00 AM,129,871,Ruta 1-A: Montaña Machupicchu,50,9,41
2026-09-27T19:02:46+00:00,2026-09-27T14:02:46-05:00,2026-09-28,06:00 AM,129,871,Ruta 1-B: Terraza superior,100,40,60
2026-09-27T19:02:46+00:00,2026-09-27T14:02:46-05:00,2026-09-28,06:00 AM,129,871,Ruta 2-A: Clásico Diseñada,600,600,0
2026-09-27T19:02:46+00:00,2026-09-27T14:02:46-05:00,2026-09-28,06:00 AM,129,871,Ruta 2-B: Terraza Inferior,100,100,0
2026-09-27T19:02:46+00:00,2026-09-27T14:02:46-05:00,2026-09-28,06:00 AM,129,871,Ruta 3-A: Montaña Waynapicchu,50,28,22
2026-09-27T19:02:46+00:00,2026-09-27T14:02:46-05:00,2026-09-28,06:00 AM,129,871,Ruta 3-B: Realeza diseñada,100,56,44
2026-09-27T19:16:18+00:00,2026-09-27T14:16:18-05:00,2026-09-28,06:00 AM,87,913,Ruta 1-A: Montaña Machupicchu,50,9,41
2026-09-27T19:16:18+00:00,2026-09-27T14:16:18-05:00,2026-09-28,06:00 AM,87,913,Ruta 1-B: Terraza superior,100,48,52
2026-09-27T19:16:18+00:00,2026-09-27T14:16:18-05:00,2026-09-28,06:00 AM,87,913,Ruta 2-A: Clásico Diseñada,600,600,0
2026-09-27T19:16:18+00:00,2026-09-27T14:16:18-05:00,2026-09-28,06:00 AM,87,913,Ruta 2-B: Terraza Inferior,100,100,0
2026-09-27T19:16:18+00:00,2026-09-27T14:16:18-05:00,2026-09-28,06:00 AM,87,913,Ruta 3-A: Montaña Waynapicchu,50,30,20
2026-09-27T19:16:18+00:00,2026-09-27T14:16:18-05:00,2026-09-28,06:00 AM,87,913,Ruta 3-B: Realeza diseñada,100,71,29
2026-09-27T19:31:03+00:00,2026-09-27T14:31:03-05:00,2026-09-28,06:00 AM,75,925,Ruta 1-A: Montaña Machupicchu,50,9,41
2026-09-27T19:31:03+00:00,2026-09-27T14:31:03-05:00,2026-09-28,06:00 AM,75,925,Ruta 1-B: Terraza superior,100,63,37
2026-09-27T19:31:03+00:00,2026-09-27T14:31:03-05:00,2026-09-28,06:00 AM,75,925,Ruta 2-A: Clásico Diseñada,600,600,0
2026-09-27T19:31:03+00:00,2026-09-27T14:31:03-05:00,2026-09-28,06:00 AM,75,925,Ruta 2-B: Terraza Inferior,100,100,0
2026-09-27T19:31:03+00:00,2026-09-27T14:31:03-05:00,2026-09-28,06:00 AM,75,925,Ruta 3-A: Montaña Waynapicchu,50,33,17
2026-09-27T19:31:03+00:00,2026-09-27T14:31:03-05:00,2026-09-28,06:00 AM,75,925,Ruta 3-B: Realeza diseñada,100,91,9
2026-09-27T19:46:07+00:00,2026-09-27T14:46:07-05:00,2026-09-28,06:00 AM,45,955,Ruta 1-A: Montaña Machupicchu,50,13,37
2026-09-27T19:46:07+00:00,2026-09-27T14:46:07-05:00,2026-09-28,06:00 AM,45,955,Ruta 1-B: Terraza superior,100,76,24
2026-09-27T19:46:07+00:00,2026-09-27T14:46:07-05:00,2026-09-28,06:00 AM,45,955,Ruta 2-A: Clásico Diseñada,600,600,0
2026-09-27T19:46:07+00:00,2026-09-27T14:46:07-05:00,2026-09-28,06:00 AM,45,955,Ruta 2-B: Terraza Inferior,100,100,0
2026-09-27T19:46:07+00:00,2026-09-27T14:46:07-05:00,2026-09-28,06:00 AM,45,955,Ruta 3-A: Montaña Waynapicchu,50,34,16
2026-09-27T19:46:07+00:00,2026-09-27T14:46:07-05:00,2026-09-28,06:00 AM,45,955,Ruta 3-B: Realeza diseñada,100,100,0
2026-09-27T20:01:24+00:00,2026-09-27T15:01:24-05:00,2026-09-28,06:00 AM,37,963,Ruta 1-A: Montaña Machupicchu,50,13,37
2026-09-27T20:01:24+00:00,2026-09-27T15:01:24-05:00,2026-09-28,06:00 AM,37,963,Ruta 1-B: Terraza superior,100,81,19
2026-09-27T20:01:24+00:00,2026-09-27T15:01:24-05:00,2026-09-28,06:00 AM,37,963,Ruta 2-A: Clásico Diseñada,600,600,0
2026-09-27T20:01:24+00:00,2026-09-27T15:01:24-05:00,2026-09-28,06:00 AM,37,963,Ruta 2-B: Terraza Inferior,100,100,0
2026-09-27T20:01:24+00:00,2026-09-27T15:01:24-05:00,2026-09-28,06:00 AM,37,963,Ruta 3-A: Montaña Waynapicchu,50,39,11
2026-09-27T20:01:24+00:00,2026-09-27T15:01:24-05:00,2026-09-28,06:00 AM,37,963,Ruta 3-B: Realeza diseñada,100,100,0
2026-09-27T20:15:57+00:00,2026-09-27T15:15:57-05:00,2026-09-28,06:00 AM,34,966,Ruta 1-A: Montaña Machupicchu,50,19,31
2026-09-27T20:15:57+00:00,2026-09-27T15:15:57-05:00,2026-09-28,06:00 AM,34,966,Ruta 1-B: Terraza superior,100,81,19
2026-09-27T20:15:57+00:00,2026-09-27T15:15:57-05:00,2026-09-28,06:00 AM,34,966,Ruta 2-A: Clásico Diseñada,600,600,0
2026-09-27T20:15:57+00:00,2026-09-27T15:15:57-05:00,2026-09-28,06:00 AM,34,966,Ruta 2-B: Terraza Inferior,100,100,0
2026-09-27T20:15:57+00:00,2026-09-27T15:15:57-05:00,2026-09-28,06:00 AM,34,966,Ruta 3-A: Montaña Waynapicchu,50,40,10
2026-09-27T20:15:57+00:00,2026-09-27T15:15:57-05:00,2026-09-28,06:00 AM,34,966,Ruta 3-B: Realeza diseñada,100,100,0
2026-09-27T20:30:58+00:00,2026-09-27T15:30:58-05:00,2026-09-28,06:00 AM,31,969,Ruta 1-A: Montaña Machupicchu,50,19,31
2026-09-27T20:30:58+00:00,2026-09-27T15:30:58-05:00,2026-09-28,06:00 AM,31,969,Ruta 1-B: Terraza superior,100,81,19
2026-09-27T20:30:58+00:00,2026-09-27T15:30:58-05:00,2026-09-28,06:00 AM,31,969,Ruta 2-A: Clásico Diseñada,600,600,0
2026-09-27T20:30:58+00:00,2026-09-27T15:30:58-05:00,2026-09-28,06:00 AM,31,969,Ruta 2-B: Terraza Inferior,100,100,0
2026-09-27T20:30:58+00:00,2026-09-27T15:30:58-05:00,2026-09-28,06:00 AM,31,969,Ruta 3-A: Montaña Waynapicchu,50,42,8
2026-09-27T20:30:58+00:00,2026-09-27T15:30:58-05:00,2026-09-28,06:00 AM,31,969,Ruta 3-B: Realeza diseñada,100,100,0
2026-09-27T20:45:55+00:00,2026-09-27T15:45:55-05:00,2026-09-28,06:00 AM,20,980,Ruta 1-A: Montaña Machupicchu,50,21,29
2026-09-27T20:45:55+00:00,2026-09-27T15:45:55-05:00,2026-09-28,06:00 AM,20,980,Ruta 1-B: Terraza superior,100,81,19
2026-09-27T20:45:55+00:00,2026-09-27T15:45:55-05:00,2026-09-28,06:00 AM,20,980,Ruta 2-A: Clásico Diseñada,600,600,0
2026-09-27T20:45:55+00:00,2026-09-27T15:45:55-05:00,2026-09-28,06:00 AM,20,980,Ruta 2-B: Terraza Inferior,100,100,0
2026-09-27T20:45:55+00:00,2026-09-27T15:45:55-05:00,2026-09-28,06:00 AM,20,980,Ruta 3-A: Montaña Waynapicchu,50,46,4
2026-09-27T20:45:55+00:00,2026-09-27T15:45:55-05:00,2026-09-28,06:00 AM,20,980,Ruta 3-B: Realeza diseñada,100,100,0
2026-09-27T21:01:21+00:00,2026-09-27T16:01:21-05:00,2026-09-28,06:00 AM,9,991,Ruta 1-A: Montaña Machupicchu,50,21,29
2026-09-27T21:01:21+00:00,2026-09-27T16:01:21-05:00,2026-09-28,06:00 AM,9,991,Ruta 1-B: Terraza superior,100,89,11
2026-09-27T21:01:21+00:00,2026-09-27T16:01:21-05:00,2026-09-28,06:00 AM,9,991,Ruta 2-A: Clásico Diseñada,600,600,0
2026-09-27T21:01:21+00:00,2026-09-27T16:01:21-05:00,2026-09-28,06:00 AM,9,991,Ruta 2-B: Terraza Inferior,100,100,0
2026-09-27T21:01:21+00:00,2026-09-27T16:01:21-05:00,2026-09-28,06:00 AM,9,991,Ruta 3-A: Montaña Waynapicchu,50,50,0
2026-09-27T21:01:21+00:00,2026-09-27T16:01:21-05:00,2026-09-28,06:00 AM,9,991,Ruta 3-B: Realeza diseñada,100,100,0
2026-09-27T21:15:59+00:00,2026-09-27T16:15:59-05:00,2026-09-28,06:00 AM,5,995,Ruta 1-A: Montaña Machupicchu,50,25,25
2026-09-27T21:15:59+00:00,2026-09-27T16:15:59-05:00,2026-09-28,06:00 AM,5,995,Ruta 1-B: Terraza superior,100,89,11
2026-09-27T21:15:59+00:00,2026-09-27T16:15:59-05:00,2026-09-28,06:00 AM,5,995,Ruta 2-A: Clásico Diseñada,600,600,0
2026-09-27T21:15:59+00:00,2026-09-27T16:15:59-05:00,2026-09-28,06:00 AM,5,995,Ruta 2-B: Terraza Inferior,100,100,0
2026-09-27T21:15:59+00:00,2026-09-27T16:15:59-05:00,2026-09-28,06:00 AM,5,995,Ruta 3-A: Montaña Waynapicchu,50,50,0
2026-09-27T21:15:59+00:00,2026-09-27T16:15:59-05:00,2026-09-28,06:00 AM,5,995,Ruta 3-B: Realeza diseñada,100,100,0
2026-09-27T21:31:12+00:00,2026-09-27T16:31:12-05:00,2026-09-28,06:00 AM,4,996,Ruta 1-A: Montaña Machupicchu,50,25,25
2026-09-27T21:31:12+00:00,2026-09-27T16:31:12-05:00,2026-09-28,06:00 AM,4,996,Ruta 1-B: Terraza superior,100,89,11
2026-09-27T21:31:12+00:00,2026-09-27T16:31:12-05:00,2026-09-28,06:00 AM,4,996,Ruta 2-A: Clásico Diseñada,600,600,0
2026-09-27T21:31:12+00:00,2026-09-27T16:31:12-05:00,2026-09-28,06:00 AM,4,996,Ruta 2-B: Terraza Inferior,100,100,0
2026-09-27T21:31:12+00:00,2026-09-27T16:31:12-05:00,2026-09-28,06:00 AM,4,996,Ruta 3-A: Montaña Waynapicchu,50,50,0
2026-09-27T21:31:12+00:00,2026-09-27T16:31:12-05:00,2026-09-28,06:00 AM,4,996,Ruta 3-B: Realeza diseñada,100,100,0
2026-09-27T21:45:52+00:00,2026-09-27T16:45:52-05:00,2026-09-28,06:00 AM,0,1000,Ruta 1-A: Montaña Machupicchu,50,28,22
2026-09-27T21:45:52+00:00,2026-09-27T16:45:52-05:00,2026-09-28,06:00 AM,0,1000,Ruta 1-B: Terraza superior,100,89,11
2026-09-27T21:45:52+00:00,2026-09-27T16:45:52-05:00,2026-09-28,06:00 AM,0,1000,Ruta 2-A: Clásico Diseñada,600,600,0
2026-09-27T21:45:52+00:00,2026-09-27T16:45:52-05:00,2026-09-28,06:00 AM,0,1000,Ruta 2-B: Terraza Inferior,100,100,0
2026-09-27T21:45:52+00:00,2026-09-27T16:45:52-05:00,2026-09-28,06:00 AM,0,1000,Ruta 3-A: Montaña Waynapicchu,50,50,0
2026-09-27T21:45:52+00:00,2026-09-27T16:45:52-05:00,2026-09-28,06:00 AM,0,1000,Ruta 3-B: Realeza diseñada,100,100,0
2026-09-27T22:03:39+00:00,2026-09-27T17:03:39-05:00,2026-09-28,06:00 AM,0,1000,Ruta 1-A: Montaña Machupicchu,50,33,17
2026-09-27T22:03:39+00:00,2026-09-27T17:03:39-05:00,2026-09-28,06:00 AM,0,1000,Ruta 1-B: Terraza superior,100,96,4
2026-09-27T22:03:39+00:00,2026-09-27T17:03:39-05:00,2026-09-28,06:00 AM,0,1000,Ruta 2-A: Clásico Diseñada,600,600,0
2026-09-27T22:03:39+00:00,2026-09-27T17:03:39-05:00,2026-09-28,06:00 AM,0,1000,Ruta 2-B: Terraza Inferior,100,100,0
2026-09-27T22:03:39+00:00,2026-09-27T17:03:39-05:00,2026-09-28,06:00 AM,0,1000,Ruta 3-A: Montaña Waynapicchu,50,50,0
2026-09-27T22:03:39+00:00,2026-09-27T17:03:39-05:00,2026-09-28,06:00 AM,0,1000,Ruta 3-B: Realeza diseñada,100,100,0
2026-09-27T23:01:27+00:00,2026-09-27T18:01:27-05:00,2026-09-28,06:00 AM,0,1000,Ruta 1-A: Montaña Machupicchu,50,50,0
2026-09-27T23:01:27+00:00,2026-09-27T18:01:27-05:00,2026-09-28,06:00 AM,0,1000,Ruta 1-B: Terraza superior,100,100,0
2026-09-27T23:01:27+00:00,2026-09-27T18:01:27-05:00,2026-09-28,06:00 AM,0,1000,Ruta 2-A: Clásico Diseñada,600,600,0
2026-09-27T23:01:27+00:00,2026-09-27T18:01:27-05:00,2026-09-28,06:00 AM,0,1000,Ruta 2-B: Terraza Inferior,100,100,0
2026-09-27T23:01:27+00:00,2026-09-27T18:01:27-05:00,2026-09-28,06:00 AM,0,1000,Ruta 3-A: Montaña Waynapicchu,50,50,0
2026-09-27T23:01:27+00:00,2026-09-27T18:01:27-05:00,2026-09-28,06:00 AM,0,1000,Ruta 3-B: Realeza diseñada,100,100,0
2026-09-28T00:18:09+00:00,2026-09-27T19:18:09-05:00,2026-09-29,06:00 AM,823,177,Ruta 1-A: Montaña Machupicchu,50,1,49
2026-09-28T00:18:09+00:00,2026-09-27T19:18:09-05:00,2026-09-29,06:00 AM,823,177,Ruta 1-B: Terraza superior,100,3,97
2026-09-28T00:18:09+00:00,2026-09-27T19:18:09-05:00,2026-09-29,06:00 AM,823,177,Ruta 2-A: Clásico Diseñada,600,130,470
2026-09-28T00:18:09+00:00,2026-09-27T19:18:09-05:00,2026-09-29,06:00 AM,823,177,Ruta 2-B: Terraza Inferior,100,39,61
2026-09-28T00:18:09+00:00,2026-09-27T19:18:09-05:00,2026-09-29,06:00 AM,823,177,Ruta 3-A: Montaña Waynapicchu,50,1,49
2026-09-28T00:18:09+00:00,2026-09-27T19:18:09-05:00,2026-09-29,06:00 AM,823,177,Ruta 3-B: Realeza diseñada,100,0,100
2026-09-28T01:01:52+00:00,2026-09-27T20:01:52-05:00,2026-09-29,06:00 AM,813,187,Ruta 1-A: Montaña Machupicchu,50,1,49
2026-09-28T01:01:52+00:00,2026-09-27T20:01:52-05:00,2026-09-29,06:00 AM,813,187,Ruta 1-B: Terraza superior,100,3,97
2026-09-28T01:01:52+00:00,2026-09-27T20:01:52-05:00,2026-09-29,06:00 AM,813,187,Ruta 2-A: Clásico Diseñada,600,139,461
2026-09-28T01:01:52+00:00,2026-09-27T20:01:52-05:00,2026-09-29,06:00 AM,813,187,Ruta 2-B: Terraza Inferior,100,39,61
2026-09-28T01:01:52+00:00,2026-09-27T20:01:52-05:00,2026-09-29,06:00 AM,813,187,Ruta 3-A: Montaña Waynapicchu,50,2,48
2026-09-28T01:01:52+00:00,2026-09-27T20:01:52-05:00,2026-09-29,06:00 AM,813,187,Ruta 3-B: Realeza diseñada,100,0,100
2026-09-28T02:08:40+00:00,2026-09-27T21:08:40-05:00,2026-09-29,06:00 AM,802,198,Ruta 1-A: Montaña Machupicchu,50,1,49
2026-09-28T02:08:40+00:00,2026-09-27T21:08:40-05:00,2026-09-29,06:00 AM,802,198,Ruta 1-B: Terraza superior,100,3,97
2026-09-28T02:08:40+00:00,2026-09-27T21:08:40-05:00,2026-09-29,06:00 AM,802,198,Ruta 2-A: Clásico Diseñada,600,150,450
2026-09-28T02:08:40+00:00,2026-09-27T21:08:40-05:00,2026-09-29,06:00 AM,802,198,Ruta 2-B: Terraza Inferior,100,39,61
2026-09-28T02:08:40+00:00,2026-09-27T21:08:40-05:00,2026-09-29,06:00 AM,802,198,Ruta 3-A: Montaña Waynapicchu,50,2,48
2026-09-28T02:08:40+00:00,2026-09-27T21:08:40-05:00,2026-09-29,06:00 AM,802,198,Ruta 3-B: Realeza diseñada,100,0,100
2026-09-28T03:01:21+00:00,2026-09-27T22:01:21-05:00,2026-09-29,06:00 AM,745,255,Ruta 1-A: Montaña Machupicchu,50,1,49
2026-09-28T03:01:21+00:00,2026-09-27T22:01:21-05:00,2026-09-29,06:00 AM,745,255,Ruta 1-B: Terraza superior,100,3,97
2026-09-28T03:01:21+00:00,2026-09-27T22:01:21-05:00,2026-09-29,06:00 AM,745,255,Ruta 2-A: Clásico Diseñada,600,201,399
2026-09-28T03:01:21+00:00,2026-09-27T22:01:21-05:00,2026-09-29,06:00 AM,745,255,Ruta 2-B: Terraza Inferior,100,45,55
2026-09-28T03:01:21+00:00,2026-09-27T22:01:21-05:00,2026-09-29,06:00 AM,745,255,Ruta 3-A: Montaña Waynapicchu,50,2,48
2026-09-28T03:01:21+00:00,2026-09-27T22:01:21-05:00,2026-09-29,06:00 AM,745,255,Ruta 3-B: Realeza diseñada,100,1,99
2026-09-28T07:01:15+00:00,2026-09-28T02:01:15-05:00,2026-09-29,06:00 AM,745,255,Ruta 1-A: Montaña Machupicchu,50,1,49
2026-09-28T07:01:15+00:00,2026-09-28T02:01:15-05:00,2026-09-29,06:00 AM,745,255,Ruta 1-B: Terraza superior,100,3,97
2026-09-28T07:01:15+00:00,2026-09-28T02:01:15-05:00,2026-09-29,06:00 AM,745,255,Ruta 2-A: Clásico Diseñada,600,201,399
2026-09-28T07:01:15+00:00,2026-09-28T02:01:15-05:00,2026-09-29,06:00 AM,745,255,Ruta 2-B: Terraza Inferior,100,45,55
2026-09-28T07:01:15+00:00,2026-09-28T02:01:15-05:00,2026-09-29,06:00 AM,745,255,Ruta 3-A: Montaña Waynapicchu,50,2,48
2026-09-28T07:01:15+00:00,2026-09-28T02:01:15-05:00,2026-09-29,06:00 AM,745,255,Ruta 3-B: Realeza diseñada,100,1,99
2026-09-28T09:01:22+00:00,2026-09-28T04:01:22-05:00,2026-09-29,06:00 AM,745,255,Ruta 1-A: Montaña Machupicchu,50,1,49
2026-09-28T09:01:22+00:00,2026-09-28T04:01:22-05:00,2026-09-29,06:00 AM,745,255,Ruta 1-B: Terraza superior,100,3,97
2026-09-28T09:01:22+00:00,2026-09-28T04:01:22-05:00,2026-09-29,06:00 AM,745,255,Ruta 2-A: Clásico Diseñada,600,201,399
2026-09-28T09:01:22+00:00,2026-09-28T04:01:22-05:00,2026-09-29,06:00 AM,745,255,Ruta 2-B: Terraza Inferior,100,45,55
2026-09-28T09:01:22+00:00,2026-09-28T04:01:22-05:00,2026-09-29,06:00 AM,745,255,Ruta 3-A: Montaña Waynapicchu,50,2,48
2026-09-28T09:01:22+00:00,2026-09-28T04:01:22-05:00,2026-09-29,06:00 AM,745,255,Ruta 3-B: Realeza diseñada,100,1,99
2026-09-28T09:15:55+00:00,2026-09-28T04:15:55-05:00,2026-09-29,06:00 AM,745,255,Ruta 1-A: Montaña Machupicchu,50,1,49
2026-09-28T09:15:55+00:00,2026-09-28T04:15:55-05:00,2026-09-29,06:00 AM,745,255,Ruta 1-B: Terraza superior,100,3,97
2026-09-28T09:15:55+00:00,2026-09-28T04:15:55-05:00,2026-09-29,06:00 AM,745,255,Ruta 2-A: Clásico Diseñada,600,201,399
2026-09-28T09:15:55+00:00,2026-09-28T04:15:55-05:00,2026-09-29,06:00 AM,745,255,Ruta 2-B: Terraza Inferior,100,45,55
2026-09-28T09:15:55+00:00,2026-09-28T04:15:55-05:00,2026-09-29,06:00 AM,745,255,Ruta 3-A: Montaña Waynapicchu,50,2,48
2026-09-28T09:15:55+00:00,2026-09-28T04:15:55-05:00,2026-09-29,06:00 AM,745,255,Ruta 3-B: Realeza diseñada,100,1,99
2026-09-28T09:31:32+00:00,2026-09-28T04:31:32-05:00,2026-09-29,06:00 AM,745,255,Ruta 1-A: Montaña Machupicchu,50,1,49
2026-09-28T09:31:32+00:00,2026-09-28T04:31:32-05:00,2026-09-29,06:00 AM,745,255,Ruta 1-B: Terraza superior,100,3,97
2026-09-28T09:31:32+00:00,2026-09-28T04:31:32-05:00,2026-09-29,06:00 AM,745,255,Ruta 2-A: Clásico Diseñada,600,201,399
2026-09-28T09:31:32+00:00,2026-09-28T04:31:32-05:00,2026-09-29,06:00 AM,745,255,Ruta 2-B: Terraza Inferior,100,45,55
2026-09-28T09:31:32+00:00,2026-09-28T04:31:32-05:00,2026-09-29,06:00 AM,745,255,Ruta 3-A: Montaña Waynapicchu,50,2,48
2026-09-28T09:31:32+00:00,2026-09-28T04:31:32-05:00,2026-09-29,06:00 AM,745,255,Ruta 3-B: Realeza diseñada,100,1,99
2026-09-28T10:01:21+00:00,2026-09-28T05:01:21-05:00,2026-09-29,06:00 AM,745,255,Ruta 1-A: Montaña Machupicchu,50,1,49
2026-09-28T10:01:21+00:00,2026-09-28T05:01:21-05:00,2026-09-29,06:00 AM,745,255,Ruta 1-B: Terraza superior,100,3,97
2026-09-28T10:01:21+00:00,2026-09-28T05:01:21-05:00,2026-09-29,06:00 AM,745,255,Ruta 2-A: Clásico Diseñada,600,201,399
2026-09-28T10:01:21+00:00,2026-09-28T05:01:21-05:00,2026-09-29,06:00 AM,745,255,Ruta 2-B: Terraza Inferior,100,45,55
2026-09-28T10:01:21+00:00,2026-09-28T05:01:21-05:00,2026-09-29,06:00 AM,745,255,Ruta 3-A: Montaña Waynapicchu,50,2,48
2026-09-28T10:01:21+00:00,2026-09-28T05:01:21-05:00,2026-09-29,06:00 AM,745,255,Ruta 3-B: Realeza diseñada,100,1,99
2026-09-28T10:14:09+00:00,2026-09-28T05:14:09-05:00,2026-09-29,06:00 AM,745,255,Ruta 1-A: Montaña Machupicchu,50,1,49
2026-09-28T10:14:09+00:00,2026-09-28T05:14:09-05:00,2026-09-29,06:00 AM,745,255,Ruta 1-B: Terraza superior,100,3,97
2026-09-28T10:14:09+00:00,2026-09-28T05:14:09-05:00,2026-09-29,06:00 AM,745,255,Ruta 2-A: Clásico Diseñada,600,201,399
2026-09-28T10:14:09+00:00,2026-09-28T05:14:09-05:00,2026-09-29,06:00 AM,745,255,Ruta 2-B: Terraza Inferior,100,45,55
2026-09-28T10:14:09+00:00,2026-09-28T05:14:09-05:00,2026-09-29,06:00 AM,745,255,Ruta 3-A: Montaña Waynapicchu,50,2,48
2026-09-28T10:14:09+00:00,2026-09-28T05:14:09-05:00,2026-09-29,06:00 AM,745,255,Ruta 3-B: Realeza diseñada,100,1,99
2026-09-28T10:16:06+00:00,2026-09-28T05:16:06-05:00,2026-09-29,06:00 AM,745,255,Ruta 1-A: Montaña Machupicchu,50,1,49
2026-09-28T10:16:06+00:00,2026-09-28T05:16:06-05:00,2026-09-29,06:00 AM,745,255,Ruta 1-B: Terraza superior,100,3,97
2026-09-28T10:16:06+00:00,2026-09-28T05:16:06-05:00,2026-09-29,06:00 AM,745,255,Ruta 2-A: Clásico Diseñada,600,201,399
2026-09-28T10:16:06+00:00,2026-09-28T05:16:06-05:00,2026-09-29,06:00 AM,745,255,Ruta 2-B: Terraza Inferior,100,45,55
2026-09-28T10:16:06+00:00,2026-09-28T05:16:06-05:00,2026-09-29,06:00 AM,745,255,Ruta 3-A: Montaña Waynapicchu,50,2,48
2026-09-28T10:16:06+00:00,2026-09-28T05:16:06-05:00,2026-09-29,06:00 AM,745,255,Ruta 3-B: Realeza diseñada,100,1,99
2026-09-28T10:46:00+00:00,2026-09-28T05:46:00-05:00,2026-09-29,06:00 AM,745,255,Ruta 1-A: Montaña Machupicchu,50,1,49
2026-09-28T10:46:00+00:00,2026-09-28T05:46:00-05:00,2026-09-29,06:00 AM,745,255,Ruta 1-B: Terraza superior,100,3,97
2026-09-28T10:46:00+00:00,2026-09-28T05:46:00-05:00,2026-09-29,06:00 AM,745,255,Ruta 2-A: Clásico Diseñada,600,201,399
2026-09-28T10:46:00+00:00,2026-09-28T05:46:00-05:00,2026-09-29,06:00 AM,745,255,Ruta 2-B: Terraza Inferior,100,45,55
2026-09-28T10:46:00+00:00,2026-09-28T05:46:00-05:00,2026-09-29,06:00 AM,745,255,Ruta 3-A: Montaña Waynapicchu,50,2,48
2026-09-28T10:46:00+00:00,2026-09-28T05:46:00-05:00,2026-09-29,06:00 AM,745,255,Ruta 3-B: Realeza diseñada,100,1,99
2026-09-28T11:01:25+00:00,2026-09-28T06:01:25-05:00,2026-09-29,06:00 AM,745,255,Ruta 1-A: Montaña Machupicchu,50,1,49
2026-09-28T11:01:25+00:00,2026-09-28T06:01:25-05:00,2026-09-29,06:00 AM,745,255,Ruta 1-B: Terraza superior,100,3,97
2026-09-28T11:01:25+00:00,2026-09-28T06:01:25-05:00,2026-09-29,06:00 AM,745,255,Ruta 2-A: Clásico Diseñada,600,201,399
2026-09-28T11:01:25+00:00,2026-09-28T06:01:25-05:00,2026-09-29,06:00 AM,745,255,Ruta 2-B: Terraza Inferior,100,45,55
2026-09-28T11:01:25+00:00,2026-09-28T06:01:25-05:00,2026-09-29,06:00 AM,745,255,Ruta 3-A: Montaña Waynapicchu,50,2,48
2026-09-28T11:01:25+00:00,2026-09-28T06:01:25-05:00,2026-09-29,06:00 AM,745,255,Ruta 3-B: Realeza diseñada,100,1,99
2026-09-28T11:15:57+00:00,2026-09-28T06:15:57-05:00,2026-09-29,06:00 AM,687,313,Ruta 1-A: Montaña Machupicchu,50,1,49
2026-09-28T11:15:57+00:00,2026-09-28T06:15:57-05:00,2026-09-29,06:00 AM,687,313,Ruta 1-B: Terraza superior,100,3,97
2026-09-28T11:15:57+00:00,2026-09-28T06:15:57-05:00,2026-09-29,06:00 AM,687,313,Ruta 2-A: Clásico Diseñada,600,244,356
2026-09-28T11:15:57+00:00,2026-09-28T06:15:57-05:00,2026-09-29,06:00 AM,687,313,Ruta 2-B: Terraza Inferior,100,51,49
2026-09-28T11:15:57+00:00,2026-09-28T06:15:57-05:00,2026-09-29,06:00 AM,687,313,Ruta 3-A: Montaña Waynapicchu,50,2,48
2026-09-28T11:15:57+00:00,2026-09-28T06:15:57-05:00,2026-09-29,06:00 AM,687,313,Ruta 3-B: Realeza diseñada,100,4,96
2026-09-28T11:31:07+00:00,2026-09-28T06:31:07-05:00,2026-09-29,06:00 AM,640,360,Ruta 1-A: Montaña Machupicchu,50,1,49
2026-09-28T11:31:07+00:00,2026-09-28T06:31:07-05:00,2026-09-29,06:00 AM,640,360,Ruta 1-B: Terraza superior,100,3,97
2026-09-28T11:31:07+00:00,2026-09-28T06:31:07-05:00,2026-09-29,06:00 AM,640,360,Ruta 2-A: Clásico Diseñada,600,278,322
2026-09-28T11:31:07+00:00,2026-09-28T06:31:07-05:00,2026-09-29,06:00 AM,640,360,Ruta 2-B: Terraza Inferior,100,59,41
2026-09-28T11:31:07+00:00,2026-09-28T06:31:07-05:00,2026-09-29,06:00 AM,640,360,Ruta 3-A: Montaña Waynapicchu,50,3,47
2026-09-28T11:31:07+00:00,2026-09-28T06:31:07-05:00,2026-09-29,06:00 AM,640,360,Ruta 3-B: Realeza diseñada,100,4,96
2026-09-28T11:45:53+00:00,2026-09-28T06:45:53-05:00,2026-09-29,06:00 AM,625,375,Ruta 1-A: Montaña Machupicchu,50,5,45
2026-09-28T11:45:53+00:00,2026-09-28T06:45:53-05:00,2026-09-29,06:00 AM,625,375,Ruta 1-B: Terraza superior,100,3,97
2026-09-28T11:45:53+00:00,2026-09-28T06:45:53-05:00,2026-09-29,06:00 AM,625,375,Ruta 2-A: Clásico Diseñada,600,285,315
2026-09-28T11:45:53+00:00,2026-09-28T06:45:53-05:00,2026-09-29,06:00 AM,625,375,Ruta 2-B: Terraza Inferior,100,59,41
2026-09-28T11:45:53+00:00,2026-09-28T06:45:53-05:00,2026-09-29,06:00 AM,625,375,Ruta 3-A: Montaña Waynapicchu,50,3,47
2026-09-28T11:45:53+00:00,2026-09-28T06:45:53-05:00,2026-09-29,06:00 AM,625,375,Ruta 3-B: Realeza diseñada,100,4,96
2026-09-28T12:01:26+00:00,2026-09-28T07:01:26-05:00,2026-09-29,06:00 AM,559,441,Ruta 1-A: Montaña Machupicchu,50,5,45
2026-09-28T12:01:26+00:00,2026-09-28T07:01:26-05:00,2026-09-29,06:00 AM,559,441,Ruta 1-B: Terraza superior,100,3,97
2026-09-28T12:01:26+00:00,2026-09-28T07:01:26-05:00,2026-09-29,06:00 AM,559,441,Ruta 2-A: Clásico Diseñada,600,337,263
2026-09-28T12:01:26+00:00,2026-09-28T07:01:26-05:00,2026-09-29,06:00 AM,559,441,Ruta 2-B: Terraza Inferior,100,65,35
2026-09-28T12:01:26+00:00,2026-09-28T07:01:26-05:00,2026-09-29,06:00 AM,559,441,Ruta 3-A: Montaña Waynapicchu,50,6,44
2026-09-28T12:01:26+00:00,2026-09-28T07:01:26-05:00,2026-09-29,06:00 AM,559,441,Ruta 3-B: Realeza diseñada,100,4,96
2026-09-28T12:16:11+00:00,2026-09-28T07:16:11-05:00,2026-09-29,06:00 AM,520,480,Ruta 1-A: Montaña Machupicchu,50,5,45
2026-09-28T12:16:11+00:00,2026-09-28T07:16:11-05:00,2026-09-29,06:00 AM,520,480,Ruta 1-B: Terraza superior,100,3,97
2026-09-28T12:16:11+00:00,2026-09-28T07:16:11-05:00,2026-09-29,06:00 AM,520,480,Ruta 2-A: Clásico Diseñada,600,379,221
2026-09-28T12:16:11+00:00,2026-09-28T07:16:11-05:00,2026-09-29,06:00 AM,520,480,Ruta 2-B: Terraza Inferior,100,69,31
2026-09-28T12:16:11+00:00,2026-09-28T07:16:11-05:00,2026-09-29,06:00 AM,520,480,Ruta 3-A: Montaña Waynapicchu,50,6,44
2026-09-28T12:16:11+00:00,2026-09-28T07:16:11-05:00,2026-09-29,06:00 AM,520,480,Ruta 3-B: Realeza diseñada,100,4,96
2026-09-28T12:31:15+00:00,2026-09-28T07:31:15-05:00,2026-09-29,06:00 AM,497,503,Ruta 1-A: Montaña Machupicchu,50,5,45
2026-09-28T12:31:15+00:00,2026-09-28T07:31:15-05:00,2026-09-29,06:00 AM,497,503,Ruta 1-B: Terraza superior,100,3,97
2026-09-28T12:31:15+00:00,2026-09-28T07:31:15-05:00,2026-09-29,06:00 AM,497,503,Ruta 2-A: Clásico Diseñada,600,411,189
2026-09-28T12:31:15+00:00,2026-09-28T07:31:15-05:00,2026-09-29,06:00 AM,497,503,Ruta 2-B: Terraza Inferior,100,72,28
2026-09-28T12:31:15+00:00,2026-09-28T07:31:15-05:00,2026-09-29,06:00 AM,497,503,Ruta 3-A: Montaña Waynapicchu,50,6,44
2026-09-28T12:31:15+00:00,2026-09-28T07:31:15-05:00,2026-09-29,06:00 AM,497,503,Ruta 3-B: Realeza diseñada,100,4,96
2026-09-28T12:45:54+00:00,2026-09-28T07:45:54-05:00,2026-09-29,06:00 AM,495,505,Ruta 1-A: Montaña Machupicchu,50,5,45
2026-09-28T12:45:54+00:00,2026-09-28T07:45:54-05:00,2026-09-29,06:00 AM,495,505,Ruta 1-B: Terraza superior,100,3,97
2026-09-28T12:45:54+00:00,2026-09-28T07:45:54-05:00,2026-09-29,06:00 AM,495,505,Ruta 2-A: Clásico Diseñada,600,411,189
2026-09-28T12:45:54+00:00,2026-09-28T07:45:54-05:00,2026-09-29,06:00 AM,495,505,Ruta 2-B: Terraza Inferior,100,72,28
2026-09-28T12:45:54+00:00,2026-09-28T07:45:54-05:00,2026-09-29,06:00 AM,495,505,Ruta 3-A: Montaña Waynapicchu,50,6,44
2026-09-28T12:45:54+00:00,2026-09-28T07:45:54-05:00,2026-09-29,06:00 AM,495,505,Ruta 3-B: Realeza diseñada,100,4,96
2026-09-28T13:01:32+00:00,2026-09-28T08:01:32-05:00,2026-09-29,06:00 AM,469,531,Ruta 1-A: Montaña Machupicchu,50,5,45
2026-09-28T13:01:32+00:00,2026-09-28T08:01:32-05:00,2026-09-29,06:00 AM,469,531,Ruta 1-B: Terraza superior,100,3,97
2026-09-28T13:01:32+00:00,2026-09-28T08:01:32-05:00,2026-09-29,06:00 AM,469,531,Ruta 2-A: Clásico Diseñada,600,413,187
2026-09-28T13:01:32+00:00,2026-09-28T08:01:32-05:00,2026-09-29,06:00 AM,469,531,Ruta 2-B: Terraza Inferior,100,72,28
2026-09-28T13:01:32+00:00,2026-09-28T08:01:32-05:00,2026-09-29,06:00 AM,469,531,Ruta 3-A: Montaña Waynapicchu,50,6,44
2026-09-28T13:01:32+00:00,2026-09-28T08:01:32-05:00,2026-09-29,06:00 AM,469,531,Ruta 3-B: Realeza diseñada,100,4,96
2026-09-28T13:15:57+00:00,2026-09-28T08:15:57-05:00,2026-09-29,06:00 AM,429,571,Ruta 1-A: Montaña Machupicchu,50,5,45
2026-09-28T13:15:57+00:00,2026-09-28T08:15:57-05:00,2026-09-29,06:00 AM,429,571,Ruta 1-B: Terraza superior,100,4,96
2026-09-28T13:15:57+00:00,2026-09-28T08:15:57-05:00,2026-09-29,06:00 AM,429,571,Ruta 2-A: Clásico Diseñada,600,453,147
2026-09-28T13:15:57+00:00,2026-09-28T08:15:57-05:00,2026-09-29,06:00 AM,429,571,Ruta 2-B: Terraza Inferior,100,79,21
2026-09-28T13:15:57+00:00,2026-09-28T08:15:57-05:00,2026-09-29,06:00 AM,429,571,Ruta 3-A: Montaña Waynapicchu,50,6,44
2026-09-28T13:15:57+00:00,2026-09-28T08:15:57-05:00,2026-09-29,06:00 AM,429,571,Ruta 3-B: Realeza diseñada,100,4,96
2026-09-28T13:31:23+00:00,2026-09-28T08:31:23-05:00,2026-09-29,06:00 AM,397,603,Ruta 1-A: Montaña Machupicchu,50,5,45
2026-09-28T13:31:23+00:00,2026-09-28T08:31:23-05:00,2026-09-29,06:00 AM,397,603,Ruta 1-B: Terraza superior,100,4,96
2026-09-28T13:31:23+00:00,2026-09-28T08:31:23-05:00,2026-09-29,06:00 AM,397,603,Ruta 2-A: Clásico Diseñada,600,480,120
2026-09-28T13:31:23+00:00,2026-09-28T08:31:23-05:00,2026-09-29,06:00 AM,397,603,Ruta 2-B: Terraza Inferior,100,81,19
2026-09-28T13:31:23+00:00,2026-09-28T08:31:23-05:00,2026-09-29,06:00 AM,397,603,Ruta 3-A: Montaña Waynapicchu,50,6,44
2026-09-28T13:31:23+00:00,2026-09-28T08:31:23-05:00,2026-09-29,06:00 AM,397,603,Ruta 3-B: Realeza diseñada,100,4,96
2026-09-28T13:46:31+00:00,2026-09-28T08:46:31-05:00,2026-09-29,06:00 AM,386,614,Ruta 1-A: Montaña Machupicchu,50,5,45
2026-09-28T13:46:31+00:00,2026-09-28T08:46:31-05:00,2026-09-29,06:00 AM,386,614,Ruta 1-B: Terraza superior,100,4,96
2026-09-28T13:46:31+00:00,2026-09-28T08:46:31-05:00,2026-09-29,06:00 AM,386,614,Ruta 2-A: Clásico Diseñada,600,507,93
2026-09-28T13:46:31+00:00,2026-09-28T08:46:31-05:00,2026-09-29,06:00 AM,386,614,Ruta 2-B: Terraza Inferior,100,81,19
2026-09-28T13:46:31+00:00,2026-09-28T08:46:31-05:00,2026-09-29,06:00 AM,386,614,Ruta 3-A: Montaña Waynapicchu,50,7,43
2026-09-28T13:46:31+00:00,2026-09-28T08:46:31-05:00,2026-09-29,06:00 AM,386,614,Ruta 3-B: Realeza diseñada,100,4,96
2026-09-28T14:01:37+00:00,2026-09-28T09:01:37-05:00,2026-09-29,06:00 AM,373,627,Ruta 1-A: Montaña Machupicchu,50,5,45
2026-09-28T14:01:37+00:00,2026-09-28T09:01:37-05:00,2026-09-29,06:00 AM,373,627,Ruta 1-B: Terraza superior,100,4,96
2026-09-28T14:01:37+00:00,2026-09-28T09:01:37-05:00,2026-09-29,06:00 AM,373,627,Ruta 2-A: Clásico Diseñada,600,516,84
2026-09-28T14:01:37+00:00,2026-09-28T09:01:37-05:00,2026-09-29,06:00 AM,373,627,Ruta 2-B: Terraza Inferior,100,82,18
2026-09-28T14:01:37+00:00,2026-09-28T09:01:37-05:00,2026-09-29,06:00 AM,373,627,Ruta 3-A: Montaña Waynapicchu,50,7,43
2026-09-28T14:01:37+00:00,2026-09-28T09:01:37-05:00,2026-09-29,06:00 AM,373,627,Ruta 3-B: Realeza diseñada,100,6,94
2026-09-28T14:15:58+00:00,2026-09-28T09:15:58-05:00,2026-09-29,06:00 AM,367,633,Ruta 1-A: Montaña Machupicchu,50,5,45
2026-09-28T14:15:58+00:00,2026-09-28T09:15:58-05:00,2026-09-29,06:00 AM,367,633,Ruta 1-B: Terraza superior,100,4,96
2026-09-28T14:15:58+00:00,2026-09-28T09:15:58-05:00,2026-09-29,06:00 AM,367,633,Ruta 2-A: Clásico Diseñada,600,520,80
2026-09-28T14:15:58+00:00,2026-09-28T09:15:58-05:00,2026-09-29,06:00 AM,367,633,Ruta 2-B: Terraza Inferior,100,82,18
2026-09-28T14:15:58+00:00,2026-09-28T09:15:58-05:00,2026-09-29,06:00 AM,367,633,Ruta 3-A: Montaña Waynapicchu,50,7,43
2026-09-28T14:15:58+00:00,2026-09-28T09:15:58-05:00,2026-09-29,06:00 AM,367,633,Ruta 3-B: Realeza diseñada,100,7,93
2026-09-28T14:31:12+00:00,2026-09-28T09:31:12-05:00,2026-09-29,06:00 AM,351,649,Ruta 1-A: Montaña Machupicchu,50,5,45
2026-09-28T14:31:12+00:00,2026-09-28T09:31:12-05:00,2026-09-29,06:00 AM,351,649,Ruta 1-B: Terraza superior,100,6,94
2026-09-28T14:31:12+00:00,2026-09-28T09:31:12-05:00,2026-09-29,06:00 AM,351,649,Ruta 2-A: Clásico Diseñada,600,528,72
2026-09-28T14:31:12+00:00,2026-09-28T09:31:12-05:00,2026-09-29,06:00 AM,351,649,Ruta 2-B: Terraza Inferior,100,84,16
2026-09-28T14:31:12+00:00,2026-09-28T09:31:12-05:00,2026-09-29,06:00 AM,351,649,Ruta 3-A: Montaña Waynapicchu,50,7,43
2026-09-28T14:31:12+00:00,2026-09-28T09:31:12-05:00,2026-09-29,06:00 AM,351,649,Ruta 3-B: Realeza diseñada,100,10,90
2026-09-28T14:46:14+00:00,2026-09-28T09:46:14-05:00,2026-09-29,06:00 AM,341,659,Ruta 1-A: Montaña Machupicchu,50,5,45
2026-09-28T14:46:14+00:00,2026-09-28T09:46:14-05:00,2026-09-29,06:00 AM,341,659,Ruta 1-B: Terraza superior,100,6,94
2026-09-28T14:46:14+00:00,2026-09-28T09:46:14-05:00,2026-09-29,06:00 AM,341,659,Ruta 2-A: Clásico Diseñada,600,532,68
2026-09-28T14:46:14+00:00,2026-09-28T09:46:14-05:00,2026-09-29,06:00 AM,341,659,Ruta 2-B: Terraza Inferior,100,84,16
2026-09-28T14:46:14+00:00,2026-09-28T09:46:14-05:00,2026-09-29,06:00 AM,341,659,Ruta 3-A: Montaña Waynapicchu,50,7,43
2026-09-28T14:46:14+00:00,2026-09-28T09:46:14-05:00,2026-09-29,06:00 AM,341,659,Ruta 3-B: Realeza diseñada,100,15,85
2026-09-28T15:01:33+00:00,2026-09-28T10:01:33-05:00,2026-09-29,06:00 AM,336,664,Ruta 1-A: Montaña Machupicchu,50,7,43
2026-09-28T15:01:33+00:00,2026-09-28T10:01:33-05:00,2026-09-29,06:00 AM,336,664,Ruta 1-B: Terraza superior,100,6,94
2026-09-28T15:01:33+00:00,2026-09-28T10:01:33-05:00,2026-09-29,06:00 AM,336,664,Ruta 2-A: Clásico Diseñada,600,532,68
2026-09-28T15:01:33+00:00,2026-09-28T10:01:33-05:00,2026-09-29,06:00 AM,336,664,Ruta 2-B: Terraza Inferior,100,85,15
2026-09-28T15:01:33+00:00,2026-09-28T10:01:33-05:00,2026-09-29,06:00 AM,336,664,Ruta 3-A: Montaña Waynapicchu,50,8,42
2026-09-28T15:01:33+00:00,2026-09-28T10:01:33-05:00,2026-09-29,06:00 AM,336,664,Ruta 3-B: Realeza diseñada,100,15,85
2026-09-28T15:16:06+00:00,2026-09-28T10:16:06-05:00,2026-09-29,06:00 AM,329,671,Ruta 1-A: Montaña Machupicchu,50,7,43
2026-09-28T15:16:06+00:00,2026-09-28T10:16:06-05:00,2026-09-29,06:00 AM,329,671,Ruta 1-B: Terraza superior,100,6,94
2026-09-28T15:16:06+00:00,2026-09-28T10:16:06-05:00,2026-09-29,06:00 AM,329,671,Ruta 2-A: Clásico Diseñada,600,534,66
2026-09-28T15:16:06+00:00,2026-09-28T10:16:06-05:00,2026-09-29,06:00 AM,329,671,Ruta 2-B: Terraza Inferior,100,89,11
2026-09-28T15:16:06+00:00,2026-09-28T10:16:06-05:00,2026-09-29,06:00 AM,329,671,Ruta 3-A: Montaña Waynapicchu,50,10,40
2026-09-28T15:16:06+00:00,2026-09-28T10:16:06-05:00,2026-09-29,06:00 AM,329,671,Ruta 3-B: Realeza diseñada,100,15,85
2026-09-28T15:31:20+00:00,2026-09-28T10:31:20-05:00,2026-09-29,06:00 AM,325,675,Ruta 1-A: Montaña Machupicchu,50,7,43
2026-09-28T15:31:20+00:00,2026-09-28T10:31:20-05:00,2026-09-29,06:00 AM,325,675,Ruta 1-B: Terraza superior,100,6,94
2026-09-28T15:31:20+00:00,2026-09-28T10:31:20-05:00,2026-09-29,06:00 AM,325,675,Ruta 2-A: Clásico Diseñada,600,534,66
2026-09-28T15:31:20+00:00,2026-09-28T10:31:20-05:00,2026-09-29,06:00 AM,325,675,Ruta 2-B: Terraza Inferior,100,89,11
2026-09-28T15:31:20+00:00,2026-09-28T10:31:20-05:00,2026-09-29,06:00 AM,325,675,Ruta 3-A: Montaña Waynapicchu,50,10,40
2026-09-28T15:31:20+00:00,2026-09-28T10:31:20-05:00,2026-09-29,06:00 AM,325,675,Ruta 3-B: Realeza diseñada,100,16,84
2026-09-28T15:46:10+00:00,2026-09-28T10:46:10-05:00,2026-09-29,06:00 AM,318,682,Ruta 1-A: Montaña Machupicchu,50,7,43
2026-09-28T15:46:10+00:00,2026-09-28T10:46:10-05:00,2026-09-29,06:00 AM,318,682,Ruta 1-B: Terraza superior,100,6,94
2026-09-28T15:46:10+00:00,2026-09-28T10:46:10-05:00,2026-09-29,06:00 AM,318,682,Ruta 2-A: Clásico Diseñada,600,539,61
2026-09-28T15:46:10+00:00,2026-09-28T10:46:10-05:00,2026-09-29,06:00 AM,318,682,Ruta 2-B: Terraza Inferior,100,89,11
2026-09-28T15:46:10+00:00,2026-09-28T10:46:10-05:00,2026-09-29,06:00 AM,318,682,Ruta 3-A: Montaña Waynapicchu,50,12,38
2026-09-28T15:46:10+00:00,2026-09-28T10:46:10-05:00,2026-09-29,06:00 AM,318,682,Ruta 3-B: Realeza diseñada,100,18,82
2026-09-28T16:01:39+00:00,2026-09-28T11:01:39-05:00,2026-09-29,06:00 AM,318,682,Ruta 1-A: Montaña Machupicchu,50,7,43
2026-09-28T16:01:39+00:00,2026-09-28T11:01:39-05:00,2026-09-29,06:00 AM,318,682,Ruta 1-B: Terraza superior,100,6,94
2026-09-28T16:01:39+00:00,2026-09-28T11:01:39-05:00,2026-09-29,06:00 AM,318,682,Ruta 2-A: Clásico Diseñada,600,539,61
2026-09-28T16:01:39+00:00,2026-09-28T11:01:39-05:00,2026-09-29,06:00 AM,318,682,Ruta 2-B: Terraza Inferior,100,91,9
2026-09-28T16:01:39+00:00,2026-09-28T11:01:39-05:00,2026-09-29,06:00 AM,318,682,Ruta 3-A: Montaña Waynapicchu,50,12,38
2026-09-28T16:01:39+00:00,2026-09-28T11:01:39-05:00,2026-09-29,06:00 AM,318,682,Ruta 3-B: Realeza diseñada,100,18,82
2026-09-28T16:16:05+00:00,2026-09-28T11:16:05-05:00,2026-09-29,06:00 AM,308,692,Ruta 1-A: Montaña Machupicchu,50,8,42
2026-09-28T16:16:05+00:00,2026-09-28T11:16:05-05:00,2026-09-29,06:00 AM,308,692,Ruta 1-B: Terraza superior,100,8,92
2026-09-28T16:16:05+00:00,2026-09-28T11:16:05-05:00,2026-09-29,06:00 AM,308,692,Ruta 2-A: Clásico Diseñada,600,543,57
2026-09-28T16:16:05+00:00,2026-09-28T11:16:05-05:00,2026-09-29,06:00 AM,308,692,Ruta 2-B: Terraza Inferior,100,91,9
2026-09-28T16:16:05+00:00,2026-09-28T11:16:05-05:00,2026-09-29,06:00 AM,308,692,Ruta 3-A: Montaña Waynapicchu,50,12,38
2026-09-28T16:16:05+00:00,2026-09-28T11:16:05-05:00,2026-09-29,06:00 AM,308,692,Ruta 3-B: Realeza diseñada,100,18,82
2026-09-28T16:31:10+00:00,2026-09-28T11:31:10-05:00,2026-09-29,06:00 AM,302,698,Ruta 1-A: Montaña Machupicchu,50,8,42
2026-09-28T16:31:10+00:00,2026-09-28T11:31:10-05:00,2026-09-29,06:00 AM,302,698,Ruta 1-B: Terraza superior,100,8,92
2026-09-28T16:31:10+00:00,2026-09-28T11:31:10-05:00,2026-09-29,06:00 AM,302,698,Ruta 2-A: Clásico Diseñada,600,544,56
2026-09-28T16:31:10+00:00,2026-09-28T11:31:10-05:00,2026-09-29,06:00 AM,302,698,Ruta 2-B: Terraza Inferior,100,93,7
2026-09-28T16:31:10+00:00,2026-09-28T11:31:10-05:00,2026-09-29,06:00 AM,302,698,Ruta 3-A: Montaña Waynapicchu,50,15,35
2026-09-28T16:31:10+00:00,2026-09-28T11:31:10-05:00,2026-09-29,06:00 AM,302,698,Ruta 3-B: Realeza diseñada,100,18,82
2026-09-28T16:46:18+00:00,2026-09-28T11:46:18-05:00,2026-09-29,06:00 AM,297,703,Ruta 1-A: Montaña Machupicchu,50,9,41
2026-09-28T16:46:18+00:00,2026-09-28T11:46:18-05:00,2026-09-29,06:00 AM,297,703,Ruta 1-B: Terraza superior,100,8,92
2026-09-28T16:46:18+00:00,2026-09-28T11:46:18-05:00,2026-09-29,06:00 AM,297,703,Ruta 2-A: Clásico Diseñada,600,546,54
2026-09-28T16:46:18+00:00,2026-09-28T11:46:18-05:00,2026-09-29,06:00 AM,297,703,Ruta 2-B: Terraza Inferior,100,93,7
2026-09-28T16:46:18+00:00,2026-09-28T11:46:18-05:00,2026-09-29,06:00 AM,297,703,Ruta 3-A: Montaña Waynapicchu,50,15,35
2026-09-28T16:46:18+00:00,2026-09-28T11:46:18-05:00,2026-09-29,06:00 AM,297,703,Ruta 3-B: Realeza diseñada,100,23,77
2026-09-28T17:01:24+00:00,2026-09-28T12:01:24-05:00,2026-09-29,06:00 AM,277,723,Ruta 1-A: Montaña Machupicchu,50,9,41
2026-09-28T17:01:24+00:00,2026-09-28T12:01:24-05:00,2026-09-29,06:00 AM,277,723,Ruta 1-B: Terraza superior,100,8,92
2026-09-28T17:01:24+00:00,2026-09-28T12:01:24-05:00,2026-09-29,06:00 AM,277,723,Ruta 2-A: Clásico Diseñada,600,547,53
2026-09-28T17:01:24+00:00,2026-09-28T12:01:24-05:00,2026-09-29,06:00 AM,277,723,Ruta 2-B: Terraza Inferior,100,93,7
2026-09-28T17:01:24+00:00,2026-09-28T12:01:24-05:00,2026-09-29,06:00 AM,277,723,Ruta 3-A: Montaña Waynapicchu,50,15,35
2026-09-28T17:01:24+00:00,2026-09-28T12:01:24-05:00,2026-09-29,06:00 AM,277,723,Ruta 3-B: Realeza diseñada,100,23,77
2026-09-28T17:16:09+00:00,2026-09-28T12:16:09-05:00,2026-09-29,06:00 AM,253,747,Ruta 1-A: Montaña Machupicchu,50,9,41
2026-09-28T17:16:09+00:00,2026-09-28T12:16:09-05:00,2026-09-29,06:00 AM,253,747,Ruta 1-B: Terraza superior,100,8,92
2026-09-28T17:16:09+00:00,2026-09-28T12:16:09-05:00,2026-09-29,06:00 AM,253,747,Ruta 2-A: Clásico Diseñada,600,559,41
2026-09-28T17:16:09+00:00,2026-09-28T12:16:09-05:00,2026-09-29,06:00 AM,253,747,Ruta 2-B: Terraza Inferior,100,93,7
2026-09-28T17:16:09+00:00,2026-09-28T12:16:09-05:00,2026-09-29,06:00 AM,253,747,Ruta 3-A: Montaña Waynapicchu,50,15,35
2026-09-28T17:16:09+00:00,2026-09-28T12:16:09-05:00,2026-09-29,06:00 AM,253,747,Ruta 3-B: Realeza diseñada,100,49,51
2026-09-28T17:31:13+00:00,2026-09-28T12:31:13-05:00,2026-09-29,06:00 AM,243,757,Ruta 1-A: Montaña Machupicchu,50,9,41
2026-09-28T17:31:13+00:00,2026-09-28T12:31:13-05:00,2026-09-29,06:00 AM,243,757,Ruta 1-B: Terraza superior,100,10,90
2026-09-28T17:31:13+00:00,2026-09-28T12:31:13-05:00,2026-09-29,06:00 AM,243,757,Ruta 2-A: Clásico Diseñada,600,565,35
2026-09-28T17:31:13+00:00,2026-09-28T12:31:13-05:00,2026-09-29,06:00 AM,243,757,Ruta 2-B: Terraza Inferior,100,93,7
2026-09-28T17:31:13+00:00,2026-09-28T12:31:13-05:00,2026-09-29,06:00 AM,243,757,Ruta 3-A: Montaña Waynapicchu,50,15,35
2026-09-28T17:31:13+00:00,2026-09-28T12:31:13-05:00,2026-09-29,06:00 AM,243,757,Ruta 3-B: Realeza diseñada,100,51,49
2026-09-28T17:45:59+00:00,2026-09-28T12:45:59-05:00,2026-09-29,06:00 AM,236,764,Ruta 1-A: Montaña Machupicchu,50,9,41
2026-09-28T17:45:59+00:00,2026-09-28T12:45:59-05:00,2026-09-29,06:00 AM,236,764,Ruta 1-B: Terraza superior,100,10,90
2026-09-28T17:45:59+00:00,2026-09-28T12:45:59-05:00,2026-09-29,06:00 AM,236,764,Ruta 2-A: Clásico Diseñada,600,569,31
2026-09-28T17:45:59+00:00,2026-09-28T12:45:59-05:00,2026-09-29,06:00 AM,236,764,Ruta 2-B: Terraza Inferior,100,93,7
2026-09-28T17:45:59+00:00,2026-09-28T12:45:59-05:00,2026-09-29,06:00 AM,236,764,Ruta 3-A: Montaña Waynapicchu,50,15,35
2026-09-28T17:45:59+00:00,2026-09-28T12:45:59-05:00,2026-09-29,06:00 AM,236,764,Ruta 3-B: Realeza diseñada,100,54,46
2026-09-28T18:01:26+00:00,2026-09-28T13:01:26-05:00,2026-09-29,06:00 AM,223,777,Ruta 1-A: Montaña Machupicchu,50,9,41
2026-09-28T18:01:26+00:00,2026-09-28T13:01:26-05:00,2026-09-29,06:00 AM,223,777,Ruta 1-B: Terraza superior,100,10,90
2026-09-28T18:01:26+00:00,2026-09-28T13:01:26-05:00,2026-09-29,06:00 AM,223,777,Ruta 2-A: Clásico Diseñada,600,575,25
2026-09-28T18:01:26+00:00,2026-09-28T13:01:26-05:00,2026-09-29,06:00 AM,223,777,Ruta 2-B: Terraza Inferior,100,93,7
2026-09-28T18:01:26+00:00,2026-09-28T13:01:26-05:00,2026-09-29,06:00 AM,223,777,Ruta 3-A: Montaña Waynapicchu,50,15,35
2026-09-28T18:01:26+00:00,2026-09-28T13:01:26-05:00,2026-09-29,06:00 AM,223,777,Ruta 3-B: Realeza diseñada,100,59,41
2026-09-28T18:04:21+00:00,2026-09-28T13:04:21-05:00,2026-09-29,06:00 AM,223,777,Ruta 1-A: Montaña Machupicchu,50,9,41
2026-09-28T18:04:21+00:00,2026-09-28T13:04:21-05:00,2026-09-29,06:00 AM,223,777,Ruta 1-B: Terraza superior,100,10,90
2026-09-28T18:04:21+00:00,2026-09-28T13:04:21-05:00,2026-09-29,06:00 AM,223,777,Ruta 2-A: Clásico Diseñada,600,578,22
2026-09-28T18:04:21+00:00,2026-09-28T13:04:21-05:00,2026-09-29,06:00 AM,223,777,Ruta 2-B: Terraza Inferior,100,93,7
2026-09-28T18:04:21+00:00,2026-09-28T13:04:21-05:00,2026-09-29,06:00 AM,223,777,Ruta 3-A: Montaña Waynapicchu,50,15,35
2026-09-28T18:04:21+00:00,2026-09-28T13:04:21-05:00,2026-09-29,06:00 AM,223,777,Ruta 3-B: Realeza diseñada,100,60,40
2026-09-28T18:16:24+00:00,2026-09-28T13:16:24-05:00,2026-09-29,06:00 AM,216,784,Ruta 1-A: Montaña Machupicchu,50,10,40
2026-09-28T18:16:24+00:00,2026-09-28T13:16:24-05:00,2026-09-29,06:00 AM,216,784,Ruta 1-B: Terraza superior,100,10,90
2026-09-28T18:16:24+00:00,2026-09-28T13:16:24-05:00,2026-09-29,06:00 AM,216,784,Ruta 2-A: Clásico Diseñada,600,580,20
2026-09-28T18:16:24+00:00,2026-09-28T13:16:24-05:00,2026-09-29,06:00 AM,216,784,Ruta 2-B: Terraza Inferior,100,95,5
2026-09-28T18:16:24+00:00,2026-09-28T13:16:24-05:00,2026-09-29,06:00 AM,216,784,Ruta 3-A: Montaña Waynapicchu,50,17,33
2026-09-28T18:16:24+00:00,2026-09-28T13:16:24-05:00,2026-09-29,06:00 AM,216,784,Ruta 3-B: Realeza diseñada,100,60,40
2026-09-28T18:31:08+00:00,2026-09-28T13:31:08-05:00,2026-09-29,06:00 AM,216,784,Ruta 1-A: Montaña Machupicchu,50,10,40
2026-09-28T18:31:08+00:00,2026-09-28T13:31:08-05:00,2026-09-29,06:00 AM,216,784,Ruta 1-B: Terraza superior,100,10,90
2026-09-28T18:31:08+00:00,2026-09-28T13:31:08-05:00,2026-09-29,06:00 AM,216,784,Ruta 2-A: Clásico Diseñada,600,580,20
2026-09-28T18:31:08+00:00,2026-09-28T13:31:08-05:00,2026-09-29,06:00 AM,216,784,Ruta 2-B: Terraza Inferior,100,95,5
2026-09-28T18:31:08+00:00,2026-09-28T13:31:08-05:00,2026-09-29,06:00 AM,216,784,Ruta 3-A: Montaña Waynapicchu,50,17,33
2026-09-28T18:31:08+00:00,2026-09-28T13:31:08-05:00,2026-09-29,06:00 AM,216,784,Ruta 3-B: Realeza diseñada,100,60,40
2026-09-28T18:46:10+00:00,2026-09-28T13:46:10-05:00,2026-09-29,06:00 AM,202,798,Ruta 1-A: Montaña Machupicchu,50,10,40
2026-09-28T18:46:10+00:00,2026-09-28T13:46:10-05:00,2026-09-29,06:00 AM,202,798,Ruta 1-B: Terraza superior,100,10,90
2026-09-28T18:46:10+00:00,2026-09-28T13:46:10-05:00,2026-09-29,06:00 AM,202,798,Ruta 2-A: Clásico Diseñada,600,588,12
2026-09-28T18:46:10+00:00,2026-09-28T13:46:10-05:00,2026-09-29,06:00 AM,202,798,Ruta 2-B: Terraza Inferior,100,95,5
2026-09-28T18:46:10+00:00,2026-09-28T13:46:10-05:00,2026-09-29,06:00 AM,202,798,Ruta 3-A: Montaña Waynapicchu,50,21,29
2026-09-28T18:46:10+00:00,2026-09-28T13:46:10-05:00,2026-09-29,06:00 AM,202,798,Ruta 3-B: Realeza diseñada,100,62,38
2026-09-28T19:01:26+00:00,2026-09-28T14:01:26-05:00,2026-09-29,06:00 AM,194,806,Ruta 1-A: Montaña Machupicchu,50,10,40
2026-09-28T19:01:26+00:00,2026-09-28T14:01:26-05:00,2026-09-29,06:00 AM,194,806,Ruta 1-B: Terraza superior,100,10,90
2026-09-28T19:01:26+00:00,2026-09-28T14:01:26-05:00,2026-09-29,06:00 AM,194,806,Ruta 2-A: Clásico Diseñada,600,591,9
2026-09-28T19:01:26+00:00,2026-09-28T14:01:26-05:00,2026-09-29,06:00 AM,194,806,Ruta 2-B: Terraza Inferior,100,95,5
2026-09-28T19:01:26+00:00,2026-09-28T14:01:26-05:00,2026-09-29,06:00 AM,194,806,Ruta 3-A: Montaña Waynapicchu,50,23,27
2026-09-28T19:01:26+00:00,2026-09-28T14:01:26-05:00,2026-09-29,06:00 AM,194,806,Ruta 3-B: Realeza diseñada,100,62,38
2026-09-28T19:16:01+00:00,2026-09-28T14:16:01-05:00,2026-09-29,06:00 AM,192,808,Ruta 1-A: Montaña Machupicchu,50,10,40
2026-09-28T19:16:01+00:00,2026-09-28T14:16:01-05:00,2026-09-29,06:00 AM,192,808,Ruta 1-B: Terraza superior,100,10,90
2026-09-28T19:16:01+00:00,2026-09-28T14:16:01-05:00,2026-09-29,06:00 AM,192,808,Ruta 2-A: Clásico Diseñada,600,596,4
2026-09-28T19:16:01+00:00,2026-09-28T14:16:01-05:00,2026-09-29,06:00 AM,192,808,Ruta 2-B: Terraza Inferior,100,95,5
2026-09-28T19:16:01+00:00,2026-09-28T14:16:01-05:00,2026-09-29,06:00 AM,192,808,Ruta 3-A: Montaña Waynapicchu,50,25,25
2026-09-28T19:16:01+00:00,2026-09-28T14:16:01-05:00,2026-09-29,06:00 AM,192,808,Ruta 3-B: Realeza diseñada,100,62,38
2026-09-28T19:31:15+00:00,2026-09-28T14:31:15-05:00,2026-09-29,06:00 AM,189,811,Ruta 1-A: Montaña Machupicchu,50,10,40
2026-09-28T19:31:15+00:00,2026-09-28T14:31:15-05:00,2026-09-29,06:00 AM,189,811,Ruta 1-B: Terraza superior,100,10,90
2026-09-28T19:31:15+00:00,2026-09-28T14:31:15-05:00,2026-09-29,06:00 AM,189,811,Ruta 2-A: Clásico Diseñada,600,596,4
2026-09-28T19:31:15+00:00,2026-09-28T14:31:15-05:00,2026-09-29,06:00 AM,189,811,Ruta 2-B: Terraza Inferior,100,96,4
2026-09-28T19:31:15+00:00,2026-09-28T14:31:15-05:00,2026-09-29,06:00 AM,189,811,Ruta 3-A: Montaña Waynapicchu,50,27,23
2026-09-28T19:31:15+00:00,2026-09-28T14:31:15-05:00,2026-09-29,06:00 AM,189,811,Ruta 3-B: Realeza diseñada,100,62,38
2026-09-28T19:46:03+00:00,2026-09-28T14:46:03-05:00,2026-09-29,06:00 AM,169,831,Ruta 1-A: Montaña Machupicchu,50,11,39
2026-09-28T19:46:03+00:00,2026-09-28T14:46:03-05:00,2026-09-29,06:00 AM,169,831,Ruta 1-B: Terraza superior,100,10,90
2026-09-28T19:46:03+00:00,2026-09-28T14:46:03-05:00,2026-09-29,06:00 AM,169,831,Ruta 2-A: Clásico Diseñada,600,600,0
2026-09-28T19:46:03+00:00,2026-09-28T14:46:03-05:00,2026-09-29,06:00 AM,169,831,Ruta 2-B: Terraza Inferior,100,100,0
2026-09-28T19:46:03+00:00,2026-09-28T14:46:03-05:00,2026-09-29,06:00 AM,169,831,Ruta 3-A: Montaña Waynapicchu,50,27,23
2026-09-28T19:46:03+00:00,2026-09-28T14:46:03-05:00,2026-09-29,06:00 AM,169,831,Ruta 3-B: Realeza diseñada,100,62,38
2026-09-28T20:01:30+00:00,2026-09-28T15:01:30-05:00,2026-09-29,06:00 AM,159,841,Ruta 1-A: Montaña Machupicchu,50,19,31
2026-09-28T20:01:30+00:00,2026-09-28T15:01:30-05:00,2026-09-29,06:00 AM,159,841,Ruta 1-B: Terraza superior,100,13,87
2026-09-28T20:01:30+00:00,2026-09-28T15:01:30-05:00,2026-09-29,06:00 AM,159,841,Ruta 2-A: Clásico Diseñada,600,600,0
2026-09-28T20:01:30+00:00,2026-09-28T15:01:30-05:00,2026-09-29,06:00 AM,159,841,Ruta 2-B: Terraza Inferior,100,100,0
2026-09-28T20:01:30+00:00,2026-09-28T15:01:30-05:00,2026-09-29,06:00 AM,159,841,Ruta 3-A: Montaña Waynapicchu,50,27,23
2026-09-28T20:01:30+00:00,2026-09-28T15:01:30-05:00,2026-09-29,06:00 AM,159,841,Ruta 3-B: Realeza diseñada,100,67,33
2026-09-28T20:31:12+00:00,2026-09-28T15:31:12-05:00,2026-09-29,06:00 AM,148,852,Ruta 1-A: Montaña Machupicchu,50,19,31
2026-09-28T20:31:12+00:00,2026-09-28T15:31:12-05:00,2026-09-29,06:00 AM,148,852,Ruta 1-B: Terraza superior,100,15,85
2026-09-28T20:31:12+00:00,2026-09-28T15:31:12-05:00,2026-09-29,06:00 AM,148,852,Ruta 2-A: Clásico Diseñada,600,600,0
2026-09-28T20:31:12+00:00,2026-09-28T15:31:12-05:00,2026-09-29,06:00 AM,148,852,Ruta 2-B: Terraza Inferior,100,100,0
2026-09-28T20:31:12+00:00,2026-09-28T15:31:12-05:00,2026-09-29,06:00 AM,148,852,Ruta 3-A: Montaña Waynapicchu,50,32,18
2026-09-28T20:31:12+00:00,2026-09-28T15:31:12-05:00,2026-09-29,06:00 AM,148,852,Ruta 3-B: Realeza diseñada,100,69,31
2026-09-28T20:45:59+00:00,2026-09-28T15:45:59-05:00,2026-09-29,06:00 AM,147,853,Ruta 1-A: Montaña Machupicchu,50,20,30
2026-09-28T20:45:59+00:00,2026-09-28T15:45:59-05:00,2026-09-29,06:00 AM,147,853,Ruta 1-B: Terraza superior,100,15,85
2026-09-28T20:45:59+00:00,2026-09-28T15:45:59-05:00,2026-09-29,06:00 AM,147,853,Ruta 2-A: Clásico Diseñada,600,600,0
2026-09-28T20:45:59+00:00,2026-09-28T15:45:59-05:00,2026-09-29,06:00 AM,147,853,Ruta 2-B: Terraza Inferior,100,100,0
2026-09-28T20:45:59+00:00,2026-09-28T15:45:59-05:00,2026-09-29,06:00 AM,147,853,Ruta 3-A: Montaña Waynapicchu,50,32,18
2026-09-28T20:45:59+00:00,2026-09-28T15:45:59-05:00,2026-09-29,06:00 AM,147,853,Ruta 3-B: Realeza diseñada,100,72,28
2026-09-28T21:01:24+00:00,2026-09-28T16:01:24-05:00,2026-09-29,06:00 AM,132,868,Ruta 1-A: Montaña Machupicchu,50,22,28
2026-09-28T21:01:24+00:00,2026-09-28T16:01:24-05:00,2026-09-29,06:00 AM,132,868,Ruta 1-B: Terraza superior,100,16,84
2026-09-28T21:01:24+00:00,2026-09-28T16:01:24-05:00,2026-09-29,06:00 AM,132,868,Ruta 2-A: Clásico Diseñada,600,600,0
2026-09-28T21:01:24+00:00,2026-09-28T16:01:24-05:00,2026-09-29,06:00 AM,132,868,Ruta 2-B: Terraza Inferior,100,100,0
2026-09-28T21:01:24+00:00,2026-09-28T16:01:24-05:00,2026-09-29,06:00 AM,132,868,Ruta 3-A: Montaña Waynapicchu,50,43,7
2026-09-28T21:01:24+00:00,2026-09-28T16:01:24-05:00,2026-09-29,06:00 AM,132,868,Ruta 3-B: Realeza diseñada,100,73,27
2026-09-28T21:16:16+00:00,2026-09-28T16:16:16-05:00,2026-09-29,06:00 AM,117,883,Ruta 1-A: Montaña Machupicchu,50,22,28
2026-09-28T21:16:16+00:00,2026-09-28T16:16:16-05:00,2026-09-29,06:00 AM,117,883,Ruta 1-B: Terraza superior,100,16,84
2026-09-28T21:16:16+00:00,2026-09-28T16:16:16-05:00,2026-09-29,06:00 AM,117,883,Ruta 2-A: Clásico Diseñada,600,600,0
2026-09-28T21:16:16+00:00,2026-09-28T16:16:16-05:00,2026-09-29,06:00 AM,117,883,Ruta 2-B: Terraza Inferior,100,100,0
2026-09-28T21:16:16+00:00,2026-09-28T16:16:16-05:00,2026-09-29,06:00 AM,117,883,Ruta 3-A: Montaña Waynapicchu,50,47,3
2026-09-28T21:16:16+00:00,2026-09-28T16:16:16-05:00,2026-09-29,06:00 AM,117,883,Ruta 3-B: Realeza diseñada,100,73,27
2026-09-28T21:31:09+00:00,2026-09-28T16:31:09-05:00,2026-09-29,06:00 AM,116,884,Ruta 1-A: Montaña Machupicchu,50,22,28
2026-09-28T21:31:09+00:00,2026-09-28T16:31:09-05:00,2026-09-29,06:00 AM,116,884,Ruta 1-B: Terraza superior,100,23,77
2026-09-28T21:31:09+00:00,2026-09-28T16:31:09-05:00,2026-09-29,06:00 AM,116,884,Ruta 2-A: Clásico Diseñada,600,600,0
2026-09-28T21:31:09+00:00,2026-09-28T16:31:09-05:00,2026-09-29,06:00 AM,116,884,Ruta 2-B: Terraza Inferior,100,100,0
2026-09-28T21:31:09+00:00,2026-09-28T16:31:09-05:00,2026-09-29,06:00 AM,116,884,Ruta 3-A: Montaña Waynapicchu,50,48,2
2026-09-28T21:31:09+00:00,2026-09-28T16:31:09-05:00,2026-09-29,06:00 AM,116,884,Ruta 3-B: Realeza diseñada,100,75,25
2026-09-28T21:46:02+00:00,2026-09-28T16:46:02-05:00,2026-09-29,06:00 AM,113,887,Ruta 1-A: Montaña Machupicchu,50,22,28
2026-09-28T21:46:02+00:00,2026-09-28T16:46:02-05:00,2026-09-29,06:00 AM,113,887,Ruta 1-B: Terraza superior,100,25,75
2026-09-28T21:46:02+00:00,2026-09-28T16:46:02-05:00,2026-09-29,06:00 AM,113,887,Ruta 2-A: Clásico Diseñada,600,600,0
2026-09-28T21:46:02+00:00,2026-09-28T16:46:02-05:00,2026-09-29,06:00 AM,113,887,Ruta 2-B: Terraza Inferior,100,100,0
2026-09-28T21:46:02+00:00,2026-09-28T16:46:02-05:00,2026-09-29,06:00 AM,113,887,Ruta 3-A: Montaña Waynapicchu,50,48,2
2026-09-28T21:46:02+00:00,2026-09-28T16:46:02-05:00,2026-09-29,06:00 AM,113,887,Ruta 3-B: Realeza diseñada,100,75,25
2026-09-28T23:01:16+00:00,2026-09-28T18:01:16-05:00,2026-09-29,06:00 AM,80,920,Ruta 1-A: Montaña Machupicchu,50,25,25
2026-09-28T23:01:16+00:00,2026-09-28T18:01:16-05:00,2026-09-29,06:00 AM,80,920,Ruta 1-B: Terraza superior,100,35,65
2026-09-28T23:01:16+00:00,2026-09-28T18:01:16-05:00,2026-09-29,06:00 AM,80,920,Ruta 2-A: Clásico Diseñada,600,600,0
2026-09-28T23:01:16+00:00,2026-09-28T18:01:16-05:00,2026-09-29,06:00 AM,80,920,Ruta 2-B: Terraza Inferior,100,100,0
2026-09-28T23:01:16+00:00,2026-09-28T18:01:16-05:00,2026-09-29,06:00 AM,80,920,Ruta 3-A: Montaña Waynapicchu,50,50,0
2026-09-28T23:01:16+00:00,2026-09-28T18:01:16-05:00,2026-09-29,06:00 AM,80,920,Ruta 3-B: Realeza diseñada,100,85,15
2026-09-28T23:19:48+00:00,2026-09-28T18:19:48-05:00,2026-09-29,06:00 AM,74,926,Ruta 1-A: Montaña Machupicchu,50,25,25
2026-09-28T23:19:48+00:00,2026-09-28T18:19:48-05:00,2026-09-29,06:00 AM,74,926,Ruta 1-B: Terraza superior,100,48,52
2026-09-28T23:19:48+00:00,2026-09-28T18:19:48-05:00,2026-09-29,06:00 AM,74,926,Ruta 2-A: Clásico Diseñada,600,600,0
2026-09-28T23:19:48+00:00,2026-09-28T18:19:48-05:00,2026-09-29,06:00 AM,74,926,Ruta 2-B: Terraza Inferior,100,100,0
2026-09-28T23:19:48+00:00,2026-09-28T18:19:48-05:00,2026-09-29,06:00 AM,74,926,Ruta 3-A: Montaña Waynapicchu,50,50,0
2026-09-28T23:19:48+00:00,2026-09-28T18:19:48-05:00,2026-09-29,06:00 AM,74,926,Ruta 3-B: Realeza diseñada,100,85,15
2026-09-29T01:28:39+00:00,2026-09-28T20:28:39-05:00,2026-09-30,06:00 AM,1000,0,Ruta 1-A: Montaña Machupicchu,50,0,50
2026-09-29T01:28:39+00:00,2026-09-28T20:28:39-05:00,2026-09-30,06:00 AM,1000,0,Ruta 1-B: Terraza superior,100,0,100
2026-09-29T01:28:39+00:00,2026-09-28T20:28:39-05:00,2026-09-30,06:00 AM,1000,0,Ruta 2-A: Clásico Diseñada,600,0,600
2026-09-29T01:28:39+00:00,2026-09-28T20:28:39-05:00,2026-09-30,06:00 AM,1000,0,Ruta 2-B: Terraza Inferior,100,0,100
2026-09-29T01:28:39+00:00,2026-09-28T20:28:39-05:00,2026-09-30,06:00 AM,1000,0,Ruta 3-A: Montaña Waynapicchu,50,0,50
2026-09-29T01:28:39+00:00,2026-09-28T20:28:39-05:00,2026-09-30,06:00 AM,1000,0,Ruta 3-B: Realeza diseñada,100,0,100
2026-09-29T02:54:55+00:00,2026-09-28T21:54:55-05:00,2026-09-30,06:00 AM,1000,0,Ruta 1-A: Montaña Machupicchu,50,0,50
2026-09-29T02:54:55+00:00,2026-09-28T21:54:55-05:00,2026-09-30,06:00 AM,1000,0,Ruta 1-B: Terraza superior,100,0,100
2026-09-29T02:54:55+00:00,2026-09-28T21:54:55-05:00,2026-09-30,06:00 AM,1000,0,Ruta 2-A: Clásico Diseñada,600,0,600
2026-09-29T02:54:55+00:00,2026-09-28T21:54:55-05:00,2026-09-30,06:00 AM,1000,0,Ruta 2-B: Terraza Inferior,100,0,100
2026-09-29T02:54:55+00:00,2026-09-28T21:54:55-05:00,2026-09-30,06:00 AM,1000,0,Ruta 3-A: Montaña Waynapicchu,50,0,50
2026-09-29T02:54:55+00:00,2026-09-28T21:54:55-05:00,2026-09-30,06:00 AM,1000,0,Ruta 3-B: Realeza diseñada,100,0,100
2026-09-29T03:01:22+00:00,2026-09-28T22:01:22-05:00,2026-09-30,06:00 AM,1000,0,Ruta 1-A: Montaña Machupicchu,50,0,50
2026-09-29T03:01:22+00:00,2026-09-28T22:01:22-05:00,2026-09-30,06:00 AM,1000,0,Ruta 1-B: Terraza superior,100,0,100
2026-09-29T03:01:22+00:00,2026-09-28T22:01:22-05:00,2026-09-30,06:00 AM,1000,0,Ruta 2-A: Clásico Diseñada,600,0,600
2026-09-29T03:01:22+00:00,2026-09-28T22:01:22-05:00,2026-09-30,06:00 AM,1000,0,Ruta 2-B: Terraza Inferior,100,0,100
2026-09-29T03:01:22+00:00,2026-09-28T22:01:22-05:00,2026-09-30,06:00 AM,1000,0,Ruta 3-A: Montaña Waynapicchu,50,0,50
2026-09-29T03:01:22+00:00,2026-09-28T22:01:22-05:00,2026-09-30,06:00 AM,1000,0,Ruta 3-B: Realeza diseñada,100,0,100
2026-09-29T05:01:13+00:00,2026-09-29T00:01:13-05:00,2026-09-30,06:00 AM,1000,0,Ruta 1-A: Montaña Machupicchu,50,0,50
2026-09-29T05:01:13+00:00,2026-09-29T00:01:13-05:00,2026-09-30,06:00 AM,1000,0,Ruta 1-B: Terraza superior,100,0,100
2026-09-29T05:01:13+00:00,2026-09-29T00:01:13-05:00,2026-09-30,06:00 AM,1000,0,Ruta 2-A: Clásico Diseñada,600,0,600
2026-09-29T05:01:13+00:00,2026-09-29T00:01:13-05:00,2026-09-30,06:00 AM,1000,0,Ruta 2-B: Terraza Inferior,100,0,100
2026-09-29T05:01:13+00:00,2026-09-29T00:01:13-05:00,2026-09-30,06:00 AM,1000,0,Ruta 3-A: Montaña Waynapicchu,50,0,50
2026-09-29T05:01:13+00:00,2026-09-29T00:01:13-05:00,2026-09-30,06:00 AM,1000,0,Ruta 3-B: Realeza diseñada,100,0,100
2026-09-29T07:01:20+00:00,2026-09-29T02:01:20-05:00,2026-09-30,06:00 AM,1000,0,Ruta 1-A: Montaña Machupicchu,50,0,50
2026-09-29T07:01:20+00:00,2026-09-29T02:01:20-05:00,2026-09-30,06:00 AM,1000,0,Ruta 1-B: Terraza superior,100,0,100
2026-09-29T07:01:20+00:00,2026-09-29T02:01:20-05:00,2026-09-30,06:00 AM,1000,0,Ruta 2-A: Clásico Diseñada,600,0,600
2026-09-29T07:01:20+00:00,2026-09-29T02:01:20-05:00,2026-09-30,06:00 AM,1000,0,Ruta 2-B: Terraza Inferior,100,0,100
2026-09-29T07:01:20+00:00,2026-09-29T02:01:20-05:00,2026-09-30,06:00 AM,1000,0,Ruta 3-A: Montaña Waynapicchu,50,0,50
2026-09-29T07:01:20+00:00,2026-09-29T02:01:20-05:00,2026-09-30,06:00 AM,1000,0,Ruta 3-B: Realeza diseñada,100,0,100
2026-09-29T09:01:17+00:00,2026-09-29T04:01:17-05:00,2026-09-30,06:00 AM,1000,0,Ruta 1-A: Montaña Machupicchu,50,0,50
2026-09-29T09:01:17+00:00,2026-09-29T04:01:17-05:00,2026-09-30,06:00 AM,1000,0,Ruta 1-B: Terraza superior,100,0,100
2026-09-29T09:01:17+00:00,2026-09-29T04:01:17-05:00,2026-09-30,06:00 AM,1000,0,Ruta 2-A: Clásico Diseñada,600,0,600
2026-09-29T09:01:17+00:00,2026-09-29T04:01:17-05:00,2026-09-30,06:00 AM,1000,0,Ruta 2-B: Terraza Inferior,100,0,100
2026-09-29T09:01:17+00:00,2026-09-29T04:01:17-05:00,2026-09-30,06:00 AM,1000,0,Ruta 3-A: Montaña Waynapicchu,50,0,50
2026-09-29T09:01:17+00:00,2026-09-29T04:01:17-05:00,2026-09-30,06:00 AM,1000,0,Ruta 3-B: Realeza diseñada,100,0,100
2026-09-29T09:15:59+00:00,2026-09-29T04:15:59-05:00,2026-09-30,06:00 AM,1000,0,Ruta 1-A: Montaña Machupicchu,50,0,50
2026-09-29T09:15:59+00:00,2026-09-29T04:15:59-05:00,2026-09-30,06:00 AM,1000,0,Ruta 1-B: Terraza superior,100,0,100
2026-09-29T09:15:59+00:00,2026-09-29T04:15:59-05:00,2026-09-30,06:00 AM,1000,0,Ruta 2-A: Clásico Diseñada,600,0,600
2026-09-29T09:15:59+00:00,2026-09-29T04:15:59-05:00,2026-09-30,06:00 AM,1000,0,Ruta 2-B: Terraza Inferior,100,0,100
2026-09-29T09:15:59+00:00,2026-09-29T04:15:59-05:00,2026-09-30,06:00 AM,1000,0,Ruta 3-A: Montaña Waynapicchu,50,0,50
2026-09-29T09:15:59+00:00,2026-09-29T04:15:59-05:00,2026-09-30,06:00 AM,1000,0,Ruta 3-B: Realeza diseñada,100,0,100
2026-09-29T09:31:47+00:00,2026-09-29T04:31:47-05:00,2026-09-30,06:00 AM,1000,0,Ruta 1-A: Montaña Machupicchu,50,0,50
2026-09-29T09:31:47+00:00,2026-09-29T04:31:47-05:00,2026-09-30,06:00 AM,1000,0,Ruta 1-B: Terraza superior,100,0,100
2026-09-29T09:31:47+00:00,2026-09-29T04:31:47-05:00,2026-09-30,06:00 AM,1000,0,Ruta 2-A: Clásico Diseñada,600,0,600
2026-09-29T09:31:47+00:00,2026-09-29T04:31:47-05:00,2026-09-30,06:00 AM,1000,0,Ruta 2-B: Terraza Inferior,100,0,100
2026-09-29T09:31:47+00:00,2026-09-29T04:31:47-05:00,2026-09-30,06:00 AM,1000,0,Ruta 3-A: Montaña Waynapicchu,50,0,50
2026-09-29T09:31:47+00:00,2026-09-29T04:31:47-05:00,2026-09-30,06:00 AM,1000,0,Ruta 3-B: Realeza diseñada,100,0,100
2026-09-29T09:46:00+00:00,2026-09-29T04:46:00-05:00,2026-09-30,06:00 AM,1000,0,Ruta 1-A: Montaña Machupicchu,50,0,50
2026-09-29T09:46:00+00:00,2026-09-29T04:46:00-05:00,2026-09-30,06:00 AM,1000,0,Ruta 1-B: Terraza superior,100,0,100
2026-09-29T09:46:00+00:00,2026-09-29T04:46:00-05:00,2026-09-30,06:00 AM,1000,0,Ruta 2-A: Clásico Diseñada,600,0,600
2026-09-29T09:46:00+00:00,2026-09-29T04:46:00-05:00,2026-09-30,06:00 AM,1000,0,Ruta 2-B: Terraza Inferior,100,0,100
2026-09-29T09:46:00+00:00,2026-09-29T04:46:00-05:00,2026-09-30,06:00 AM,1000,0,Ruta 3-A: Montaña Waynapicchu,50,0,50
2026-09-29T09:46:00+00:00,2026-09-29T04:46:00-05:00,2026-09-30,06:00 AM,1000,0,Ruta 3-B: Realeza diseñada,100,0,100
2026-09-29T10:01:18+00:00,2026-09-29T05:01:18-05:00,2026-09-30,06:00 AM,1000,0,Ruta 1-A: Montaña Machupicchu,50,0,50
2026-09-29T10:01:18+00:00,2026-09-29T05:01:18-05:00,2026-09-30,06:00 AM,1000,0,Ruta 1-B: Terraza superior,100,0,100
2026-09-29T10:01:18+00:00,2026-09-29T05:01:18-05:00,2026-09-30,06:00 AM,1000,0,Ruta 2-A: Clásico Diseñada,600,0,600
2026-09-29T10:01:18+00:00,2026-09-29T05:01:18-05:00,2026-09-30,06:00 AM,1000,0,Ruta 2-B: Terraza Inferior,100,0,100
2026-09-29T10:01:18+00:00,2026-09-29T05:01:18-05:00,2026-09-30,06:00 AM,1000,0,Ruta 3-A: Montaña Waynapicchu,50,0,50
2026-09-29T10:01:18+00:00,2026-09-29T05:01:18-05:00,2026-09-30,06:00 AM,1000,0,Ruta 3-B: Realeza diseñada,100,0,100
2026-09-29T10:11:17+00:00,2026-09-29T05:11:17-05:00,2026-09-30,06:00 AM,1000,0,Ruta 1-A: Montaña Machupicchu,50,0,50
2026-09-29T10:11:17+00:00,2026-09-29T05:11:17-05:00,2026-09-30,06:00 AM,1000,0,Ruta 1-B: Terraza superior,100,0,100
2026-09-29T10:11:17+00:00,2026-09-29T05:11:17-05:00,2026-09-30,06:00 AM,1000,0,Ruta 2-A: Clásico Diseñada,600,0,600
2026-09-29T10:11:17+00:00,2026-09-29T05:11:17-05:00,2026-09-30,06:00 AM,1000,0,Ruta 2-B: Terraza Inferior,100,0,100
2026-09-29T10:11:17+00:00,2026-09-29T05:11:17-05:00,2026-09-30,06:00 AM,1000,0,Ruta 3-A: Montaña Waynapicchu,50,0,50
2026-09-29T10:11:17+00:00,2026-09-29T05:11:17-05:00,2026-09-30,06:00 AM,1000,0,Ruta 3-B: Realeza diseñada,100,0,100
2026-09-29T10:16:07+00:00,2026-09-29T05:16:07-05:00,2026-09-30,06:00 AM,1000,0,Ruta 1-A: Montaña Machupicchu,50,0,50
2026-09-29T10:16:07+00:00,2026-09-29T05:16:07-05:00,2026-09-30,06:00 AM,1000,0,Ruta 1-B: Terraza superior,100,0,100
2026-09-29T10:16:07+00:00,2026-09-29T05:16:07-05:00,2026-09-30,06:00 AM,1000,0,Ruta 2-A: Clásico Diseñada,600,0,600
2026-09-29T10:16:07+00:00,2026-09-29T05:16:07-05:00,2026-09-30,06:00 AM,1000,0,Ruta 2-B: Terraza Inferior,100,0,100
2026-09-29T10:16:07+00:00,2026-09-29T05:16:07-05:00,2026-09-30,06:00 AM,1000,0,Ruta 3-A: Montaña Waynapicchu,50,0,50
2026-09-29T10:16:07+00:00,2026-09-29T05:16:07-05:00,2026-09-30,06:00 AM,1000,0,Ruta 3-B: Realeza diseñada,100,0,100
2026-09-29T10:31:07+00:00,2026-09-29T05:31:07-05:00,2026-09-30,06:00 AM,1000,0,Ruta 1-A: Montaña Machupicchu,50,0,50
2026-09-29T10:31:07+00:00,2026-09-29T05:31:07-05:00,2026-09-30,06:00 AM,1000,0,Ruta 1-B: Terraza superior,100,0,100
2026-09-29T10:31:07+00:00,2026-09-29T05:31:07-05:00,2026-09-30,06:00 AM,1000,0,Ruta 2-A: Clásico Diseñada,600,0,600
2026-09-29T10:31:07+00:00,2026-09-29T05:31:07-05:00,2026-09-30,06:00 AM,1000,0,Ruta 2-B: Terraza Inferior,100,0,100
2026-09-29T10:31:07+00:00,2026-09-29T05:31:07-05:00,2026-09-30,06:00 AM,1000,0,Ruta 3-A: Montaña Waynapicchu,50,0,50
2026-09-29T10:31:07+00:00,2026-09-29T05:31:07-05:00,2026-09-30,06:00 AM,1000,0,Ruta 3-B: Realeza diseñada,100,0,100
2026-09-29T10:46:11+00:00,2026-09-29T05:46:11-05:00,2026-09-30,06:00 AM,1000,0,Ruta 1-A: Montaña Machupicchu,50,0,50
2026-09-29T10:46:11+00:00,2026-09-29T05:46:11-05:00,2026-09-30,06:00 AM,1000,0,Ruta 1-B: Terraza superior,100,0,100
2026-09-29T10:46:11+00:00,2026-09-29T05:46:11-05:00,2026-09-30,06:00 AM,1000,0,Ruta 2-A: Clásico Diseñada,600,0,600
2026-09-29T10:46:11+00:00,2026-09-29T05:46:11-05:00,2026-09-30,06:00 AM,1000,0,Ruta 2-B: Terraza Inferior,100,0,100
2026-09-29T10:46:11+00:00,2026-09-29T05:46:11-05:00,2026-09-30,06:00 AM,1000,0,Ruta 3-A: Montaña Waynapicchu,50,0,50
2026-09-29T10:46:11+00:00,2026-09-29T05:46:11-05:00,2026-09-30,06:00 AM,1000,0,Ruta 3-B: Realeza diseñada,100,0,100
2026-09-29T11:01:19+00:00,2026-09-29T06:01:19-05:00,2026-09-30,06:00 AM,1000,0,Ruta 1-A: Montaña Machupicchu,50,0,50
2026-09-29T11:01:19+00:00,2026-09-29T06:01:19-05:00,2026-09-30,06:00 AM,1000,0,Ruta 1-B: Terraza superior,100,0,100
2026-09-29T11:01:19+00:00,2026-09-29T06:01:19-05:00,2026-09-30,06:00 AM,1000,0,Ruta 2-A: Clásico Diseñada,600,0,600
2026-09-29T11:01:19+00:00,2026-09-29T06:01:19-05:00,2026-09-30,06:00 AM,1000,0,Ruta 2-B: Terraza Inferior,100,0,100
2026-09-29T11:01:19+00:00,2026-09-29T06:01:19-05:00,2026-09-30,06:00 AM,1000,0,Ruta 3-A: Montaña Waynapicchu,50,0,50
2026-09-29T11:01:19+00:00,2026-09-29T06:01:19-05:00,2026-09-30,06:00 AM,1000,0,Ruta 3-B: Realeza diseñada,100,0,100
2026-09-29T11:15:57+00:00,2026-09-29T06:15:57-05:00,2026-09-30,06:00 AM,938,62,Ruta 1-A: Montaña Machupicchu,50,0,50
2026-09-29T11:15:57+00:00,2026-09-29T06:15:57-05:00,2026-09-30,06:00 AM,938,62,Ruta 1-B: Terraza superior,100,0,100
2026-09-29T11:15:57+00:00,2026-09-29T06:15:57-05:00,2026-09-30,06:00 AM,938,62,Ruta 2-A: Clásico Diseñada,600,24,576
2026-09-29T11:15:57+00:00,2026-09-29T06:15:57-05:00,2026-09-30,06:00 AM,938,62,Ruta 2-B: Terraza Inferior,100,9,91
2026-09-29T11:15:57+00:00,2026-09-29T06:15:57-05:00,2026-09-30,06:00 AM,938,62,Ruta 3-A: Montaña Waynapicchu,50,0,50
2026-09-29T11:15:57+00:00,2026-09-29T06:15:57-05:00,2026-09-30,06:00 AM,938,62,Ruta 3-B: Realeza diseñada,100,0,100
2026-09-29T11:31:08+00:00,2026-09-29T06:31:08-05:00,2026-09-30,06:00 AM,808,192,Ruta 1-A: Montaña Machupicchu,50,0,50
2026-09-29T11:31:08+00:00,2026-09-29T06:31:08-05:00,2026-09-30,06:00 AM,808,192,Ruta 1-B: Terraza superior,100,0,100
2026-09-29T11:31:08+00:00,2026-09-29T06:31:08-05:00,2026-09-30,06:00 AM,808,192,Ruta 2-A: Clásico Diseñada,600,113,487
2026-09-29T11:31:08+00:00,2026-09-29T06:31:08-05:00,2026-09-30,06:00 AM,808,192,Ruta 2-B: Terraza Inferior,100,11,89
2026-09-29T11:31:08+00:00,2026-09-29T06:31:08-05:00,2026-09-30,06:00 AM,808,192,Ruta 3-A: Montaña Waynapicchu,50,0,50
2026-09-29T11:31:08+00:00,2026-09-29T06:31:08-05:00,2026-09-30,06:00 AM,808,192,Ruta 3-B: Realeza diseñada,100,0,100
2026-09-29T11:46:07+00:00,2026-09-29T06:46:07-05:00,2026-09-30,06:00 AM,726,274,Ruta 1-A: Montaña Machupicchu,50,0,50
2026-09-29T11:46:07+00:00,2026-09-29T06:46:07-05:00,2026-09-30,06:00 AM,726,274,Ruta 1-B: Terraza superior,100,0,100
2026-09-29T11:46:07+00:00,2026-09-29T06:46:07-05:00,2026-09-30,06:00 AM,726,274,Ruta 2-A: Clásico Diseñada,600,178,422
2026-09-29T11:46:07+00:00,2026-09-29T06:46:07-05:00,2026-09-30,06:00 AM,726,274,Ruta 2-B: Terraza Inferior,100,20,80
2026-09-29T11:46:07+00:00,2026-09-29T06:46:07-05:00,2026-09-30,06:00 AM,726,274,Ruta 3-A: Montaña Waynapicchu,50,2,48
2026-09-29T11:46:07+00:00,2026-09-29T06:46:07-05:00,2026-09-30,06:00 AM,726,274,Ruta 3-B: Realeza diseñada,100,0,100
2026-09-29T12:01:21+00:00,2026-09-29T07:01:21-05:00,2026-09-30,06:00 AM,666,334,Ruta 1-A: Montaña Machupicchu,50,0,50
2026-09-29T12:01:21+00:00,2026-09-29T07:01:21-05:00,2026-09-30,06:00 AM,666,334,Ruta 1-B: Terraza superior,100,0,100
2026-09-29T12:01:21+00:00,2026-09-29T07:01:21-05:00,2026-09-30,06:00 AM,666,334,Ruta 2-A: Clásico Diseñada,600,215,385
2026-09-29T12:01:21+00:00,2026-09-29T07:01:21-05:00,2026-09-30,06:00 AM,666,334,Ruta 2-B: Terraza Inferior,100,25,75
2026-09-29T12:01:21+00:00,2026-09-29T07:01:21-05:00,2026-09-30,06:00 AM,666,334,Ruta 3-A: Montaña Waynapicchu,50,2,48
2026-09-29T12:01:21+00:00,2026-09-29T07:01:21-05:00,2026-09-30,06:00 AM,666,334,Ruta 3-B: Realeza diseñada,100,0,100
2026-09-29T12:15:57+00:00,2026-09-29T07:15:57-05:00,2026-09-30,06:00 AM,623,377,Ruta 1-A: Montaña Machupicchu,50,0,50
2026-09-29T12:15:57+00:00,2026-09-29T07:15:57-05:00,2026-09-30,06:00 AM,623,377,Ruta 1-B: Terraza superior,100,0,100
2026-09-29T12:15:57+00:00,2026-09-29T07:15:57-05:00,2026-09-30,06:00 AM,623,377,Ruta 2-A: Clásico Diseñada,600,299,301
2026-09-29T12:15:57+00:00,2026-09-29T07:15:57-05:00,2026-09-30,06:00 AM,623,377,Ruta 2-B: Terraza Inferior,100,35,65
2026-09-29T12:15:57+00:00,2026-09-29T07:15:57-05:00,2026-09-30,06:00 AM,623,377,Ruta 3-A: Montaña Waynapicchu,50,4,46
2026-09-29T12:15:57+00:00,2026-09-29T07:15:57-05:00,2026-09-30,06:00 AM,623,377,Ruta 3-B: Realeza diseñada,100,0,100
2026-09-29T12:31:16+00:00,2026-09-29T07:31:16-05:00,2026-09-30,06:00 AM,561,439,Ruta 1-A: Montaña Machupicchu,50,0,50
2026-09-29T12:31:16+00:00,2026-09-29T07:31:16-05:00,2026-09-30,06:00 AM,561,439,Ruta 1-B: Terraza superior,100,0,100
2026-09-29T12:31:16+00:00,2026-09-29T07:31:16-05:00,2026-09-30,06:00 AM,561,439,Ruta 2-A: Clásico Diseñada,600,335,265
2026-09-29T12:31:16+00:00,2026-09-29T07:31:16-05:00,2026-09-30,06:00 AM,561,439,Ruta 2-B: Terraza Inferior,100,41,59
2026-09-29T12:31:16+00:00,2026-09-29T07:31:16-05:00,2026-09-30,06:00 AM,561,439,Ruta 3-A: Montaña Waynapicchu,50,4,46
2026-09-29T12:31:16+00:00,2026-09-29T07:31:16-05:00,2026-09-30,06:00 AM,561,439,Ruta 3-B: Realeza diseñada,100,0,100
2026-09-29T12:46:04+00:00,2026-09-29T07:46:04-05:00,2026-09-30,06:00 AM,538,462,Ruta 1-A: Montaña Machupicchu,50,1,49
2026-09-29T12:46:04+00:00,2026-09-29T07:46:04-05:00,2026-09-30,06:00 AM,538,462,Ruta 1-B: Terraza superior,100,28,72
2026-09-29T12:46:04+00:00,2026-09-29T07:46:04-05:00,2026-09-30,06:00 AM,538,462,Ruta 2-A: Clásico Diseñada,600,358,242
2026-09-29T12:46:04+00:00,2026-09-29T07:46:04-05:00,2026-09-30,06:00 AM,538,462,Ruta 2-B: Terraza Inferior,100,59,41
2026-09-29T12:46:04+00:00,2026-09-29T07:46:04-05:00,2026-09-30,06:00 AM,538,462,Ruta 3-A: Montaña Waynapicchu,50,5,45
2026-09-29T12:46:04+00:00,2026-09-29T07:46:04-05:00,2026-09-30,06:00 AM,538,462,Ruta 3-B: Realeza diseñada,100,0,100
2026-09-29T13:01:23+00:00,2026-09-29T08:01:23-05:00,2026-09-30,06:00 AM,505,495,Ruta 1-A: Montaña Machupicchu,50,1,49
2026-09-29T13:01:23+00:00,2026-09-29T08:01:23-05:00,2026-09-30,06:00 AM,505,495,Ruta 1-B: Terraza superior,100,28,72
2026-09-29T13:01:23+00:00,2026-09-29T08:01:23-05:00,2026-09-30,06:00 AM,505,495,Ruta 2-A: Clásico Diseñada,600,379,221
2026-09-29T13:01:23+00:00,2026-09-29T08:01:23-05:00,2026-09-30,06:00 AM,505,495,Ruta 2-B: Terraza Inferior,100,65,35
2026-09-29T13:01:23+00:00,2026-09-29T08:01:23-05:00,2026-09-30,06:00 AM,505,495,Ruta 3-A: Montaña Waynapicchu,50,5,45
2026-09-29T13:01:23+00:00,2026-09-29T08:01:23-05:00,2026-09-30,06:00 AM,505,495,Ruta 3-B: Realeza diseñada,100,0,100
2026-09-29T13:16:01+00:00,2026-09-29T08:16:01-05:00,2026-09-30,06:00 AM,484,516,Ruta 1-A: Montaña Machupicchu,50,1,49
2026-09-29T13:16:01+00:00,2026-09-29T08:16:01-05:00,2026-09-30,06:00 AM,484,516,Ruta 1-B: Terraza superior,100,28,72
2026-09-29T13:16:01+00:00,2026-09-29T08:16:01-05:00,2026-09-30,06:00 AM,484,516,Ruta 2-A: Clásico Diseñada,600,395,205
2026-09-29T13:16:01+00:00,2026-09-29T08:16:01-05:00,2026-09-30,06:00 AM,484,516,Ruta 2-B: Terraza Inferior,100,69,31
2026-09-29T13:16:01+00:00,2026-09-29T08:16:01-05:00,2026-09-30,06:00 AM,484,516,Ruta 3-A: Montaña Waynapicchu,50,7,43
2026-09-29T13:16:01+00:00,2026-09-29T08:16:01-05:00,2026-09-30,06:00 AM,484,516,Ruta 3-B: Realeza diseñada,100,0,100
2026-09-29T13:31:23+00:00,2026-09-29T08:31:23-05:00,2026-09-30,06:00 AM,438,562,Ruta 1-A: Montaña Machupicchu,50,1,49
2026-09-29T13:31:23+00:00,2026-09-29T08:31:23-05:00,2026-09-30,06:00 AM,438,562,Ruta 1-B: Terraza superior,100,28,72
2026-09-29T13:31:23+00:00,2026-09-29T08:31:23-05:00,2026-09-30,06:00 AM,438,562,Ruta 2-A: Clásico Diseñada,600,430,170
2026-09-29T13:31:23+00:00,2026-09-29T08:31:23-05:00,2026-09-30,06:00 AM,438,562,Ruta 2-B: Terraza Inferior,100,74,26
2026-09-29T13:31:23+00:00,2026-09-29T08:31:23-05:00,2026-09-30,06:00 AM,438,562,Ruta 3-A: Montaña Waynapicchu,50,7,43
2026-09-29T13:31:23+00:00,2026-09-29T08:31:23-05:00,2026-09-30,06:00 AM,438,562,Ruta 3-B: Realeza diseñada,100,0,100
2026-09-29T13:46:19+00:00,2026-09-29T08:46:19-05:00,2026-09-30,06:00 AM,404,596,Ruta 1-A: Montaña Machupicchu,50,1,49
2026-09-29T13:46:19+00:00,2026-09-29T08:46:19-05:00,2026-09-30,06:00 AM,404,596,Ruta 1-B: Terraza superior,100,28,72
2026-09-29T13:46:19+00:00,2026-09-29T08:46:19-05:00,2026-09-30,06:00 AM,404,596,Ruta 2-A: Clásico Diseñada,600,456,144
2026-09-29T13:46:19+00:00,2026-09-29T08:46:19-05:00,2026-09-30,06:00 AM,404,596,Ruta 2-B: Terraza Inferior,100,76,24
2026-09-29T13:46:19+00:00,2026-09-29T08:46:19-05:00,2026-09-30,06:00 AM,404,596,Ruta 3-A: Montaña Waynapicchu,50,7,43
2026-09-29T13:46:19+00:00,2026-09-29T08:46:19-05:00,2026-09-30,06:00 AM,404,596,Ruta 3-B: Realeza diseñada,100,0,100
2026-09-29T14:16:04+00:00,2026-09-29T09:16:04-05:00,2026-09-30,06:00 AM,389,611,Ruta 1-A: Montaña Machupicchu,50,5,45
2026-09-29T14:16:04+00:00,2026-09-29T09:16:04-05:00,2026-09-30,06:00 AM,389,611,Ruta 1-B: Terraza superior,100,28,72
2026-09-29T14:16:04+00:00,2026-09-29T09:16:04-05:00,2026-09-30,06:00 AM,389,611,Ruta 2-A: Clásico Diseñada,600,464,136
2026-09-29T14:16:04+00:00,2026-09-29T09:16:04-05:00,2026-09-30,06:00 AM,389,611,Ruta 2-B: Terraza Inferior,100,79,21
2026-09-29T14:16:04+00:00,2026-09-29T09:16:04-05:00,2026-09-30,06:00 AM,389,611,Ruta 3-A: Montaña Waynapicchu,50,7,43
2026-09-29T14:16:04+00:00,2026-09-29T09:16:04-05:00,2026-09-30,06:00 AM,389,611,Ruta 3-B: Realeza diseñada,100,11,89
2026-09-29T14:31:19+00:00,2026-09-29T09:31:19-05:00,2026-09-30,06:00 AM,373,627,Ruta 1-A: Montaña Machupicchu,50,5,45
2026-09-29T14:31:19+00:00,2026-09-29T09:31:19-05:00,2026-09-30,06:00 AM,373,627,Ruta 1-B: Terraza superior,100,28,72
2026-09-29T14:31:19+00:00,2026-09-29T09:31:19-05:00,2026-09-30,06:00 AM,373,627,Ruta 2-A: Clásico Diseñada,600,472,128
2026-09-29T14:31:19+00:00,2026-09-29T09:31:19-05:00,2026-09-30,06:00 AM,373,627,Ruta 2-B: Terraza Inferior,100,79,21
2026-09-29T14:31:19+00:00,2026-09-29T09:31:19-05:00,2026-09-30,06:00 AM,373,627,Ruta 3-A: Montaña Waynapicchu,50,7,43
2026-09-29T14:31:19+00:00,2026-09-29T09:31:19-05:00,2026-09-30,06:00 AM,373,627,Ruta 3-B: Realeza diseñada,100,11,89
2026-09-29T14:46:03+00:00,2026-09-29T09:46:03-05:00,2026-09-30,06:00 AM,366,634,Ruta 1-A: Montaña Machupicchu,50,5,45
2026-09-29T14:46:03+00:00,2026-09-29T09:46:03-05:00,2026-09-30,06:00 AM,366,634,Ruta 1-B: Terraza superior,100,28,72
2026-09-29T14:46:03+00:00,2026-09-29T09:46:03-05:00,2026-09-30,06:00 AM,366,634,Ruta 2-A: Clásico Diseñada,600,487,113
2026-09-29T14:46:03+00:00,2026-09-29T09:46:03-05:00,2026-09-30,06:00 AM,366,634,Ruta 2-B: Terraza Inferior,100,79,21
2026-09-29T14:46:03+00:00,2026-09-29T09:46:03-05:00,2026-09-30,06:00 AM,366,634,Ruta 3-A: Montaña Waynapicchu,50,7,43
2026-09-29T14:46:03+00:00,2026-09-29T09:46:03-05:00,2026-09-30,06:00 AM,366,634,Ruta 3-B: Realeza diseñada,100,11,89
2026-09-29T15:01:33+00:00,2026-09-29T10:01:33-05:00,2026-09-30,06:00 AM,363,637,Ruta 1-A: Montaña Machupicchu,50,5,45
2026-09-29T15:01:33+00:00,2026-09-29T10:01:33-05:00,2026-09-30,06:00 AM,363,637,Ruta 1-B: Terraza superior,100,28,72
2026-09-29T15:01:33+00:00,2026-09-29T10:01:33-05:00,2026-09-30,06:00 AM,363,637,Ruta 2-A: Clásico Diseñada,600,487,113
2026-09-29T15:01:33+00:00,2026-09-29T10:01:33-05:00,2026-09-30,06:00 AM,363,637,Ruta 2-B: Terraza Inferior,100,80,20
2026-09-29T15:01:33+00:00,2026-09-29T10:01:33-05:00,2026-09-30,06:00 AM,363,637,Ruta 3-A: Montaña Waynapicchu,50,9,41
2026-09-29T15:01:33+00:00,2026-09-29T10:01:33-05:00,2026-09-30,06:00 AM,363,637,Ruta 3-B: Realeza diseñada,100,11,89
2026-09-29T15:16:25+00:00,2026-09-29T10:16:25-05:00,2026-09-30,06:00 AM,354,646,Ruta 1-A: Montaña Machupicchu,50,5,45
2026-09-29T15:16:25+00:00,2026-09-29T10:16:25-05:00,2026-09-30,06:00 AM,354,646,Ruta 1-B: Terraza superior,100,28,72
2026-09-29T15:16:25+00:00,2026-09-29T10:16:25-05:00,2026-09-30,06:00 AM,354,646,Ruta 2-A: Clásico Diseñada,600,487,113
2026-09-29T15:16:25+00:00,2026-09-29T10:16:25-05:00,2026-09-30,06:00 AM,354,646,Ruta 2-B: Terraza Inferior,100,81,19
2026-09-29T15:16:25+00:00,2026-09-29T10:16:25-05:00,2026-09-30,06:00 AM,354,646,Ruta 3-A: Montaña Waynapicchu,50,9,41
2026-09-29T15:16:25+00:00,2026-09-29T10:16:25-05:00,2026-09-30,06:00 AM,354,646,Ruta 3-B: Realeza diseñada,100,14,86
2026-09-29T15:31:14+00:00,2026-09-29T10:31:14-05:00,2026-09-30,06:00 AM,351,649,Ruta 1-A: Montaña Machupicchu,50,5,45
2026-09-29T15:31:14+00:00,2026-09-29T10:31:14-05:00,2026-09-30,06:00 AM,351,649,Ruta 1-B: Terraza superior,100,31,69
2026-09-29T15:31:14+00:00,2026-09-29T10:31:14-05:00,2026-09-30,06:00 AM,351,649,Ruta 2-A: Clásico Diseñada,600,489,111
2026-09-29T15:31:14+00:00,2026-09-29T10:31:14-05:00,2026-09-30,06:00 AM,351,649,Ruta 2-B: Terraza Inferior,100,82,18
2026-09-29T15:31:14+00:00,2026-09-29T10:31:14-05:00,2026-09-30,06:00 AM,351,649,Ruta 3-A: Montaña Waynapicchu,50,9,41
2026-09-29T15:31:14+00:00,2026-09-29T10:31:14-05:00,2026-09-30,06:00 AM,351,649,Ruta 3-B: Realeza diseñada,100,16,84
2026-09-29T16:15:55+00:00,2026-09-29T11:15:55-05:00,2026-09-30,06:00 AM,344,656,Ruta 1-A: Montaña Machupicchu,50,5,45
2026-09-29T16:15:55+00:00,2026-09-29T11:15:55-05:00,2026-09-30,06:00 AM,344,656,Ruta 1-B: Terraza superior,100,31,69
2026-09-29T16:15:55+00:00,2026-09-29T11:15:55-05:00,2026-09-30,06:00 AM,344,656,Ruta 2-A: Clásico Diseñada,600,494,106
2026-09-29T16:15:55+00:00,2026-09-29T11:15:55-05:00,2026-09-30,06:00 AM,344,656,Ruta 2-B: Terraza Inferior,100,82,18
2026-09-29T16:15:55+00:00,2026-09-29T11:15:55-05:00,2026-09-30,06:00 AM,344,656,Ruta 3-A: Montaña Waynapicchu,50,9,41
2026-09-29T16:15:55+00:00,2026-09-29T11:15:55-05:00,2026-09-30,06:00 AM,344,656,Ruta 3-B: Realeza diseñada,100,16,84
2026-09-29T16:27:51+00:00,2026-09-29T11:27:51-05:00,2026-09-30,06:00 AM,343,657,Ruta 1-A: Montaña Machupicchu,50,5,45
2026-09-29T16:27:51+00:00,2026-09-29T11:27:51-05:00,2026-09-30,06:00 AM,343,657,Ruta 1-B: Terraza superior,100,31,69
2026-09-29T16:27:51+00:00,2026-09-29T11:27:51-05:00,2026-09-30,06:00 AM,343,657,Ruta 2-A: Clásico Diseñada,600,494,106
2026-09-29T16:27:51+00:00,2026-09-29T11:27:51-05:00,2026-09-30,06:00 AM,343,657,Ruta 2-B: Terraza Inferior,100,82,18
2026-09-29T16:27:51+00:00,2026-09-29T11:27:51-05:00,2026-09-30,06:00 AM,343,657,Ruta 3-A: Montaña Waynapicchu,50,9,41
2026-09-29T16:27:51+00:00,2026-09-29T11:27:51-05:00,2026-09-30,06:00 AM,343,657,Ruta 3-B: Realeza diseñada,100,16,84
2026-09-29T16:46:01+00:00,2026-09-29T11:46:01-05:00,2026-09-30,06:00 AM,333,667,Ruta 1-A: Montaña Machupicchu,50,5,45
2026-09-29T16:46:01+00:00,2026-09-29T11:46:01-05:00,2026-09-30,06:00 AM,333,667,Ruta 1-B: Terraza superior,100,31,69
2026-09-29T16:46:01+00:00,2026-09-29T11:46:01-05:00,2026-09-30,06:00 AM,333,667,Ruta 2-A: Clásico Diseñada,600,503,97
2026-09-29T16:46:01+00:00,2026-09-29T11:46:01-05:00,2026-09-30,06:00 AM,333,667,Ruta 2-B: Terraza Inferior,100,82,18
2026-09-29T16:46:01+00:00,2026-09-29T11:46:01-05:00,2026-09-30,06:00 AM,333,667,Ruta 3-A: Montaña Waynapicchu,50,9,41
2026-09-29T16:46:01+00:00,2026-09-29T11:46:01-05:00,2026-09-30,06:00 AM,333,667,Ruta 3-B: Realeza diseñada,100,16,84
2026-09-29T17:01:23+00:00,2026-09-29T12:01:23-05:00,2026-09-30,06:00 AM,333,667,Ruta 1-A: Montaña Machupicchu,50,5,45
2026-09-29T17:01:23+00:00,2026-09-29T12:01:23-05:00,2026-09-30,06:00 AM,333,667,Ruta 1-B: Terraza superior,100,31,69
2026-09-29T17:01:23+00:00,2026-09-29T12:01:23-05:00,2026-09-30,06:00 AM,333,667,Ruta 2-A: Clásico Diseñada,600,503,97
2026-09-29T17:01:23+00:00,2026-09-29T12:01:23-05:00,2026-09-30,06:00 AM,333,667,Ruta 2-B: Terraza Inferior,100,82,18
2026-09-29T17:01:23+00:00,2026-09-29T12:01:23-05:00,2026-09-30,06:00 AM,333,667,Ruta 3-A: Montaña Waynapicchu,50,9,41
2026-09-29T17:01:23+00:00,2026-09-29T12:01:23-05:00,2026-09-30,06:00 AM,333,667,Ruta 3-B: Realeza diseñada,100,16,84
2026-09-29T17:16:06+00:00,2026-09-29T12:16:06-05:00,2026-09-30,06:00 AM,297,703,Ruta 1-A: Montaña Machupicchu,50,5,45
2026-09-29T17:16:06+00:00,2026-09-29T12:16:06-05:00,2026-09-30,06:00 AM,297,703,Ruta 1-B: Terraza superior,100,31,69
2026-09-29T17:16:06+00:00,2026-09-29T12:16:06-05:00,2026-09-30,06:00 AM,297,703,Ruta 2-A: Clásico Diseñada,600,520,80
2026-09-29T17:16:06+00:00,2026-09-29T12:16:06-05:00,2026-09-30,06:00 AM,297,703,Ruta 2-B: Terraza Inferior,100,92,8
2026-09-29T17:16:06+00:00,2026-09-29T12:16:06-05:00,2026-09-30,06:00 AM,297,703,Ruta 3-A: Montaña Waynapicchu,50,9,41
2026-09-29T17:16:06+00:00,2026-09-29T12:16:06-05:00,2026-09-30,06:00 AM,297,703,Ruta 3-B: Realeza diseñada,100,16,84
2026-09-29T17:31:08+00:00,2026-09-29T12:31:08-05:00,2026-09-30,06:00 AM,293,707,Ruta 1-A: Montaña Machupicchu,50,5,45
2026-09-29T17:31:08+00:00,2026-09-29T12:31:08-05:00,2026-09-30,06:00 AM,293,707,Ruta 1-B: Terraza superior,100,32,68
2026-09-29T17:31:08+00:00,2026-09-29T12:31:08-05:00,2026-09-30,06:00 AM,293,707,Ruta 2-A: Clásico Diseñada,600,529,71
2026-09-29T17:31:08+00:00,2026-09-29T12:31:08-05:00,2026-09-30,06:00 AM,293,707,Ruta 2-B: Terraza Inferior,100,92,8
2026-09-29T17:31:08+00:00,2026-09-29T12:31:08-05:00,2026-09-30,06:00 AM,293,707,Ruta 3-A: Montaña Waynapicchu,50,9,41
2026-09-29T17:31:08+00:00,2026-09-29T12:31:08-05:00,2026-09-30,06:00 AM,293,707,Ruta 3-B: Realeza diseñada,100,17,83
2026-09-29T18:01:55+00:00,2026-09-29T13:01:55-05:00,2026-09-30,06:00 AM,277,723,Ruta 1-A: Montaña Machupicchu,50,5,45
2026-09-29T18:01:55+00:00,2026-09-29T13:01:55-05:00,2026-09-30,06:00 AM,277,723,Ruta 1-B: Terraza superior,100,32,68
2026-09-29T18:01:55+00:00,2026-09-29T13:01:55-05:00,2026-09-30,06:00 AM,277,723,Ruta 2-A: Clásico Diseñada,600,544,56
2026-09-29T18:01:55+00:00,2026-09-29T13:01:55-05:00,2026-09-30,06:00 AM,277,723,Ruta 2-B: Terraza Inferior,100,93,7
2026-09-29T18:01:55+00:00,2026-09-29T13:01:55-05:00,2026-09-30,06:00 AM,277,723,Ruta 3-A: Montaña Waynapicchu,50,9,41
2026-09-29T18:01:55+00:00,2026-09-29T13:01:55-05:00,2026-09-30,06:00 AM,277,723,Ruta 3-B: Realeza diseñada,100,17,83
2026-09-29T18:16:24+00:00,2026-09-29T13:16:24-05:00,2026-09-30,06:00 AM,274,726,Ruta 1-A: Montaña Machupicchu,50,5,45
2026-09-29T18:16:24+00:00,2026-09-29T13:16:24-05:00,2026-09-30,06:00 AM,274,726,Ruta 1-B: Terraza superior,100,32,68
2026-09-29T18:16:24+00:00,2026-09-29T13:16:24-05:00,2026-09-30,06:00 AM,274,726,Ruta 2-A: Clásico Diseñada,600,547,53
2026-09-29T18:16:24+00:00,2026-09-29T13:16:24-05:00,2026-09-30,06:00 AM,274,726,Ruta 2-B: Terraza Inferior,100,93,7
2026-09-29T18:16:24+00:00,2026-09-29T13:16:24-05:00,2026-09-30,06:00 AM,274,726,Ruta 3-A: Montaña Waynapicchu,50,9,41
2026-09-29T18:16:24+00:00,2026-09-29T13:16:24-05:00,2026-09-30,06:00 AM,274,726,Ruta 3-B: Realeza diseñada,100,17,83
2026-09-29T18:31:10+00:00,2026-09-29T13:31:10-05:00,2026-09-30,06:00 AM,272,728,Ruta 1-A: Montaña Machupicchu,50,5,45
2026-09-29T18:31:10+00:00,2026-09-29T13:31:10-05:00,2026-09-30,06:00 AM,272,728,Ruta 1-B: Terraza superior,100,32,68
2026-09-29T18:31:10+00:00,2026-09-29T13:31:10-05:00,2026-09-30,06:00 AM,272,728,Ruta 2-A: Clásico Diseñada,600,547,53
2026-09-29T18:31:10+00:00,2026-09-29T13:31:10-05:00,2026-09-30,06:00 AM,272,728,Ruta 2-B: Terraza Inferior,100,93,7
2026-09-29T18:31:10+00:00,2026-09-29T13:31:10-05:00,2026-09-30,06:00 AM,272,728,Ruta 3-A: Montaña Waynapicchu,50,9,41
2026-09-29T18:31:10+00:00,2026-09-29T13:31:10-05:00,2026-09-30,06:00 AM,272,728,Ruta 3-B: Realeza diseñada,100,17,83
2026-09-29T18:45:57+00:00,2026-09-29T13:45:57-05:00,2026-09-30,06:00 AM,272,728,Ruta 1-A: Montaña Machupicchu,50,5,45
2026-09-29T18:45:57+00:00,2026-09-29T13:45:57-05:00,2026-09-30,06:00 AM,272,728,Ruta 1-B: Terraza superior,100,32,68
2026-09-29T18:45:57+00:00,2026-09-29T13:45:57-05:00,2026-09-30,06:00 AM,272,728,Ruta 2-A: Clásico Diseñada,600,547,53
2026-09-29T18:45:57+00:00,2026-09-29T13:45:57-05:00,2026-09-30,06:00 AM,272,728,Ruta 2-B: Terraza Inferior,100,93,7
2026-09-29T18:45:57+00:00,2026-09-29T13:45:57-05:00,2026-09-30,06:00 AM,272,728,Ruta 3-A: Montaña Waynapicchu,50,9,41
2026-09-29T18:45:57+00:00,2026-09-29T13:45:57-05:00,2026-09-30,06:00 AM,272,728,Ruta 3-B: Realeza diseñada,100,17,83
2026-09-29T19:16:02+00:00,2026-09-29T14:16:02-05:00,2026-09-30,06:00 AM,269,731,Ruta 1-A: Montaña Machupicchu,50,5,45
2026-09-29T19:16:02+00:00,2026-09-29T14:16:02-05:00,2026-09-30,06:00 AM,269,731,Ruta 1-B: Terraza superior,100,32,68
2026-09-29T19:16:02+00:00,2026-09-29T14:16:02-05:00,2026-09-30,06:00 AM,269,731,Ruta 2-A: Clásico Diseñada,600,548,52
2026-09-29T19:16:02+00:00,2026-09-29T14:16:02-05:00,2026-09-30,06:00 AM,269,731,Ruta 2-B: Terraza Inferior,100,93,7
2026-09-29T19:16:02+00:00,2026-09-29T14:16:02-05:00,2026-09-30,06:00 AM,269,731,Ruta 3-A: Montaña Waynapicchu,50,9,41
2026-09-29T19:16:02+00:00,2026-09-29T14:16:02-05:00,2026-09-30,06:00 AM,269,731,Ruta 3-B: Realeza diseñada,100,19,81
2026-09-29T19:31:29+00:00,2026-09-29T14:31:29-05:00,2026-09-30,06:00 AM,268,732,Ruta 1-A: Montaña Machupicchu,50,5,45
2026-09-29T19:31:29+00:00,2026-09-29T14:31:29-05:00,2026-09-30,06:00 AM,268,732,Ruta 1-B: Terraza superior,100,32,68
2026-09-29T19:31:29+00:00,2026-09-29T14:31:29-05:00,2026-09-30,06:00 AM,268,732,Ruta 2-A: Clásico Diseñada,600,550,50
2026-09-29T19:31:29+00:00,2026-09-29T14:31:29-05:00,2026-09-30,06:00 AM,268,732,Ruta 2-B: Terraza Inferior,100,93,7
2026-09-29T19:31:29+00:00,2026-09-29T14:31:29-05:00,2026-09-30,06:00 AM,268,732,Ruta 3-A: Montaña Waynapicchu,50,10,40
2026-09-29T19:31:29+00:00,2026-09-29T14:31:29-05:00,2026-09-30,06:00 AM,268,732,Ruta 3-B: Realeza diseñada,100,19,81
2026-09-29T19:46:01+00:00,2026-09-29T14:46:01-05:00,2026-09-30,06:00 AM,250,750,Ruta 1-A: Montaña Machupicchu,50,5,45
2026-09-29T19:46:01+00:00,2026-09-29T14:46:01-05:00,2026-09-30,06:00 AM,250,750,Ruta 1-B: Terraza superior,100,32,68
2026-09-29T19:46:01+00:00,2026-09-29T14:46:01-05:00,2026-09-30,06:00 AM,250,750,Ruta 2-A: Clásico Diseñada,600,555,45
2026-09-29T19:46:01+00:00,2026-09-29T14:46:01-05:00,2026-09-30,06:00 AM,250,750,Ruta 2-B: Terraza Inferior,100,95,5
2026-09-29T19:46:01+00:00,2026-09-29T14:46:01-05:00,2026-09-30,06:00 AM,250,750,Ruta 3-A: Montaña Waynapicchu,50,10,40
2026-09-29T19:46:01+00:00,2026-09-29T14:46:01-05:00,2026-09-30,06:00 AM,250,750,Ruta 3-B: Realeza diseñada,100,19,81
2026-09-29T20:01:20+00:00,2026-09-29T15:01:20-05:00,2026-09-30,06:00 AM,227,773,Ruta 1-A: Montaña Machupicchu,50,7,43
2026-09-29T20:01:20+00:00,2026-09-29T15:01:20-05:00,2026-09-30,06:00 AM,227,773,Ruta 1-B: Terraza superior,100,36,64
2026-09-29T20:01:20+00:00,2026-09-29T15:01:20-05:00,2026-09-30,06:00 AM,227,773,Ruta 2-A: Clásico Diseñada,600,567,33
2026-09-29T20:01:20+00:00,2026-09-29T15:01:20-05:00,2026-09-30,06:00 AM,227,773,Ruta 2-B: Terraza Inferior,100,98,2
2026-09-29T20:01:20+00:00,2026-09-29T15:01:20-05:00,2026-09-30,06:00 AM,227,773,Ruta 3-A: Montaña Waynapicchu,50,10,40
2026-09-29T20:01:20+00:00,2026-09-29T15:01:20-05:00,2026-09-30,06:00 AM,227,773,Ruta 3-B: Realeza diseñada,100,24,76
2026-09-29T20:16:09+00:00,2026-09-29T15:16:09-05:00,2026-09-30,06:00 AM,202,798,Ruta 1-A: Montaña Machupicchu,50,9,41
2026-09-29T20:16:09+00:00,2026-09-29T15:16:09-05:00,2026-09-30,06:00 AM,202,798,Ruta 1-B: Terraza superior,100,38,62
2026-09-29T20:16:09+00:00,2026-09-29T15:16:09-05:00,2026-09-30,06:00 AM,202,798,Ruta 2-A: Clásico Diseñada,600,578,22
2026-09-29T20:16:09+00:00,2026-09-29T15:16:09-05:00,2026-09-30,06:00 AM,202,798,Ruta 2-B: Terraza Inferior,100,100,0
2026-09-29T20:16:09+00:00,2026-09-29T15:16:09-05:00,2026-09-30,06:00 AM,202,798,Ruta 3-A: Montaña Waynapicchu,50,12,38
2026-09-29T20:16:09+00:00,2026-09-29T15:16:09-05:00,2026-09-30,06:00 AM,202,798,Ruta 3-B: Realeza diseñada,100,29,71
2026-09-29T20:31:09+00:00,2026-09-29T15:31:09-05:00,2026-09-30,06:00 AM,197,803,Ruta 1-A: Montaña Machupicchu,50,9,41
2026-09-29T20:31:09+00:00,2026-09-29T15:31:09-05:00,2026-09-30,06:00 AM,197,803,Ruta 1-B: Terraza superior,100,38,62
2026-09-29T20:31:09+00:00,2026-09-29T15:31:09-05:00,2026-09-30,06:00 AM,197,803,Ruta 2-A: Clásico Diseñada,600,585,15
2026-09-29T20:31:09+00:00,2026-09-29T15:31:09-05:00,2026-09-30,06:00 AM,197,803,Ruta 2-B: Terraza Inferior,100,100,0
2026-09-29T20:31:09+00:00,2026-09-29T15:31:09-05:00,2026-09-30,06:00 AM,197,803,Ruta 3-A: Montaña Waynapicchu,50,14,36
2026-09-29T20:31:09+00:00,2026-09-29T15:31:09-05:00,2026-09-30,06:00 AM,197,803,Ruta 3-B: Realeza diseñada,100,31,69
2026-09-29T20:46:01+00:00,2026-09-29T15:46:01-05:00,2026-09-30,06:00 AM,180,820,Ruta 1-A: Montaña Machupicchu,50,10,40
2026-09-29T20:46:01+00:00,2026-09-29T15:46:01-05:00,2026-09-30,06:00 AM,180,820,Ruta 1-B: Terraza superior,100,38,62
2026-09-29T20:46:01+00:00,2026-09-29T15:46:01-05:00,2026-09-30,06:00 AM,180,820,Ruta 2-A: Clásico Diseñada,600,591,9
2026-09-29T20:46:01+00:00,2026-09-29T15:46:01-05:00,2026-09-30,06:00 AM,180,820,Ruta 2-B: Terraza Inferior,100,100,0
2026-09-29T20:46:01+00:00,2026-09-29T15:46:01-05:00,2026-09-30,06:00 AM,180,820,Ruta 3-A: Montaña Waynapicchu,50,14,36
2026-09-29T20:46:01+00:00,2026-09-29T15:46:01-05:00,2026-09-30,06:00 AM,180,820,Ruta 3-B: Realeza diseñada,100,32,68
2026-09-29T21:00:02+00:00,2026-09-29T16:00:02-05:00,2026-09-30,06:00 AM,165,835,Ruta 1-A: Montaña Machupicchu,50,11,39
2026-09-29T21:00:02+00:00,2026-09-29T16:00:02-05:00,2026-09-30,06:00 AM,165,835,Ruta 1-B: Terraza superior,100,39,61
2026-09-29T21:00:02+00:00,2026-09-29T16:00:02-05:00,2026-09-30,06:00 AM,165,835,Ruta 2-A: Clásico Diseñada,600,596,4
2026-09-29T21:00:02+00:00,2026-09-29T16:00:02-05:00,2026-09-30,06:00 AM,165,835,Ruta 2-B: Terraza Inferior,100,100,0
2026-09-29T21:00:02+00:00,2026-09-29T16:00:02-05:00,2026-09-30,06:00 AM,165,835,Ruta 3-A: Montaña Waynapicchu,50,14,36
2026-09-29T21:00:02+00:00,2026-09-29T16:00:02-05:00,2026-09-30,06:00 AM,165,835,Ruta 3-B: Realeza diseñada,100,47,53
2026-09-29T21:01:28+00:00,2026-09-29T16:01:28-05:00,2026-09-30,06:00 AM,164,836,Ruta 1-A: Montaña Machupicchu,50,11,39
2026-09-29T21:01:28+00:00,2026-09-29T16:01:28-05:00,2026-09-30,06:00 AM,164,836,Ruta 1-B: Terraza superior,100,39,61
2026-09-29T21:01:28+00:00,2026-09-29T16:01:28-05:00,2026-09-30,06:00 AM,164,836,Ruta 2-A: Clásico Diseñada,600,596,4
2026-09-29T21:01:28+00:00,2026-09-29T16:01:28-05:00,2026-09-30,06:00 AM,164,836,Ruta 2-B: Terraza Inferior,100,100,0
2026-09-29T21:01:28+00:00,2026-09-29T16:01:28-05:00,2026-09-30,06:00 AM,164,836,Ruta 3-A: Montaña Waynapicchu,50,14,36
2026-09-29T21:01:28+00:00,2026-09-29T16:01:28-05:00,2026-09-30,06:00 AM,164,836,Ruta 3-B: Realeza diseñada,100,47,53
2026-09-29T21:16:04+00:00,2026-09-29T16:16:04-05:00,2026-09-30,06:00 AM,157,843,Ruta 1-A: Montaña Machupicchu,50,11,39
2026-09-29T21:16:04+00:00,2026-09-29T16:16:04-05:00,2026-09-30,06:00 AM,157,843,Ruta 1-B: Terraza superior,100,39,61
2026-09-29T21:16:04+00:00,2026-09-29T16:16:04-05:00,2026-09-30,06:00 AM,157,843,Ruta 2-A: Clásico Diseñada,600,600,0
2026-09-29T21:16:04+00:00,2026-09-29T16:16:04-05:00,2026-09-30,06:00 AM,157,843,Ruta 2-B: Terraza Inferior,100,100,0
2026-09-29T21:16:04+00:00,2026-09-29T16:16:04-05:00,2026-09-30,06:00 AM,157,843,Ruta 3-A: Montaña Waynapicchu,50,14,36
2026-09-29T21:16:04+00:00,2026-09-29T16:16:04-05:00,2026-09-30,06:00 AM,157,843,Ruta 3-B: Realeza diseñada,100,49,51
2026-09-29T21:45:53+00:00,2026-09-29T16:45:53-05:00,2026-09-30,06:00 AM,139,861,Ruta 1-A: Montaña Machupicchu,50,12,38
2026-09-29T21:45:53+00:00,2026-09-29T16:45:53-05:00,2026-09-30,06:00 AM,139,861,Ruta 1-B: Terraza superior,100,43,57
2026-09-29T21:45:53+00:00,2026-09-29T16:45:53-05:00,2026-09-30,06:00 AM,139,861,Ruta 2-A: Clásico Diseñada,600,600,0
2026-09-29T21:45:53+00:00,2026-09-29T16:45:53-05:00,2026-09-30,06:00 AM,139,861,Ruta 2-B: Terraza Inferior,100,100,0
2026-09-29T21:45:53+00:00,2026-09-29T16:45:53-05:00,2026-09-30,06:00 AM,139,861,Ruta 3-A: Montaña Waynapicchu,50,23,27
2026-09-29T21:45:53+00:00,2026-09-29T16:45:53-05:00,2026-09-30,06:00 AM,139,861,Ruta 3-B: Realeza diseñada,100,53,47
2026-09-29T23:01:20+00:00,2026-09-29T18:01:20-05:00,2026-09-30,06:00 AM,92,908,Ruta 1-A: Montaña Machupicchu,50,15,35
2026-09-29T23:01:20+00:00,2026-09-29T18:01:20-05:00,2026-09-30,06:00 AM,92,908,Ruta 1-B: Terraza superior,100,60,40
2026-09-29T23:01:20+00:00,2026-09-29T18:01:20-05:00,2026-09-30,06:00 AM,92,908,Ruta 2-A: Clásico Diseñada,600,600,0
2026-09-29T23:01:20+00:00,2026-09-29T18:01:20-05:00,2026-09-30,06:00 AM,92,908,Ruta 2-B: Terraza Inferior,100,100,0
2026-09-29T23:01:20+00:00,2026-09-29T18:01:20-05:00,2026-09-30,06:00 AM,92,908,Ruta 3-A: Montaña Waynapicchu,50,34,16
2026-09-29T23:01:20+00:00,2026-09-29T18:01:20-05:00,2026-09-30,06:00 AM,92,908,Ruta 3-B: Realeza diseñada,100,65,35
2026-09-30T00:21:29+00:00,2026-09-29T19:21:29-05:00,2026-10-01,06:00 AM,1000,0,Ruta 1-A: Montaña Machupicchu,50,0,50
2026-09-30T00:21:29+00:00,2026-09-29T19:21:29-05:00,2026-10-01,06:00 AM,1000,0,Ruta 1-B: Terraza superior,100,0,100
2026-09-30T00:21:29+00:00,2026-09-29T19:21:29-05:00,2026-10-01,06:00 AM,1000,0,Ruta 2-A: Clásico Diseñada,600,0,600
2026-09-30T00:21:29+00:00,2026-09-29T19:21:29-05:00,2026-10-01,06:00 AM,1000,0,Ruta 2-B: Terraza Inferior,100,0,100
2026-09-30T00:21:29+00:00,2026-09-29T19:21:29-05:00,2026-10-01,06:00 AM,1000,0,Ruta 3-A: Montaña Waynapicchu,50,0,50
2026-09-30T00:21:29+00:00,2026-09-29T19:21:29-05:00,2026-10-01,06:00 AM,1000,0,Ruta 3-B: Realeza diseñada,100,0,100
2026-09-30T01:01:23+00:00,2026-09-29T20:01:23-05:00,2026-10-01,06:00 AM,1000,0,Ruta 1-A: Montaña Machupicchu,50,0,50
2026-09-30T01:01:23+00:00,2026-09-29T20:01:23-05:00,2026-10-01,06:00 AM,1000,0,Ruta 1-B: Terraza superior,100,0,100
2026-09-30T01:01:23+00:00,2026-09-29T20:01:23-05:00,2026-10-01,06:00 AM,1000,0,Ruta 2-A: Clásico Diseñada,600,0,600
2026-09-30T01:01:23+00:00,2026-09-29T20:01:23-05:00,2026-10-01,06:00 AM,1000,0,Ruta 2-B: Terraza Inferior,100,0,100
2026-09-30T01:01:23+00:00,2026-09-29T20:01:23-05:00,2026-10-01,06:00 AM,1000,0,Ruta 3-A: Montaña Waynapicchu,50,0,50
2026-09-30T01:01:23+00:00,2026-09-29T20:01:23-05:00,2026-10-01,06:00 AM,1000,0,Ruta 3-B: Realeza diseñada,100,0,100
2026-09-30T01:04:13+00:00,2026-09-29T20:04:13-05:00,2026-10-01,06:00 AM,1000,0,Ruta 1-A: Montaña Machupicchu,50,0,50
2026-09-30T01:04:13+00:00,2026-09-29T20:04:13-05:00,2026-10-01,06:00 AM,1000,0,Ruta 1-B: Terraza superior,100,0,100
2026-09-30T01:04:13+00:00,2026-09-29T20:04:13-05:00,2026-10-01,06:00 AM,1000,0,Ruta 2-A: Clásico Diseñada,600,0,600
2026-09-30T01:04:13+00:00,2026-09-29T20:04:13-05:00,2026-10-01,06:00 AM,1000,0,Ruta 2-B: Terraza Inferior,100,0,100
2026-09-30T01:04:13+00:00,2026-09-29T20:04:13-05:00,2026-10-01,06:00 AM,1000,0,Ruta 3-A: Montaña Waynapicchu,50,0,50
2026-09-30T01:04:13+00:00,2026-09-29T20:04:13-05:00,2026-10-01,06:00 AM,1000,0,Ruta 3-B: Realeza diseñada,100,0,100
2026-09-30T02:36:34+00:00,2026-09-29T21:36:34-05:00,2026-10-01,06:00 AM,1000,0,Ruta 1-A: Montaña Machupicchu,50,0,50
2026-09-30T02:36:34+00:00,2026-09-29T21:36:34-05:00,2026-10-01,06:00 AM,1000,0,Ruta 1-B: Terraza superior,100,0,100
2026-09-30T02:36:34+00:00,2026-09-29T21:36:34-05:00,2026-10-01,06:00 AM,1000,0,Ruta 2-A: Clásico Diseñada,600,0,600
2026-09-30T02:36:34+00:00,2026-09-29T21:36:34-05:00,2026-10-01,06:00 AM,1000,0,Ruta 2-B: Terraza Inferior,100,0,100
2026-09-30T02:36:34+00:00,2026-09-29T21:36:34-05:00,2026-10-01,06:00 AM,1000,0,Ruta 3-A: Montaña Waynapicchu,50,0,50
2026-09-30T02:36:34+00:00,2026-09-29T21:36:34-05:00,2026-10-01,06:00 AM,1000,0,Ruta 3-B: Realeza diseñada,100,0,100
2026-09-30T03:01:18+00:00,2026-09-29T22:01:18-05:00,2026-10-01,06:00 AM,1000,0,Ruta 1-A: Montaña Machupicchu,50,0,50
2026-09-30T03:01:18+00:00,2026-09-29T22:01:18-05:00,2026-10-01,06:00 AM,1000,0,Ruta 1-B: Terraza superior,100,0,100
2026-09-30T03:01:18+00:00,2026-09-29T22:01:18-05:00,2026-10-01,06:00 AM,1000,0,Ruta 2-A: Clásico Diseñada,600,0,600
2026-09-30T03:01:18+00:00,2026-09-29T22:01:18-05:00,2026-10-01,06:00 AM,1000,0,Ruta 2-B: Terraza Inferior,100,0,100
2026-09-30T03:01:18+00:00,2026-09-29T22:01:18-05:00,2026-10-01,06:00 AM,1000,0,Ruta 3-A: Montaña Waynapicchu,50,0,50
2026-09-30T03:01:18+00:00,2026-09-29T22:01:18-05:00,2026-10-01,06:00 AM,1000,0,Ruta 3-B: Realeza diseñada,100,0,100
2026-09-30T05:01:23+00:00,2026-09-30T00:01:23-05:00,2026-10-01,06:00 AM,1000,0,Ruta 1-A: Montaña Machupicchu,50,0,50
2026-09-30T05:01:23+00:00,2026-09-30T00:01:23-05:00,2026-10-01,06:00 AM,1000,0,Ruta 1-B: Terraza superior,100,0,100
2026-09-30T05:01:23+00:00,2026-09-30T00:01:23-05:00,2026-10-01,06:00 AM,1000,0,Ruta 2-A: Clásico Diseñada,600,0,600
2026-09-30T05:01:23+00:00,2026-09-30T00:01:23-05:00,2026-10-01,06:00 AM,1000,0,Ruta 2-B: Terraza Inferior,100,0,100
2026-09-30T05:01:23+00:00,2026-09-30T00:01:23-05:00,2026-10-01,06:00 AM,1000,0,Ruta 3-A: Montaña Waynapicchu,50,0,50
2026-09-30T05:01:23+00:00,2026-09-30T00:01:23-05:00,2026-10-01,06:00 AM,1000,0,Ruta 3-B: Realeza diseñada,100,0,100
2026-09-30T07:01:18+00:00,2026-09-30T02:01:18-05:00,2026-10-01,06:00 AM,1000,0,Ruta 1-A: Montaña Machupicchu,50,0,50
2026-09-30T07:01:18+00:00,2026-09-30T02:01:18-05:00,2026-10-01,06:00 AM,1000,0,Ruta 1-B: Terraza superior,100,0,100
2026-09-30T07:01:18+00:00,2026-09-30T02:01:18-05:00,2026-10-01,06:00 AM,1000,0,Ruta 2-A: Clásico Diseñada,600,0,600
2026-09-30T07:01:18+00:00,2026-09-30T02:01:18-05:00,2026-10-01,06:00 AM,1000,0,Ruta 2-B: Terraza Inferior,100,0,100
2026-09-30T07:01:18+00:00,2026-09-30T02:01:18-05:00,2026-10-01,06:00 AM,1000,0,Ruta 3-A: Montaña Waynapicchu,50,0,50
2026-09-30T07:01:18+00:00,2026-09-30T02:01:18-05:00,2026-10-01,06:00 AM,1000,0,Ruta 3-B: Realeza diseñada,100,0,100
2026-09-30T09:01:23+00:00,2026-09-30T04:01:23-05:00,2026-10-01,06:00 AM,1000,0,Ruta 1-A: Montaña Machupicchu,50,0,50
2026-09-30T09:01:23+00:00,2026-09-30T04:01:23-05:00,2026-10-01,06:00 AM,1000,0,Ruta 1-B: Terraza superior,100,0,100
2026-09-30T09:01:23+00:00,2026-09-30T04:01:23-05:00,2026-10-01,06:00 AM,1000,0,Ruta 2-A: Clásico Diseñada,600,0,600
2026-09-30T09:01:23+00:00,2026-09-30T04:01:23-05:00,2026-10-01,06:00 AM,1000,0,Ruta 2-B: Terraza Inferior,100,0,100
2026-09-30T09:01:23+00:00,2026-09-30T04:01:23-05:00,2026-10-01,06:00 AM,1000,0,Ruta 3-A: Montaña Waynapicchu,50,0,50
2026-09-30T09:01:23+00:00,2026-09-30T04:01:23-05:00,2026-10-01,06:00 AM,1000,0,Ruta 3-B: Realeza diseñada,100,0,100
2026-09-30T09:16:35+00:00,2026-09-30T04:16:35-05:00,2026-10-01,06:00 AM,1000,0,Ruta 1-A: Montaña Machupicchu,50,0,50
2026-09-30T09:16:35+00:00,2026-09-30T04:16:35-05:00,2026-10-01,06:00 AM,1000,0,Ruta 1-B: Terraza superior,100,0,100
2026-09-30T09:16:35+00:00,2026-09-30T04:16:35-05:00,2026-10-01,06:00 AM,1000,0,Ruta 2-A: Clásico Diseñada,600,0,600
2026-09-30T09:16:35+00:00,2026-09-30T04:16:35-05:00,2026-10-01,06:00 AM,1000,0,Ruta 2-B: Terraza Inferior,100,0,100
2026-09-30T09:16:35+00:00,2026-09-30T04:16:35-05:00,2026-10-01,06:00 AM,1000,0,Ruta 3-A: Montaña Waynapicchu,50,0,50
2026-09-30T09:16:35+00:00,2026-09-30T04:16:35-05:00,2026-10-01,06:00 AM,1000,0,Ruta 3-B: Realeza diseñada,100,0,100
2026-09-30T09:31:30+00:00,2026-09-30T04:31:30-05:00,2026-10-01,06:00 AM,1000,0,Ruta 1-A: Montaña Machupicchu,50,0,50
2026-09-30T09:31:30+00:00,2026-09-30T04:31:30-05:00,2026-10-01,06:00 AM,1000,0,Ruta 1-B: Terraza superior,100,0,100
2026-09-30T09:31:30+00:00,2026-09-30T04:31:30-05:00,2026-10-01,06:00 AM,1000,0,Ruta 2-A: Clásico Diseñada,600,0,600
2026-09-30T09:31:30+00:00,2026-09-30T04:31:30-05:00,2026-10-01,06:00 AM,1000,0,Ruta 2-B: Terraza Inferior,100,0,100
2026-09-30T09:31:30+00:00,2026-09-30T04:31:30-05:00,2026-10-01,06:00 AM,1000,0,Ruta 3-A: Montaña Waynapicchu,50,0,50
2026-09-30T09:31:30+00:00,2026-09-30T04:31:30-05:00,2026-10-01,06:00 AM,1000,0,Ruta 3-B: Realeza diseñada,100,0,100
2026-09-30T10:01:23+00:00,2026-09-30T05:01:23-05:00,2026-10-01,06:00 AM,1000,0,Ruta 1-A: Montaña Machupicchu,50,0,50
2026-09-30T10:01:23+00:00,2026-09-30T05:01:23-05:00,2026-10-01,06:00 AM,1000,0,Ruta 1-B: Terraza superior,100,0,100
2026-09-30T10:01:23+00:00,2026-09-30T05:01:23-05:00,2026-10-01,06:00 AM,1000,0,Ruta 2-A: Clásico Diseñada,600,0,600
2026-09-30T10:01:23+00:00,2026-09-30T05:01:23-05:00,2026-10-01,06:00 AM,1000,0,Ruta 2-B: Terraza Inferior,100,0,100
2026-09-30T10:01:23+00:00,2026-09-30T05:01:23-05:00,2026-10-01,06:00 AM,1000,0,Ruta 3-A: Montaña Waynapicchu,50,0,50
2026-09-30T10:01:23+00:00,2026-09-30T05:01:23-05:00,2026-10-01,06:00 AM,1000,0,Ruta 3-B: Realeza diseñada,100,0,100
2026-09-30T10:16:00+00:00,2026-09-30T05:16:00-05:00,2026-10-01,06:00 AM,1000,0,Ruta 1-A: Montaña Machupicchu,50,0,50
2026-09-30T10:16:00+00:00,2026-09-30T05:16:00-05:00,2026-10-01,06:00 AM,1000,0,Ruta 1-B: Terraza superior,100,0,100
2026-09-30T10:16:00+00:00,2026-09-30T05:16:00-05:00,2026-10-01,06:00 AM,1000,0,Ruta 2-A: Clásico Diseñada,600,0,600
2026-09-30T10:16:00+00:00,2026-09-30T05:16:00-05:00,2026-10-01,06:00 AM,1000,0,Ruta 2-B: Terraza Inferior,100,0,100
2026-09-30T10:16:00+00:00,2026-09-30T05:16:00-05:00,2026-10-01,06:00 AM,1000,0,Ruta 3-A: Montaña Waynapicchu,50,0,50
2026-09-30T10:16:00+00:00,2026-09-30T05:16:00-05:00,2026-10-01,06:00 AM,1000,0,Ruta 3-B: Realeza diseñada,100,0,100
2026-09-30T10:31:23+00:00,2026-09-30T05:31:23-05:00,2026-10-01,06:00 AM,1000,0,Ruta 1-A: Montaña Machupicchu,50,0,50
2026-09-30T10:31:23+00:00,2026-09-30T05:31:23-05:00,2026-10-01,06:00 AM,1000,0,Ruta 1-B: Terraza superior,100,0,100
2026-09-30T10:31:23+00:00,2026-09-30T05:31:23-05:00,2026-10-01,06:00 AM,1000,0,Ruta 2-A: Clásico Diseñada,600,0,600
2026-09-30T10:31:23+00:00,2026-09-30T05:31:23-05:00,2026-10-01,06:00 AM,1000,0,Ruta 2-B: Terraza Inferior,100,0,100
2026-09-30T10:31:23+00:00,2026-09-30T05:31:23-05:00,2026-10-01,06:00 AM,1000,0,Ruta 3-A: Montaña Waynapicchu,50,0,50
2026-09-30T10:31:23+00:00,2026-09-30T05:31:23-05:00,2026-10-01,06:00 AM,1000,0,Ruta 3-B: Realeza diseñada,100,0,100
2026-09-30T10:46:17+00:00,2026-09-30T05:46:17-05:00,2026-10-01,06:00 AM,1000,0,Ruta 1-A: Montaña Machupicchu,50,0,50
2026-09-30T10:46:17+00:00,2026-09-30T05:46:17-05:00,2026-10-01,06:00 AM,1000,0,Ruta 1-B: Terraza superior,100,0,100
2026-09-30T10:46:17+00:00,2026-09-30T05:46:17-05:00,2026-10-01,06:00 AM,1000,0,Ruta 2-A: Clásico Diseñada,600,0,600
2026-09-30T10:46:17+00:00,2026-09-30T05:46:17-05:00,2026-10-01,06:00 AM,1000,0,Ruta 2-B: Terraza Inferior,100,0,100
2026-09-30T10:46:17+00:00,2026-09-30T05:46:17-05:00,2026-10-01,06:00 AM,1000,0,Ruta 3-A: Montaña Waynapicchu,50,0,50
2026-09-30T10:46:17+00:00,2026-09-30T05:46:17-05:00,2026-10-01,06:00 AM,1000,0,Ruta 3-B: Realeza diseñada,100,0,100
2026-09-30T11:01:25+00:00,2026-09-30T06:01:25-05:00,2026-10-01,06:00 AM,1000,0,Ruta 1-A: Montaña Machupicchu,50,0,50
2026-09-30T11:01:25+00:00,2026-09-30T06:01:25-05:00,2026-10-01,06:00 AM,1000,0,Ruta 1-B: Terraza superior,100,0,100
2026-09-30T11:01:25+00:00,2026-09-30T06:01:25-05:00,2026-10-01,06:00 AM,1000,0,Ruta 2-A: Clásico Diseñada,600,0,600
2026-09-30T11:01:25+00:00,2026-09-30T06:01:25-05:00,2026-10-01,06:00 AM,1000,0,Ruta 2-B: Terraza Inferior,100,0,100
2026-09-30T11:01:25+00:00,2026-09-30T06:01:25-05:00,2026-10-01,06:00 AM,1000,0,Ruta 3-A: Montaña Waynapicchu,50,0,50
2026-09-30T11:01:25+00:00,2026-09-30T06:01:25-05:00,2026-10-01,06:00 AM,1000,0,Ruta 3-B: Realeza diseñada,100,0,100
2026-09-30T11:16:04+00:00,2026-09-30T06:16:04-05:00,2026-10-01,06:00 AM,967,33,Ruta 1-A: Montaña Machupicchu,50,0,50
2026-09-30T11:16:04+00:00,2026-09-30T06:16:04-05:00,2026-10-01,06:00 AM,967,33,Ruta 1-B: Terraza superior,100,0,100
2026-09-30T11:16:04+00:00,2026-09-30T06:16:04-05:00,2026-10-01,06:00 AM,967,33,Ruta 2-A: Clásico Diseñada,600,15,585
2026-09-30T11:16:04+00:00,2026-09-30T06:16:04-05:00,2026-10-01,06:00 AM,967,33,Ruta 2-B: Terraza Inferior,100,3,97
2026-09-30T11:16:04+00:00,2026-09-30T06:16:04-05:00,2026-10-01,06:00 AM,967,33,Ruta 3-A: Montaña Waynapicchu,50,0,50
2026-09-30T11:16:04+00:00,2026-09-30T06:16:04-05:00,2026-10-01,06:00 AM,967,33,Ruta 3-B: Realeza diseñada,100,0,100
2026-09-30T11:31:22+00:00,2026-09-30T06:31:22-05:00,2026-10-01,06:00 AM,875,125,Ruta 1-A: Montaña Machupicchu,50,0,50
2026-09-30T11:31:22+00:00,2026-09-30T06:31:22-05:00,2026-10-01,06:00 AM,875,125,Ruta 1-B: Terraza superior,100,0,100
2026-09-30T11:31:22+00:00,2026-09-30T06:31:22-05:00,2026-10-01,06:00 AM,875,125,Ruta 2-A: Clásico Diseñada,600,49,551
2026-09-30T11:31:22+00:00,2026-09-30T06:31:22-05:00,2026-10-01,06:00 AM,875,125,Ruta 2-B: Terraza Inferior,100,12,88
2026-09-30T11:31:22+00:00,2026-09-30T06:31:22-05:00,2026-10-01,06:00 AM,875,125,Ruta 3-A: Montaña Waynapicchu,50,0,50
2026-09-30T11:31:22+00:00,2026-09-30T06:31:22-05:00,2026-10-01,06:00 AM,875,125,Ruta 3-B: Realeza diseñada,100,3,97
2026-09-30T11:46:16+00:00,2026-09-30T06:46:16-05:00,2026-10-01,06:00 AM,787,213,Ruta 1-A: Montaña Machupicchu,50,0,50
2026-09-30T11:46:16+00:00,2026-09-30T06:46:16-05:00,2026-10-01,06:00 AM,787,213,Ruta 1-B: Terraza superior,100,0,100
2026-09-30T11:46:16+00:00,2026-09-30T06:46:16-05:00,2026-10-01,06:00 AM,787,213,Ruta 2-A: Clásico Diseñada,600,94,506
2026-09-30T11:46:16+00:00,2026-09-30T06:46:16-05:00,2026-10-01,06:00 AM,787,213,Ruta 2-B: Terraza Inferior,100,14,86
2026-09-30T11:46:16+00:00,2026-09-30T06:46:16-05:00,2026-10-01,06:00 AM,787,213,Ruta 3-A: Montaña Waynapicchu,50,2,48
2026-09-30T11:46:16+00:00,2026-09-30T06:46:16-05:00,2026-10-01,06:00 AM,787,213,Ruta 3-B: Realeza diseñada,100,3,97
2026-09-30T12:01:20+00:00,2026-09-30T07:01:20-05:00,2026-10-01,06:00 AM,736,264,Ruta 1-A: Montaña Machupicchu,50,0,50
2026-09-30T12:01:20+00:00,2026-09-30T07:01:20-05:00,2026-10-01,06:00 AM,736,264,Ruta 1-B: Terraza superior,100,0,100
2026-09-30T12:01:20+00:00,2026-09-30T07:01:20-05:00,2026-10-01,06:00 AM,736,264,Ruta 2-A: Clásico Diseñada,600,125,475
2026-09-30T12:01:20+00:00,2026-09-30T07:01:20-05:00,2026-10-01,06:00 AM,736,264,Ruta 2-B: Terraza Inferior,100,17,83
2026-09-30T12:01:20+00:00,2026-09-30T07:01:20-05:00,2026-10-01,06:00 AM,736,264,Ruta 3-A: Montaña Waynapicchu,50,4,46
2026-09-30T12:01:20+00:00,2026-09-30T07:01:20-05:00,2026-10-01,06:00 AM,736,264,Ruta 3-B: Realeza diseñada,100,4,96
2026-09-30T12:31:10+00:00,2026-09-30T07:31:10-05:00,2026-10-01,06:00 AM,640,360,Ruta 1-A: Montaña Machupicchu,50,0,50
2026-09-30T12:31:10+00:00,2026-09-30T07:31:10-05:00,2026-10-01,06:00 AM,640,360,Ruta 1-B: Terraza superior,100,0,100
2026-09-30T12:31:10+00:00,2026-09-30T07:31:10-05:00,2026-10-01,06:00 AM,640,360,Ruta 2-A: Clásico Diseñada,600,234,366
2026-09-30T12:31:10+00:00,2026-09-30T07:31:10-05:00,2026-10-01,06:00 AM,640,360,Ruta 2-B: Terraza Inferior,100,30,70
2026-09-30T12:31:10+00:00,2026-09-30T07:31:10-05:00,2026-10-01,06:00 AM,640,360,Ruta 3-A: Montaña Waynapicchu,50,7,43
2026-09-30T12:31:10+00:00,2026-09-30T07:31:10-05:00,2026-10-01,06:00 AM,640,360,Ruta 3-B: Realeza diseñada,100,19,81
2026-09-30T12:46:17+00:00,2026-09-30T07:46:17-05:00,2026-10-01,06:00 AM,619,381,Ruta 1-A: Montaña Machupicchu,50,0,50
2026-09-30T12:46:17+00:00,2026-09-30T07:46:17-05:00,2026-10-01,06:00 AM,619,381,Ruta 1-B: Terraza superior,100,0,100
2026-09-30T12:46:17+00:00,2026-09-30T07:46:17-05:00,2026-10-01,06:00 AM,619,381,Ruta 2-A: Clásico Diseñada,600,279,321
2026-09-30T12:46:17+00:00,2026-09-30T07:46:17-05:00,2026-10-01,06:00 AM,619,381,Ruta 2-B: Terraza Inferior,100,32,68
2026-09-30T12:46:17+00:00,2026-09-30T07:46:17-05:00,2026-10-01,06:00 AM,619,381,Ruta 3-A: Montaña Waynapicchu,50,9,41
2026-09-30T12:46:17+00:00,2026-09-30T07:46:17-05:00,2026-10-01,06:00 AM,619,381,Ruta 3-B: Realeza diseñada,100,20,80
2026-09-30T13:16:28+00:00,2026-09-30T08:16:28-05:00,2026-10-01,06:00 AM,606,394,Ruta 1-A: Montaña Machupicchu,50,0,50
2026-09-30T13:16:28+00:00,2026-09-30T08:16:28-05:00,2026-10-01,06:00 AM,606,394,Ruta 1-B: Terraza superior,100,0,100
2026-09-30T13:16:28+00:00,2026-09-30T08:16:28-05:00,2026-10-01,06:00 AM,606,394,Ruta 2-A: Clásico Diseñada,600,311,289
2026-09-30T13:16:28+00:00,2026-09-30T08:16:28-05:00,2026-10-01,06:00 AM,606,394,Ruta 2-B: Terraza Inferior,100,40,60
2026-09-30T13:16:28+00:00,2026-09-30T08:16:28-05:00,2026-10-01,06:00 AM,606,394,Ruta 3-A: Montaña Waynapicchu,50,9,41
2026-09-30T13:16:28+00:00,2026-09-30T08:16:28-05:00,2026-10-01,06:00 AM,606,394,Ruta 3-B: Realeza diseñada,100,20,80
2026-09-30T13:31:45+00:00,2026-09-30T08:31:45-05:00,2026-10-01,06:00 AM,600,400,Ruta 1-A: Montaña Machupicchu,50,1,49
2026-09-30T13:31:45+00:00,2026-09-30T08:31:45-05:00,2026-10-01,06:00 AM,600,400,Ruta 1-B: Terraza superior,100,2,98
2026-09-30T13:31:45+00:00,2026-09-30T08:31:45-05:00,2026-10-01,06:00 AM,600,400,Ruta 2-A: Clásico Diseñada,600,316,284
2026-09-30T13:31:45+00:00,2026-09-30T08:31:45-05:00,2026-10-01,06:00 AM,600,400,Ruta 2-B: Terraza Inferior,100,41,59
2026-09-30T13:31:45+00:00,2026-09-30T08:31:45-05:00,2026-10-01,06:00 AM,600,400,Ruta 3-A: Montaña Waynapicchu,50,9,41
2026-09-30T13:31:45+00:00,2026-09-30T08:31:45-05:00,2026-10-01,06:00 AM,600,400,Ruta 3-B: Realeza diseñada,100,20,80
2026-09-30T13:46:33+00:00,2026-09-30T08:46:33-05:00,2026-10-01,06:00 AM,556,444,Ruta 1-A: Montaña Machupicchu,50,1,49
2026-09-30T13:46:33+00:00,2026-09-30T08:46:33-05:00,2026-10-01,06:00 AM,556,444,Ruta 1-B: Terraza superior,100,2,98
2026-09-30T13:46:33+00:00,2026-09-30T08:46:33-05:00,2026-10-01,06:00 AM,556,444,Ruta 2-A: Clásico Diseñada,600,333,267
2026-09-30T13:46:33+00:00,2026-09-30T08:46:33-05:00,2026-10-01,06:00 AM,556,444,Ruta 2-B: Terraza Inferior,100,43,57
2026-09-30T13:46:33+00:00,2026-09-30T08:46:33-05:00,2026-10-01,06:00 AM,556,444,Ruta 3-A: Montaña Waynapicchu,50,11,39
2026-09-30T13:46:33+00:00,2026-09-30T08:46:33-05:00,2026-10-01,06:00 AM,556,444,Ruta 3-B: Realeza diseñada,100,20,80
2026-09-30T14:02:12+00:00,2026-09-30T09:02:12-05:00,2026-10-01,06:00 AM,546,454,Ruta 1-A: Montaña Machupicchu,50,1,49
2026-09-30T14:02:12+00:00,2026-09-30T09:02:12-05:00,2026-10-01,06:00 AM,546,454,Ruta 1-B: Terraza superior,100,2,98
2026-09-30T14:02:12+00:00,2026-09-30T09:02:12-05:00,2026-10-01,06:00 AM,546,454,Ruta 2-A: Clásico Diseñada,600,353,247
2026-09-30T14:02:12+00:00,2026-09-30T09:02:12-05:00,2026-10-01,06:00 AM,546,454,Ruta 2-B: Terraza Inferior,100,49,51
2026-09-30T14:02:12+00:00,2026-09-30T09:02:12-05:00,2026-10-01,06:00 AM,546,454,Ruta 3-A: Montaña Waynapicchu,50,11,39
2026-09-30T14:02:12+00:00,2026-09-30T09:02:12-05:00,2026-10-01,06:00 AM,546,454,Ruta 3-B: Realeza diseñada,100,20,80
2026-09-30T14:17:14+00:00,2026-09-30T09:17:14-05:00,2026-10-01,06:00 AM,527,473,Ruta 1-A: Montaña Machupicchu,50,1,49
2026-09-30T14:17:14+00:00,2026-09-30T09:17:14-05:00,2026-10-01,06:00 AM,527,473,Ruta 1-B: Terraza superior,100,2,98
2026-09-30T14:17:14+00:00,2026-09-30T09:17:14-05:00,2026-10-01,06:00 AM,527,473,Ruta 2-A: Clásico Diseñada,600,363,237
2026-09-30T14:17:14+00:00,2026-09-30T09:17:14-05:00,2026-10-01,06:00 AM,527,473,Ruta 2-B: Terraza Inferior,100,53,47
2026-09-30T14:17:14+00:00,2026-09-30T09:17:14-05:00,2026-10-01,06:00 AM,527,473,Ruta 3-A: Montaña Waynapicchu,50,12,38
2026-09-30T14:17:14+00:00,2026-09-30T09:17:14-05:00,2026-10-01,06:00 AM,527,473,Ruta 3-B: Realeza diseñada,100,20,80
2026-09-30T14:39:22+00:00,2026-09-30T09:39:22-05:00,2026-10-01,06:00 AM,511,489,Ruta 1-A: Montaña Machupicchu,50,1,49
2026-09-30T14:39:22+00:00,2026-09-30T09:39:22-05:00,2026-10-01,06:00 AM,511,489,Ruta 1-B: Terraza superior,100,2,98
2026-09-30T14:39:22+00:00,2026-09-30T09:39:22-05:00,2026-10-01,06:00 AM,511,489,Ruta 2-A: Clásico Diseñada,600,375,225
2026-09-30T14:39:22+00:00,2026-09-30T09:39:22-05:00,2026-10-01,06:00 AM,511,489,Ruta 2-B: Terraza Inferior,100,57,43
2026-09-30T14:39:22+00:00,2026-09-30T09:39:22-05:00,2026-10-01,06:00 AM,511,489,Ruta 3-A: Montaña Waynapicchu,50,12,38
2026-09-30T14:39:22+00:00,2026-09-30T09:39:22-05:00,2026-10-01,06:00 AM,511,489,Ruta 3-B: Realeza diseñada,100,22,78
2026-09-30T14:49:10+00:00,2026-09-30T09:49:10-05:00,2026-10-01,06:00 AM,501,499,Ruta 1-A: Montaña Machupicchu,50,1,49
2026-09-30T14:49:10+00:00,2026-09-30T09:49:10-05:00,2026-10-01,06:00 AM,501,499,Ruta 1-B: Terraza superior,100,2,98
2026-09-30T14:49:10+00:00,2026-09-30T09:49:10-05:00,2026-10-01,06:00 AM,501,499,Ruta 2-A: Clásico Diseñada,600,386,214
2026-09-30T14:49:10+00:00,2026-09-30T09:49:10-05:00,2026-10-01,06:00 AM,501,499,Ruta 2-B: Terraza Inferior,100,59,41
2026-09-30T14:49:10+00:00,2026-09-30T09:49:10-05:00,2026-10-01,06:00 AM,501,499,Ruta 3-A: Montaña Waynapicchu,50,12,38
2026-09-30T14:49:10+00:00,2026-09-30T09:49:10-05:00,2026-10-01,06:00 AM,501,499,Ruta 3-B: Realeza diseñada,100,22,78
2026-09-30T15:04:44+00:00,2026-09-30T10:04:44-05:00,2026-10-01,06:00 AM,497,503,Ruta 1-A: Montaña Machupicchu,50,1,49
2026-09-30T15:04:44+00:00,2026-09-30T10:04:44-05:00,2026-10-01,06:00 AM,497,503,Ruta 1-B: Terraza superior,100,2,98
2026-09-30T15:04:44+00:00,2026-09-30T10:04:44-05:00,2026-10-01,06:00 AM,497,503,Ruta 2-A: Clásico Diseñada,600,389,211
2026-09-30T15:04:44+00:00,2026-09-30T10:04:44-05:00,2026-10-01,06:00 AM,497,503,Ruta 2-B: Terraza Inferior,100,63,37
2026-09-30T15:04:44+00:00,2026-09-30T10:04:44-05:00,2026-10-01,06:00 AM,497,503,Ruta 3-A: Montaña Waynapicchu,50,12,38
2026-09-30T15:04:44+00:00,2026-09-30T10:04:44-05:00,2026-10-01,06:00 AM,497,503,Ruta 3-B: Realeza diseñada,100,22,78
2026-09-30T15:16:12+00:00,2026-09-30T10:16:12-05:00,2026-10-01,06:00 AM,494,506,Ruta 1-A: Montaña Machupicchu,50,1,49
2026-09-30T15:16:12+00:00,2026-09-30T10:16:12-05:00,2026-10-01,06:00 AM,494,506,Ruta 1-B: Terraza superior,100,2,98
2026-09-30T15:16:12+00:00,2026-09-30T10:16:12-05:00,2026-10-01,06:00 AM,494,506,Ruta 2-A: Clásico Diseñada,600,390,210
2026-09-30T15:16:12+00:00,2026-09-30T10:16:12-05:00,2026-10-01,06:00 AM,494,506,Ruta 2-B: Terraza Inferior,100,63,37
2026-09-30T15:16:12+00:00,2026-09-30T10:16:12-05:00,2026-10-01,06:00 AM,494,506,Ruta 3-A: Montaña Waynapicchu,50,12,38
2026-09-30T15:16:12+00:00,2026-09-30T10:16:12-05:00,2026-10-01,06:00 AM,494,506,Ruta 3-B: Realeza diseñada,100,22,78
2026-09-30T15:33:11+00:00,2026-09-30T10:33:11-05:00,2026-10-01,06:00 AM,487,513,Ruta 1-A: Montaña Machupicchu,50,1,49
2026-09-30T15:33:11+00:00,2026-09-30T10:33:11-05:00,2026-10-01,06:00 AM,487,513,Ruta 1-B: Terraza superior,100,2,98
2026-09-30T15:33:11+00:00,2026-09-30T10:33:11-05:00,2026-10-01,06:00 AM,487,513,Ruta 2-A: Clásico Diseñada,600,398,202
2026-09-30T15:33:11+00:00,2026-09-30T10:33:11-05:00,2026-10-01,06:00 AM,487,513,Ruta 2-B: Terraza Inferior,100,63,37
2026-09-30T15:33:11+00:00,2026-09-30T10:33:11-05:00,2026-10-01,06:00 AM,487,513,Ruta 3-A: Montaña Waynapicchu,50,12,38
2026-09-30T15:33:11+00:00,2026-09-30T10:33:11-05:00,2026-10-01,06:00 AM,487,513,Ruta 3-B: Realeza diseñada,100,22,78
2026-09-30T15:46:11+00:00,2026-09-30T10:46:11-05:00,2026-10-01,06:00 AM,486,514,Ruta 1-A: Montaña Machupicchu,50,1,49
2026-09-30T15:46:11+00:00,2026-09-30T10:46:11-05:00,2026-10-01,06:00 AM,486,514,Ruta 1-B: Terraza superior,100,2,98
2026-09-30T15:46:11+00:00,2026-09-30T10:46:11-05:00,2026-10-01,06:00 AM,486,514,Ruta 2-A: Clásico Diseñada,600,401,199
2026-09-30T15:46:11+00:00,2026-09-30T10:46:11-05:00,2026-10-01,06:00 AM,486,514,Ruta 2-B: Terraza Inferior,100,63,37
2026-09-30T15:46:11+00:00,2026-09-30T10:46:11-05:00,2026-10-01,06:00 AM,486,514,Ruta 3-A: Montaña Waynapicchu,50,12,38
2026-09-30T15:46:11+00:00,2026-09-30T10:46:11-05:00,2026-10-01,06:00 AM,486,514,Ruta 3-B: Realeza diseñada,100,22,78
2026-09-30T16:01:38+00:00,2026-09-30T11:01:38-05:00,2026-10-01,06:00 AM,481,519,Ruta 1-A: Montaña Machupicchu,50,1,49
2026-09-30T16:01:38+00:00,2026-09-30T11:01:38-05:00,2026-10-01,06:00 AM,481,519,Ruta 1-B: Terraza superior,100,2,98
2026-09-30T16:01:38+00:00,2026-09-30T11:01:38-05:00,2026-10-01,06:00 AM,481,519,Ruta 2-A: Clásico Diseñada,600,403,197
2026-09-30T16:01:38+00:00,2026-09-30T11:01:38-05:00,2026-10-01,06:00 AM,481,519,Ruta 2-B: Terraza Inferior,100,63,37
2026-09-30T16:01:38+00:00,2026-09-30T11:01:38-05:00,2026-10-01,06:00 AM,481,519,Ruta 3-A: Montaña Waynapicchu,50,12,38
2026-09-30T16:01:38+00:00,2026-09-30T11:01:38-05:00,2026-10-01,06:00 AM,481,519,Ruta 3-B: Realeza diseñada,100,22,78
2026-09-30T16:16:05+00:00,2026-09-30T11:16:05-05:00,2026-10-01,06:00 AM,469,531,Ruta 1-A: Montaña Machupicchu,50,1,49
2026-09-30T16:16:05+00:00,2026-09-30T11:16:05-05:00,2026-10-01,06:00 AM,469,531,Ruta 1-B: Terraza superior,100,2,98
2026-09-30T16:16:05+00:00,2026-09-30T11:16:05-05:00,2026-10-01,06:00 AM,469,531,Ruta 2-A: Clásico Diseñada,600,412,188
2026-09-30T16:16:05+00:00,2026-09-30T11:16:05-05:00,2026-10-01,06:00 AM,469,531,Ruta 2-B: Terraza Inferior,100,65,35
2026-09-30T16:16:05+00:00,2026-09-30T11:16:05-05:00,2026-10-01,06:00 AM,469,531,Ruta 3-A: Montaña Waynapicchu,50,14,36
2026-09-30T16:16:05+00:00,2026-09-30T11:16:05-05:00,2026-10-01,06:00 AM,469,531,Ruta 3-B: Realeza diseñada,100,22,78
2026-09-30T16:22:21+00:00,2026-09-30T11:22:21-05:00,2026-10-01,06:00 AM,467,533,Ruta 1-A: Montaña Machupicchu,50,1,49
2026-09-30T16:22:21+00:00,2026-09-30T11:22:21-05:00,2026-10-01,06:00 AM,467,533,Ruta 1-B: Terraza superior,100,2,98
2026-09-30T16:22:21+00:00,2026-09-30T11:22:21-05:00,2026-10-01,06:00 AM,467,533,Ruta 2-A: Clásico Diseñada,600,412,188
2026-09-30T16:22:21+00:00,2026-09-30T11:22:21-05:00,2026-10-01,06:00 AM,467,533,Ruta 2-B: Terraza Inferior,100,65,35
2026-09-30T16:22:21+00:00,2026-09-30T11:22:21-05:00,2026-10-01,06:00 AM,467,533,Ruta 3-A: Montaña Waynapicchu,50,14,36
2026-09-30T16:22:21+00:00,2026-09-30T11:22:21-05:00,2026-10-01,06:00 AM,467,533,Ruta 3-B: Realeza diseñada,100,24,76
2026-09-30T16:31:23+00:00,2026-09-30T11:31:23-05:00,2026-10-01,06:00 AM,467,533,Ruta 1-A: Montaña Machupicchu,50,1,49
2026-09-30T16:31:23+00:00,2026-09-30T11:31:23-05:00,2026-10-01,06:00 AM,467,533,Ruta 1-B: Terraza superior,100,2,98
2026-09-30T16:31:23+00:00,2026-09-30T11:31:23-05:00,2026-10-01,06:00 AM,467,533,Ruta 2-A: Clásico Diseñada,600,414,186
2026-09-30T16:31:23+00:00,2026-09-30T11:31:23-05:00,2026-10-01,06:00 AM,467,533,Ruta 2-B: Terraza Inferior,100,65,35
2026-09-30T16:31:23+00:00,2026-09-30T11:31:23-05:00,2026-10-01,06:00 AM,467,533,Ruta 3-A: Montaña Waynapicchu,50,14,36
2026-09-30T16:31:23+00:00,2026-09-30T11:31:23-05:00,2026-10-01,06:00 AM,467,533,Ruta 3-B: Realeza diseñada,100,24,76
2026-09-30T16:46:03+00:00,2026-09-30T11:46:03-05:00,2026-10-01,06:00 AM,465,535,Ruta 1-A: Montaña Machupicchu,50,3,47
2026-09-30T16:46:03+00:00,2026-09-30T11:46:03-05:00,2026-10-01,06:00 AM,465,535,Ruta 1-B: Terraza superior,100,2,98
2026-09-30T16:46:03+00:00,2026-09-30T11:46:03-05:00,2026-10-01,06:00 AM,465,535,Ruta 2-A: Clásico Diseñada,600,414,186
2026-09-30T16:46:03+00:00,2026-09-30T11:46:03-05:00,2026-10-01,06:00 AM,465,535,Ruta 2-B: Terraza Inferior,100,65,35
2026-09-30T16:46:03+00:00,2026-09-30T11:46:03-05:00,2026-10-01,06:00 AM,465,535,Ruta 3-A: Montaña Waynapicchu,50,14,36
2026-09-30T16:46:03+00:00,2026-09-30T11:46:03-05:00,2026-10-01,06:00 AM,465,535,Ruta 3-B: Realeza diseñada,100,24,76
2026-09-30T17:07:57+00:00,2026-09-30T12:07:57-05:00,2026-10-01,06:00 AM,463,537,Ruta 1-A: Montaña Machupicchu,50,3,47
2026-09-30T17:07:57+00:00,2026-09-30T12:07:57-05:00,2026-10-01,06:00 AM,463,537,Ruta 1-B: Terraza superior,100,2,98
2026-09-30T17:07:57+00:00,2026-09-30T12:07:57-05:00,2026-10-01,06:00 AM,463,537,Ruta 2-A: Clásico Diseñada,600,416,184
2026-09-30T17:07:57+00:00,2026-09-30T12:07:57-05:00,2026-10-01,06:00 AM,463,537,Ruta 2-B: Terraza Inferior,100,65,35
2026-09-30T17:07:57+00:00,2026-09-30T12:07:57-05:00,2026-10-01,06:00 AM,463,537,Ruta 3-A: Montaña Waynapicchu,50,14,36
2026-09-30T17:07:57+00:00,2026-09-30T12:07:57-05:00,2026-10-01,06:00 AM,463,537,Ruta 3-B: Realeza diseñada,100,24,76
2026-09-30T17:16:01+00:00,2026-09-30T12:16:01-05:00,2026-10-01,06:00 AM,462,538,Ruta 1-A: Montaña Machupicchu,50,3,47
2026-09-30T17:16:01+00:00,2026-09-30T12:16:01-05:00,2026-10-01,06:00 AM,462,538,Ruta 1-B: Terraza superior,100,2,98
2026-09-30T17:16:01+00:00,2026-09-30T12:16:01-05:00,2026-10-01,06:00 AM,462,538,Ruta 2-A: Clásico Diseñada,600,416,184
2026-09-30T17:16:01+00:00,2026-09-30T12:16:01-05:00,2026-10-01,06:00 AM,462,538,Ruta 2-B: Terraza Inferior,100,65,35
2026-09-30T17:16:01+00:00,2026-09-30T12:16:01-05:00,2026-10-01,06:00 AM,462,538,Ruta 3-A: Montaña Waynapicchu,50,14,36
2026-09-30T17:16:01+00:00,2026-09-30T12:16:01-05:00,2026-10-01,06:00 AM,462,538,Ruta 3-B: Realeza diseñada,100,24,76
2026-09-30T17:31:12+00:00,2026-09-30T12:31:12-05:00,2026-10-01,06:00 AM,428,572,Ruta 1-A: Montaña Machupicchu,50,3,47
2026-09-30T17:31:12+00:00,2026-09-30T12:31:12-05:00,2026-10-01,06:00 AM,428,572,Ruta 1-B: Terraza superior,100,2,98
2026-09-30T17:31:12+00:00,2026-09-30T12:31:12-05:00,2026-10-01,06:00 AM,428,572,Ruta 2-A: Clásico Diseñada,600,431,169
2026-09-30T17:31:12+00:00,2026-09-30T12:31:12-05:00,2026-10-01,06:00 AM,428,572,Ruta 2-B: Terraza Inferior,100,65,35
2026-09-30T17:31:12+00:00,2026-09-30T12:31:12-05:00,2026-10-01,06:00 AM,428,572,Ruta 3-A: Montaña Waynapicchu,50,18,32
2026-09-30T17:31:12+00:00,2026-09-30T12:31:12-05:00,2026-10-01,06:00 AM,428,572,Ruta 3-B: Realeza diseñada,100,24,76
2026-09-30T17:46:07+00:00,2026-09-30T12:46:07-05:00,2026-10-01,06:00 AM,400,600,Ruta 1-A: Montaña Machupicchu,50,3,47
2026-09-30T17:46:07+00:00,2026-09-30T12:46:07-05:00,2026-10-01,06:00 AM,400,600,Ruta 1-B: Terraza superior,100,2,98
2026-09-30T17:46:07+00:00,2026-09-30T12:46:07-05:00,2026-10-01,06:00 AM,400,600,Ruta 2-A: Clásico Diseñada,600,440,160
2026-09-30T17:46:07+00:00,2026-09-30T12:46:07-05:00,2026-10-01,06:00 AM,400,600,Ruta 2-B: Terraza Inferior,100,66,34
2026-09-30T17:46:07+00:00,2026-09-30T12:46:07-05:00,2026-10-01,06:00 AM,400,600,Ruta 3-A: Montaña Waynapicchu,50,18,32
2026-09-30T17:46:07+00:00,2026-09-30T12:46:07-05:00,2026-10-01,06:00 AM,400,600,Ruta 3-B: Realeza diseñada,100,26,74
2026-09-30T18:01:31+00:00,2026-09-30T13:01:31-05:00,2026-10-01,06:00 AM,395,605,Ruta 1-A: Montaña Machupicchu,50,3,47
2026-09-30T18:01:31+00:00,2026-09-30T13:01:31-05:00,2026-10-01,06:00 AM,395,605,Ruta 1-B: Terraza superior,100,10,90
2026-09-30T18:01:31+00:00,2026-09-30T13:01:31-05:00,2026-10-01,06:00 AM,395,605,Ruta 2-A: Clásico Diseñada,600,459,141
2026-09-30T18:01:31+00:00,2026-09-30T13:01:31-05:00,2026-10-01,06:00 AM,395,605,Ruta 2-B: Terraza Inferior,100,72,28
2026-09-30T18:01:31+00:00,2026-09-30T13:01:31-05:00,2026-10-01,06:00 AM,395,605,Ruta 3-A: Montaña Waynapicchu,50,18,32
2026-09-30T18:01:31+00:00,2026-09-30T13:01:31-05:00,2026-10-01,06:00 AM,395,605,Ruta 3-B: Realeza diseñada,100,26,74
2026-09-30T18:16:17+00:00,2026-09-30T13:16:17-05:00,2026-10-01,06:00 AM,388,612,Ruta 1-A: Montaña Machupicchu,50,3,47
2026-09-30T18:16:17+00:00,2026-09-30T13:16:17-05:00,2026-10-01,06:00 AM,388,612,Ruta 1-B: Terraza superior,100,12,88
2026-09-30T18:16:17+00:00,2026-09-30T13:16:17-05:00,2026-10-01,06:00 AM,388,612,Ruta 2-A: Clásico Diseñada,600,462,138
2026-09-30T18:16:17+00:00,2026-09-30T13:16:17-05:00,2026-10-01,06:00 AM,388,612,Ruta 2-B: Terraza Inferior,100,72,28
2026-09-30T18:16:17+00:00,2026-09-30T13:16:17-05:00,2026-10-01,06:00 AM,388,612,Ruta 3-A: Montaña Waynapicchu,50,18,32
2026-09-30T18:16:17+00:00,2026-09-30T13:16:17-05:00,2026-10-01,06:00 AM,388,612,Ruta 3-B: Realeza diseñada,100,28,72
2026-09-30T18:31:09+00:00,2026-09-30T13:31:09-05:00,2026-10-01,06:00 AM,376,624,Ruta 1-A: Montaña Machupicchu,50,3,47
2026-09-30T18:31:09+00:00,2026-09-30T13:31:09-05:00,2026-10-01,06:00 AM,376,624,Ruta 1-B: Terraza superior,100,12,88
2026-09-30T18:31:09+00:00,2026-09-30T13:31:09-05:00,2026-10-01,06:00 AM,376,624,Ruta 2-A: Clásico Diseñada,600,469,131
2026-09-30T18:31:09+00:00,2026-09-30T13:31:09-05:00,2026-10-01,06:00 AM,376,624,Ruta 2-B: Terraza Inferior,100,76,24
2026-09-30T18:31:09+00:00,2026-09-30T13:31:09-05:00,2026-10-01,06:00 AM,376,624,Ruta 3-A: Montaña Waynapicchu,50,19,31
2026-09-30T18:31:09+00:00,2026-09-30T13:31:09-05:00,2026-10-01,06:00 AM,376,624,Ruta 3-B: Realeza diseñada,100,28,72
2026-09-30T18:46:02+00:00,2026-09-30T13:46:02-05:00,2026-10-01,06:00 AM,376,624,Ruta 1-A: Montaña Machupicchu,50,3,47
2026-09-30T18:46:02+00:00,2026-09-30T13:46:02-05:00,2026-10-01,06:00 AM,376,624,Ruta 1-B: Terraza superior,100,12,88
2026-09-30T18:46:02+00:00,2026-09-30T13:46:02-05:00,2026-10-01,06:00 AM,376,624,Ruta 2-A: Clásico Diseñada,600,473,127
2026-09-30T18:46:02+00:00,2026-09-30T13:46:02-05:00,2026-10-01,06:00 AM,376,624,Ruta 2-B: Terraza Inferior,100,76,24
2026-09-30T18:46:02+00:00,2026-09-30T13:46:02-05:00,2026-10-01,06:00 AM,376,624,Ruta 3-A: Montaña Waynapicchu,50,19,31
2026-09-30T18:46:02+00:00,2026-09-30T13:46:02-05:00,2026-10-01,06:00 AM,376,624,Ruta 3-B: Realeza diseñada,100,28,72
2026-09-30T19:01:40+00:00,2026-09-30T14:01:40-05:00,2026-10-01,06:00 AM,367,633,Ruta 1-A: Montaña Machupicchu,50,3,47
2026-09-30T19:01:40+00:00,2026-09-30T14:01:40-05:00,2026-10-01,06:00 AM,367,633,Ruta 1-B: Terraza superior,100,14,86
2026-09-30T19:01:40+00:00,2026-09-30T14:01:40-05:00,2026-10-01,06:00 AM,367,633,Ruta 2-A: Clásico Diseñada,600,475,125
2026-09-30T19:01:40+00:00,2026-09-30T14:01:40-05:00,2026-10-01,06:00 AM,367,633,Ruta 2-B: Terraza Inferior,100,76,24
2026-09-30T19:01:40+00:00,2026-09-30T14:01:40-05:00,2026-10-01,06:00 AM,367,633,Ruta 3-A: Montaña Waynapicchu,50,19,31
2026-09-30T19:01:40+00:00,2026-09-30T14:01:40-05:00,2026-10-01,06:00 AM,367,633,Ruta 3-B: Realeza diseñada,100,28,72
2026-09-30T19:16:02+00:00,2026-09-30T14:16:02-05:00,2026-10-01,06:00 AM,362,638,Ruta 1-A: Montaña Machupicchu,50,3,47
2026-09-30T19:16:02+00:00,2026-09-30T14:16:02-05:00,2026-10-01,06:00 AM,362,638,Ruta 1-B: Terraza superior,100,14,86
2026-09-30T19:16:02+00:00,2026-09-30T14:16:02-05:00,2026-10-01,06:00 AM,362,638,Ruta 2-A: Clásico Diseñada,600,484,116
2026-09-30T19:16:02+00:00,2026-09-30T14:16:02-05:00,2026-10-01,06:00 AM,362,638,Ruta 2-B: Terraza Inferior,100,77,23
2026-09-30T19:16:02+00:00,2026-09-30T14:16:02-05:00,2026-10-01,06:00 AM,362,638,Ruta 3-A: Montaña Waynapicchu,50,19,31
2026-09-30T19:16:02+00:00,2026-09-30T14:16:02-05:00,2026-10-01,06:00 AM,362,638,Ruta 3-B: Realeza diseñada,100,28,72
2026-09-30T19:33:28+00:00,2026-09-30T14:33:28-05:00,2026-10-01,06:00 AM,355,645,Ruta 1-A: Montaña Machupicchu,50,3,47
2026-09-30T19:33:28+00:00,2026-09-30T14:33:28-05:00,2026-10-01,06:00 AM,355,645,Ruta 1-B: Terraza superior,100,14,86
2026-09-30T19:33:28+00:00,2026-09-30T14:33:28-05:00,2026-10-01,06:00 AM,355,645,Ruta 2-A: Clásico Diseñada,600,485,115
2026-09-30T19:33:28+00:00,2026-09-30T14:33:28-05:00,2026-10-01,06:00 AM,355,645,Ruta 2-B: Terraza Inferior,100,77,23
2026-09-30T19:33:28+00:00,2026-09-30T14:33:28-05:00,2026-10-01,06:00 AM,355,645,Ruta 3-A: Montaña Waynapicchu,50,19,31
2026-09-30T19:33:28+00:00,2026-09-30T14:33:28-05:00,2026-10-01,06:00 AM,355,645,Ruta 3-B: Realeza diseñada,100,28,72
2026-09-30T19:46:18+00:00,2026-09-30T14:46:18-05:00,2026-10-01,06:00 AM,341,659,Ruta 1-A: Montaña Machupicchu,50,7,43
2026-09-30T19:46:18+00:00,2026-09-30T14:46:18-05:00,2026-10-01,06:00 AM,341,659,Ruta 1-B: Terraza superior,100,14,86
2026-09-30T19:46:18+00:00,2026-09-30T14:46:18-05:00,2026-10-01,06:00 AM,341,659,Ruta 2-A: Clásico Diseñada,600,498,102
2026-09-30T19:46:18+00:00,2026-09-30T14:46:18-05:00,2026-10-01,06:00 AM,341,659,Ruta 2-B: Terraza Inferior,100,77,23
2026-09-30T19:46:18+00:00,2026-09-30T14:46:18-05:00,2026-10-01,06:00 AM,341,659,Ruta 3-A: Montaña Waynapicchu,50,19,31
2026-09-30T19:46:18+00:00,2026-09-30T14:46:18-05:00,2026-10-01,06:00 AM,341,659,Ruta 3-B: Realeza diseñada,100,29,71
2026-09-30T20:01:22+00:00,2026-09-30T15:01:22-05:00,2026-10-01,06:00 AM,336,664,Ruta 1-A: Montaña Machupicchu,50,7,43
2026-09-30T20:01:22+00:00,2026-09-30T15:01:22-05:00,2026-10-01,06:00 AM,336,664,Ruta 1-B: Terraza superior,100,14,86
2026-09-30T20:01:22+00:00,2026-09-30T15:01:22-05:00,2026-10-01,06:00 AM,336,664,Ruta 2-A: Clásico Diseñada,600,500,100
2026-09-30T20:01:22+00:00,2026-09-30T15:01:22-05:00,2026-10-01,06:00 AM,336,664,Ruta 2-B: Terraza Inferior,100,77,23
2026-09-30T20:01:22+00:00,2026-09-30T15:01:22-05:00,2026-10-01,06:00 AM,336,664,Ruta 3-A: Montaña Waynapicchu,50,19,31
2026-09-30T20:01:22+00:00,2026-09-30T15:01:22-05:00,2026-10-01,06:00 AM,336,664,Ruta 3-B: Realeza diseñada,100,29,71
2026-09-30T20:31:12+00:00,2026-09-30T15:31:12-05:00,2026-10-01,06:00 AM,317,683,Ruta 1-A: Montaña Machupicchu,50,7,43
2026-09-30T20:31:12+00:00,2026-09-30T15:31:12-05:00,2026-10-01,06:00 AM,317,683,Ruta 1-B: Terraza superior,100,14,86
2026-09-30T20:31:12+00:00,2026-09-30T15:31:12-05:00,2026-10-01,06:00 AM,317,683,Ruta 2-A: Clásico Diseñada,600,503,97
2026-09-30T20:31:12+00:00,2026-09-30T15:31:12-05:00,2026-10-01,06:00 AM,317,683,Ruta 2-B: Terraza Inferior,100,79,21
2026-09-30T20:31:12+00:00,2026-09-30T15:31:12-05:00,2026-10-01,06:00 AM,317,683,Ruta 3-A: Montaña Waynapicchu,50,33,17
2026-09-30T20:31:12+00:00,2026-09-30T15:31:12-05:00,2026-10-01,06:00 AM,317,683,Ruta 3-B: Realeza diseñada,100,29,71
2026-09-30T20:46:21+00:00,2026-09-30T15:46:21-05:00,2026-10-01,06:00 AM,311,689,Ruta 1-A: Montaña Machupicchu,50,7,43
2026-09-30T20:46:21+00:00,2026-09-30T15:46:21-05:00,2026-10-01,06:00 AM,311,689,Ruta 1-B: Terraza superior,100,14,86
2026-09-30T20:46:21+00:00,2026-09-30T15:46:21-05:00,2026-10-01,06:00 AM,311,689,Ruta 2-A: Clásico Diseñada,600,506,94
2026-09-30T20:46:21+00:00,2026-09-30T15:46:21-05:00,2026-10-01,06:00 AM,311,689,Ruta 2-B: Terraza Inferior,100,80,20
2026-09-30T20:46:21+00:00,2026-09-30T15:46:21-05:00,2026-10-01,06:00 AM,311,689,Ruta 3-A: Montaña Waynapicchu,50,35,15
2026-09-30T20:46:21+00:00,2026-09-30T15:46:21-05:00,2026-10-01,06:00 AM,311,689,Ruta 3-B: Realeza diseñada,100,29,71
2026-09-30T20:57:26+00:00,2026-09-30T15:57:26-05:00,2026-10-01,06:00 AM,304,696,Ruta 1-A: Montaña Machupicchu,50,7,43
2026-09-30T20:57:26+00:00,2026-09-30T15:57:26-05:00,2026-10-01,06:00 AM,304,696,Ruta 1-B: Terraza superior,100,14,86
2026-09-30T20:57:26+00:00,2026-09-30T15:57:26-05:00,2026-10-01,06:00 AM,304,696,Ruta 2-A: Clásico Diseñada,600,507,93
2026-09-30T20:57:26+00:00,2026-09-30T15:57:26-05:00,2026-10-01,06:00 AM,304,696,Ruta 2-B: Terraza Inferior,100,80,20
2026-09-30T20:57:26+00:00,2026-09-30T15:57:26-05:00,2026-10-01,06:00 AM,304,696,Ruta 3-A: Montaña Waynapicchu,50,35,15
2026-09-30T20:57:26+00:00,2026-09-30T15:57:26-05:00,2026-10-01,06:00 AM,304,696,Ruta 3-B: Realeza diseñada,100,29,71
2026-09-30T21:01:24+00:00,2026-09-30T16:01:24-05:00,2026-10-01,06:00 AM,295,705,Ruta 1-A: Montaña Machupicchu,50,7,43
2026-09-30T21:01:24+00:00,2026-09-30T16:01:24-05:00,2026-10-01,06:00 AM,295,705,Ruta 1-B: Terraza superior,100,14,86
2026-09-30T21:01:24+00:00,2026-09-30T16:01:24-05:00,2026-10-01,06:00 AM,295,705,Ruta 2-A: Clásico Diseñada,600,507,93
2026-09-30T21:01:24+00:00,2026-09-30T16:01:24-05:00,2026-10-01,06:00 AM,295,705,Ruta 2-B: Terraza Inferior,100,80,20
2026-09-30T21:01:24+00:00,2026-09-30T16:01:24-05:00,2026-10-01,06:00 AM,295,705,Ruta 3-A: Montaña Waynapicchu,50,37,13
2026-09-30T21:01:24+00:00,2026-09-30T16:01:24-05:00,2026-10-01,06:00 AM,295,705,Ruta 3-B: Realeza diseñada,100,33,67
2026-09-30T21:15:55+00:00,2026-09-30T16:15:55-05:00,2026-10-01,06:00 AM,262,738,Ruta 1-A: Montaña Machupicchu,50,10,40
2026-09-30T21:15:55+00:00,2026-09-30T16:15:55-05:00,2026-10-01,06:00 AM,262,738,Ruta 1-B: Terraza superior,100,14,86
2026-09-30T21:15:55+00:00,2026-09-30T16:15:55-05:00,2026-10-01,06:00 AM,262,738,Ruta 2-A: Clásico Diseñada,600,536,64
2026-09-30T21:15:55+00:00,2026-09-30T16:15:55-05:00,2026-10-01,06:00 AM,262,738,Ruta 2-B: Terraza Inferior,100,80,20
2026-09-30T21:15:55+00:00,2026-09-30T16:15:55-05:00,2026-10-01,06:00 AM,262,738,Ruta 3-A: Montaña Waynapicchu,50,37,13
2026-09-30T21:15:55+00:00,2026-09-30T16:15:55-05:00,2026-10-01,06:00 AM,262,738,Ruta 3-B: Realeza diseñada,100,35,65
2026-09-30T21:31:09+00:00,2026-09-30T16:31:09-05:00,2026-10-01,06:00 AM,240,760,Ruta 1-A: Montaña Machupicchu,50,12,38
2026-09-30T21:31:09+00:00,2026-09-30T16:31:09-05:00,2026-10-01,06:00 AM,240,760,Ruta 1-B: Terraza superior,100,15,85
2026-09-30T21:31:09+00:00,2026-09-30T16:31:09-05:00,2026-10-01,06:00 AM,240,760,Ruta 2-A: Clásico Diseñada,600,547,53
2026-09-30T21:31:09+00:00,2026-09-30T16:31:09-05:00,2026-10-01,06:00 AM,240,760,Ruta 2-B: Terraza Inferior,100,81,19
2026-09-30T21:31:09+00:00,2026-09-30T16:31:09-05:00,2026-10-01,06:00 AM,240,760,Ruta 3-A: Montaña Waynapicchu,50,40,10
2026-09-30T21:31:09+00:00,2026-09-30T16:31:09-05:00,2026-10-01,06:00 AM,240,760,Ruta 3-B: Realeza diseñada,100,39,61
2026-09-30T21:46:01+00:00,2026-09-30T16:46:01-05:00,2026-10-01,06:00 AM,227,773,Ruta 1-A: Montaña Machupicchu,50,12,38
2026-09-30T21:46:01+00:00,2026-09-30T16:46:01-05:00,2026-10-01,06:00 AM,227,773,Ruta 1-B: Terraza superior,100,15,85
2026-09-30T21:46:01+00:00,2026-09-30T16:46:01-05:00,2026-10-01,06:00 AM,227,773,Ruta 2-A: Clásico Diseñada,600,560,40
2026-09-30T21:46:01+00:00,2026-09-30T16:46:01-05:00,2026-10-01,06:00 AM,227,773,Ruta 2-B: Terraza Inferior,100,84,16
2026-09-30T21:46:01+00:00,2026-09-30T16:46:01-05:00,2026-10-01,06:00 AM,227,773,Ruta 3-A: Montaña Waynapicchu,50,40,10
2026-09-30T21:46:01+00:00,2026-09-30T16:46:01-05:00,2026-10-01,06:00 AM,227,773,Ruta 3-B: Realeza diseñada,100,42,58
2026-09-30T23:01:21+00:00,2026-09-30T18:01:21-05:00,2026-10-01,06:00 AM,170,830,Ruta 1-A: Montaña Machupicchu,50,12,38
2026-09-30T23:01:21+00:00,2026-09-30T18:01:21-05:00,2026-10-01,06:00 AM,170,830,Ruta 1-B: Terraza superior,100,21,79
2026-09-30T23:01:21+00:00,2026-09-30T18:01:21-05:00,2026-10-01,06:00 AM,170,830,Ruta 2-A: Clásico Diseñada,600,573,27
2026-09-30T23:01:21+00:00,2026-09-30T18:01:21-05:00,2026-10-01,06:00 AM,170,830,Ruta 2-B: Terraza Inferior,100,94,6
2026-09-30T23:01:21+00:00,2026-09-30T18:01:21-05:00,2026-10-01,06:00 AM,170,830,Ruta 3-A: Montaña Waynapicchu,50,42,8
2026-09-30T23:01:21+00:00,2026-09-30T18:01:21-05:00,2026-10-01,06:00 AM,170,830,Ruta 3-B: Realeza diseñada,100,68,32
2026-10-01T00:29:55+00:00,2026-09-30T19:29:55-05:00,2026-10-02,06:00 AM,1000,0,Ruta 1-A: Montaña Machupicchu,50,0,50
2026-10-01T00:29:55+00:00,2026-09-30T19:29:55-05:00,2026-10-02,06:00 AM,1000,0,Ruta 1-B: Terraza superior,100,0,100
2026-10-01T00:29:55+00:00,2026-09-30T19:29:55-05:00,2026-10-02,06:00 AM,1000,0,Ruta 2-A: Clásico Diseñada,600,0,600
2026-10-01T00:29:55+00:00,2026-09-30T19:29:55-05:00,2026-10-02,06:00 AM,1000,0,Ruta 2-B: Terraza Inferior,100,0,100
2026-10-01T00:29:55+00:00,2026-09-30T19:29:55-05:00,2026-10-02,06:00 AM,1000,0,Ruta 3-A: Montaña Waynapicchu,50,0,50
2026-10-01T00:29:55+00:00,2026-09-30T19:29:55-05:00,2026-10-02,06:00 AM,1000,0,Ruta 3-B: Realeza diseñada,100,0,100
2026-10-01T01:01:31+00:00,2026-09-30T20:01:31-05:00,2026-10-02,06:00 AM,1000,0,Ruta 1-A: Montaña Machupicchu,50,0,50
2026-10-01T01:01:31+00:00,2026-09-30T20:01:31-05:00,2026-10-02,06:00 AM,1000,0,Ruta 1-B: Terraza superior,100,0,100
2026-10-01T01:01:31+00:00,2026-09-30T20:01:31-05:00,2026-10-02,06:00 AM,1000,0,Ruta 2-A: Clásico Diseñada,600,0,600
2026-10-01T01:01:31+00:00,2026-09-30T20:01:31-05:00,2026-10-02,06:00 AM,1000,0,Ruta 2-B: Terraza Inferior,100,0,100
2026-10-01T01:01:31+00:00,2026-09-30T20:01:31-05:00,2026-10-02,06:00 AM,1000,0,Ruta 3-A: Montaña Waynapicchu,50,0,50
2026-10-01T01:01:31+00:00,2026-09-30T20:01:31-05:00,2026-10-02,06:00 AM,1000,0,Ruta 3-B: Realeza diseñada,100,0,100
2026-10-01T01:04:01+00:00,2026-09-30T20:04:01-05:00,2026-10-02,06:00 AM,1000,0,Ruta 1-A: Montaña Machupicchu,50,0,50
2026-10-01T01:04:01+00:00,2026-09-30T20:04:01-05:00,2026-10-02,06:00 AM,1000,0,Ruta 1-B: Terraza superior,100,0,100
2026-10-01T01:04:01+00:00,2026-09-30T20:04:01-05:00,2026-10-02,06:00 AM,1000,0,Ruta 2-A: Clásico Diseñada,600,0,600
2026-10-01T01:04:01+00:00,2026-09-30T20:04:01-05:00,2026-10-02,06:00 AM,1000,0,Ruta 2-B: Terraza Inferior,100,0,100
2026-10-01T01:04:01+00:00,2026-09-30T20:04:01-05:00,2026-10-02,06:00 AM,1000,0,Ruta 3-A: Montaña Waynapicchu,50,0,50
2026-10-01T01:04:01+00:00,2026-09-30T20:04:01-05:00,2026-10-02,06:00 AM,1000,0,Ruta 3-B: Realeza diseñada,100,0,100
2026-10-01T02:39:30+00:00,2026-09-30T21:39:30-05:00,2026-10-02,06:00 AM,1000,0,Ruta 1-A: Montaña Machupicchu,50,0,50
2026-10-01T02:39:30+00:00,2026-09-30T21:39:30-05:00,2026-10-02,06:00 AM,1000,0,Ruta 1-B: Terraza superior,100,0,100
2026-10-01T02:39:30+00:00,2026-09-30T21:39:30-05:00,2026-10-02,06:00 AM,1000,0,Ruta 2-A: Clásico Diseñada,600,0,600
2026-10-01T02:39:30+00:00,2026-09-30T21:39:30-05:00,2026-10-02,06:00 AM,1000,0,Ruta 2-B: Terraza Inferior,100,0,100
2026-10-01T02:39:30+00:00,2026-09-30T21:39:30-05:00,2026-10-02,06:00 AM,1000,0,Ruta 3-A: Montaña Waynapicchu,50,0,50
2026-10-01T02:39:30+00:00,2026-09-30T21:39:30-05:00,2026-10-02,06:00 AM,1000,0,Ruta 3-B: Realeza diseñada,100,0,100
2026-10-01T05:01:25+00:00,2026-10-01T00:01:25-05:00,2026-10-02,06:00 AM,1000,0,Ruta 1-A: Montaña Machupicchu,50,0,50
2026-10-01T05:01:25+00:00,2026-10-01T00:01:25-05:00,2026-10-02,06:00 AM,1000,0,Ruta 1-B: Terraza superior,100,0,100
2026-10-01T05:01:25+00:00,2026-10-01T00:01:25-05:00,2026-10-02,06:00 AM,1000,0,Ruta 2-A: Clásico Diseñada,600,0,600
2026-10-01T05:01:25+00:00,2026-10-01T00:01:25-05:00,2026-10-02,06:00 AM,1000,0,Ruta 2-B: Terraza Inferior,100,0,100
2026-10-01T05:01:25+00:00,2026-10-01T00:01:25-05:00,2026-10-02,06:00 AM,1000,0,Ruta 3-A: Montaña Waynapicchu,50,0,50
2026-10-01T05:01:25+00:00,2026-10-01T00:01:25-05:00,2026-10-02,06:00 AM,1000,0,Ruta 3-B: Realeza diseñada,100,0,100
2026-10-01T09:01:23+00:00,2026-10-01T04:01:23-05:00,2026-10-02,06:00 AM,1000,0,Ruta 1-A: Montaña Machupicchu,50,0,50
2026-10-01T09:01:23+00:00,2026-10-01T04:01:23-05:00,2026-10-02,06:00 AM,1000,0,Ruta 1-B: Terraza superior,100,0,100
2026-10-01T09:01:23+00:00,2026-10-01T04:01:23-05:00,2026-10-02,06:00 AM,1000,0,Ruta 2-A: Clásico Diseñada,600,0,600
2026-10-01T09:01:23+00:00,2026-10-01T04:01:23-05:00,2026-10-02,06:00 AM,1000,0,Ruta 2-B: Terraza Inferior,100,0,100
2026-10-01T09:01:23+00:00,2026-10-01T04:01:23-05:00,2026-10-02,06:00 AM,1000,0,Ruta 3-A: Montaña Waynapicchu,50,0,50
2026-10-01T09:01:23+00:00,2026-10-01T04:01:23-05:00,2026-10-02,06:00 AM,1000,0,Ruta 3-B: Realeza diseñada,100,0,100
2026-10-01T09:16:11+00:00,2026-10-01T04:16:11-05:00,2026-10-02,06:00 AM,1000,0,Ruta 1-A: Montaña Machupicchu,50,0,50
2026-10-01T09:16:11+00:00,2026-10-01T04:16:11-05:00,2026-10-02,06:00 AM,1000,0,Ruta 1-B: Terraza superior,100,0,100
2026-10-01T09:16:11+00:00,2026-10-01T04:16:11-05:00,2026-10-02,06:00 AM,1000,0,Ruta 2-A: Clásico Diseñada,600,0,600
2026-10-01T09:16:11+00:00,2026-10-01T04:16:11-05:00,2026-10-02,06:00 AM,1000,0,Ruta 2-B: Terraza Inferior,100,0,100
2026-10-01T09:16:11+00:00,2026-10-01T04:16:11-05:00,2026-10-02,06:00 AM,1000,0,Ruta 3-A: Montaña Waynapicchu,50,0,50
2026-10-01T09:16:11+00:00,2026-10-01T04:16:11-05:00,2026-10-02,06:00 AM,1000,0,Ruta 3-B: Realeza diseñada,100,0,100
2026-10-01T09:31:09+00:00,2026-10-01T04:31:09-05:00,2026-10-02,06:00 AM,1000,0,Ruta 1-A: Montaña Machupicchu,50,0,50
2026-10-01T09:31:09+00:00,2026-10-01T04:31:09-05:00,2026-10-02,06:00 AM,1000,0,Ruta 1-B: Terraza superior,100,0,100
2026-10-01T09:31:09+00:00,2026-10-01T04:31:09-05:00,2026-10-02,06:00 AM,1000,0,Ruta 2-A: Clásico Diseñada,600,0,600
2026-10-01T09:31:09+00:00,2026-10-01T04:31:09-05:00,2026-10-02,06:00 AM,1000,0,Ruta 2-B: Terraza Inferior,100,0,100
2026-10-01T09:31:09+00:00,2026-10-01T04:31:09-05:00,2026-10-02,06:00 AM,1000,0,Ruta 3-A: Montaña Waynapicchu,50,0,50
2026-10-01T09:31:09+00:00,2026-10-01T04:31:09-05:00,2026-10-02,06:00 AM,1000,0,Ruta 3-B: Realeza diseñada,100,0,100
2026-10-01T09:46:08+00:00,2026-10-01T04:46:08-05:00,2026-10-02,06:00 AM,1000,0,Ruta 1-A: Montaña Machupicchu,50,0,50
2026-10-01T09:46:08+00:00,2026-10-01T04:46:08-05:00,2026-10-02,06:00 AM,1000,0,Ruta 1-B: Terraza superior,100,0,100
2026-10-01T09:46:08+00:00,2026-10-01T04:46:08-05:00,2026-10-02,06:00 AM,1000,0,Ruta 2-A: Clásico Diseñada,600,0,600
2026-10-01T09:46:08+00:00,2026-10-01T04:46:08-05:00,2026-10-02,06:00 AM,1000,0,Ruta 2-B: Terraza Inferior,100,0,100
2026-10-01T09:46:08+00:00,2026-10-01T04:46:08-05:00,2026-10-02,06:00 AM,1000,0,Ruta 3-A: Montaña Waynapicchu,50,0,50
2026-10-01T09:46:08+00:00,2026-10-01T04:46:08-05:00,2026-10-02,06:00 AM,1000,0,Ruta 3-B: Realeza diseñada,100,0,100
2026-10-01T10:01:38+00:00,2026-10-01T05:01:38-05:00,2026-10-02,06:00 AM,1000,0,Ruta 1-A: Montaña Machupicchu,50,0,50
2026-10-01T10:01:38+00:00,2026-10-01T05:01:38-05:00,2026-10-02,06:00 AM,1000,0,Ruta 1-B: Terraza superior,100,0,100
2026-10-01T10:01:38+00:00,2026-10-01T05:01:38-05:00,2026-10-02,06:00 AM,1000,0,Ruta 2-A: Clásico Diseñada,600,0,600
2026-10-01T10:01:38+00:00,2026-10-01T05:01:38-05:00,2026-10-02,06:00 AM,1000,0,Ruta 2-B: Terraza Inferior,100,0,100
2026-10-01T10:01:38+00:00,2026-10-01T05:01:38-05:00,2026-10-02,06:00 AM,1000,0,Ruta 3-A: Montaña Waynapicchu,50,0,50
2026-10-01T10:01:38+00:00,2026-10-01T05:01:38-05:00,2026-10-02,06:00 AM,1000,0,Ruta 3-B: Realeza diseñada,100,0,100
2026-10-01T10:16:29+00:00,2026-10-01T05:16:29-05:00,2026-10-02,06:00 AM,1000,0,Ruta 1-A: Montaña Machupicchu,50,0,50
2026-10-01T10:16:29+00:00,2026-10-01T05:16:29-05:00,2026-10-02,06:00 AM,1000,0,Ruta 1-B: Terraza superior,100,0,100
2026-10-01T10:16:29+00:00,2026-10-01T05:16:29-05:00,2026-10-02,06:00 AM,1000,0,Ruta 2-A: Clásico Diseñada,600,0,600
2026-10-01T10:16:29+00:00,2026-10-01T05:16:29-05:00,2026-10-02,06:00 AM,1000,0,Ruta 2-B: Terraza Inferior,100,0,100
2026-10-01T10:16:29+00:00,2026-10-01T05:16:29-05:00,2026-10-02,06:00 AM,1000,0,Ruta 3-A: Montaña Waynapicchu,50,0,50
2026-10-01T10:16:29+00:00,2026-10-01T05:16:29-05:00,2026-10-02,06:00 AM,1000,0,Ruta 3-B: Realeza diseñada,100,0,100
2026-10-01T10:31:13+00:00,2026-10-01T05:31:13-05:00,2026-10-02,06:00 AM,1000,0,Ruta 1-A: Montaña Machupicchu,50,0,50
2026-10-01T10:31:13+00:00,2026-10-01T05:31:13-05:00,2026-10-02,06:00 AM,1000,0,Ruta 1-B: Terraza superior,100,0,100
2026-10-01T10:31:13+00:00,2026-10-01T05:31:13-05:00,2026-10-02,06:00 AM,1000,0,Ruta 2-A: Clásico Diseñada,600,0,600
2026-10-01T10:31:13+00:00,2026-10-01T05:31:13-05:00,2026-10-02,06:00 AM,1000,0,Ruta 2-B: Terraza Inferior,100,0,100
2026-10-01T10:31:13+00:00,2026-10-01T05:31:13-05:00,2026-10-02,06:00 AM,1000,0,Ruta 3-A: Montaña Waynapicchu,50,0,50
2026-10-01T10:31:13+00:00,2026-10-01T05:31:13-05:00,2026-10-02,06:00 AM,1000,0,Ruta 3-B: Realeza diseñada,100,0,100
2026-10-01T10:45:51+00:00,2026-10-01T05:45:51-05:00,2026-10-02,06:00 AM,1000,0,Ruta 1-A: Montaña Machupicchu,50,0,50
2026-10-01T10:45:51+00:00,2026-10-01T05:45:51-05:00,2026-10-02,06:00 AM,1000,0,Ruta 1-B: Terraza superior,100,0,100
2026-10-01T10:45:51+00:00,2026-10-01T05:45:51-05:00,2026-10-02,06:00 AM,1000,0,Ruta 2-A: Clásico Diseñada,600,0,600
2026-10-01T10:45:51+00:00,2026-10-01T05:45:51-05:00,2026-10-02,06:00 AM,1000,0,Ruta 2-B: Terraza Inferior,100,0,100
2026-10-01T10:45:51+00:00,2026-10-01T05:45:51-05:00,2026-10-02,06:00 AM,1000,0,Ruta 3-A: Montaña Waynapicchu,50,0,50
2026-10-01T10:45:51+00:00,2026-10-01T05:45:51-05:00,2026-10-02,06:00 AM,1000,0,Ruta 3-B: Realeza diseñada,100,0,100
2026-10-01T11:01:22+00:00,2026-10-01T06:01:22-05:00,2026-10-02,06:00 AM,1000,0,Ruta 1-A: Montaña Machupicchu,50,0,50
2026-10-01T11:01:22+00:00,2026-10-01T06:01:22-05:00,2026-10-02,06:00 AM,1000,0,Ruta 1-B: Terraza superior,100,0,100
2026-10-01T11:01:22+00:00,2026-10-01T06:01:22-05:00,2026-10-02,06:00 AM,1000,0,Ruta 2-A: Clásico Diseñada,600,0,600
2026-10-01T11:01:22+00:00,2026-10-01T06:01:22-05:00,2026-10-02,06:00 AM,1000,0,Ruta 2-B: Terraza Inferior,100,0,100
2026-10-01T11:01:22+00:00,2026-10-01T06:01:22-05:00,2026-10-02,06:00 AM,1000,0,Ruta 3-A: Montaña Waynapicchu,50,0,50
2026-10-01T11:01:22+00:00,2026-10-01T06:01:22-05:00,2026-10-02,06:00 AM,1000,0,Ruta 3-B: Realeza diseñada,100,0,100
2026-10-01T11:16:02+00:00,2026-10-01T06:16:02-05:00,2026-10-02,06:00 AM,953,47,Ruta 1-A: Montaña Machupicchu,50,0,50
2026-10-01T11:16:02+00:00,2026-10-01T06:16:02-05:00,2026-10-02,06:00 AM,953,47,Ruta 1-B: Terraza superior,100,0,100
2026-10-01T11:16:02+00:00,2026-10-01T06:16:02-05:00,2026-10-02,06:00 AM,953,47,Ruta 2-A: Clásico Diseñada,600,11,589
2026-10-01T11:16:02+00:00,2026-10-01T06:16:02-05:00,2026-10-02,06:00 AM,953,47,Ruta 2-B: Terraza Inferior,100,4,96
2026-10-01T11:16:02+00:00,2026-10-01T06:16:02-05:00,2026-10-02,06:00 AM,953,47,Ruta 3-A: Montaña Waynapicchu,50,0,50
2026-10-01T11:16:02+00:00,2026-10-01T06:16:02-05:00,2026-10-02,06:00 AM,953,47,Ruta 3-B: Realeza diseñada,100,0,100
2026-10-01T12:01:29+00:00,2026-10-01T07:01:29-05:00,2026-10-02,06:00 AM,801,199,Ruta 1-A: Montaña Machupicchu,50,0,50
2026-10-01T12:01:29+00:00,2026-10-01T07:01:29-05:00,2026-10-02,06:00 AM,801,199,Ruta 1-B: Terraza superior,100,1,99
2026-10-01T12:01:29+00:00,2026-10-01T07:01:29-05:00,2026-10-02,06:00 AM,801,199,Ruta 2-A: Clásico Diseñada,600,147,453
2026-10-01T12:01:29+00:00,2026-10-01T07:01:29-05:00,2026-10-02,06:00 AM,801,199,Ruta 2-B: Terraza Inferior,100,22,78
2026-10-01T12:01:29+00:00,2026-10-01T07:01:29-05:00,2026-10-02,06:00 AM,801,199,Ruta 3-A: Montaña Waynapicchu,50,3,47
2026-10-01T12:01:29+00:00,2026-10-01T07:01:29-05:00,2026-10-02,06:00 AM,801,199,Ruta 3-B: Realeza diseñada,100,0,100
2026-10-01T12:16:18+00:00,2026-10-01T07:16:18-05:00,2026-10-02,06:00 AM,762,238,Ruta 1-A: Montaña Machupicchu,50,0,50
2026-10-01T12:16:18+00:00,2026-10-01T07:16:18-05:00,2026-10-02,06:00 AM,762,238,Ruta 1-B: Terraza superior,100,1,99
2026-10-01T12:16:18+00:00,2026-10-01T07:16:18-05:00,2026-10-02,06:00 AM,762,238,Ruta 2-A: Clásico Diseñada,600,178,422
2026-10-01T12:16:18+00:00,2026-10-01T07:16:18-05:00,2026-10-02,06:00 AM,762,238,Ruta 2-B: Terraza Inferior,100,31,69
2026-10-01T12:16:18+00:00,2026-10-01T07:16:18-05:00,2026-10-02,06:00 AM,762,238,Ruta 3-A: Montaña Waynapicchu,50,5,45
2026-10-01T12:16:18+00:00,2026-10-01T07:16:18-05:00,2026-10-02,06:00 AM,762,238,Ruta 3-B: Realeza diseñada,100,0,100
2026-10-01T12:31:26+00:00,2026-10-01T07:31:26-05:00,2026-10-02,06:00 AM,753,247,Ruta 1-A: Montaña Machupicchu,50,0,50
2026-10-01T12:31:26+00:00,2026-10-01T07:31:26-05:00,2026-10-02,06:00 AM,753,247,Ruta 1-B: Terraza superior,100,5,95
2026-10-01T12:31:26+00:00,2026-10-01T07:31:26-05:00,2026-10-02,06:00 AM,753,247,Ruta 2-A: Clásico Diseñada,600,204,396
2026-10-01T12:31:26+00:00,2026-10-01T07:31:26-05:00,2026-10-02,06:00 AM,753,247,Ruta 2-B: Terraza Inferior,100,31,69
2026-10-01T12:31:26+00:00,2026-10-01T07:31:26-05:00,2026-10-02,06:00 AM,753,247,Ruta 3-A: Montaña Waynapicchu,50,6,44
2026-10-01T12:31:26+00:00,2026-10-01T07:31:26-05:00,2026-10-02,06:00 AM,753,247,Ruta 3-B: Realeza diseñada,100,0,100
2026-10-01T12:45:59+00:00,2026-10-01T07:45:59-05:00,2026-10-02,06:00 AM,750,250,Ruta 1-A: Montaña Machupicchu,50,0,50
2026-10-01T12:45:59+00:00,2026-10-01T07:45:59-05:00,2026-10-02,06:00 AM,750,250,Ruta 1-B: Terraza superior,100,5,95
2026-10-01T12:45:59+00:00,2026-10-01T07:45:59-05:00,2026-10-02,06:00 AM,750,250,Ruta 2-A: Clásico Diseñada,600,206,394
2026-10-01T12:45:59+00:00,2026-10-01T07:45:59-05:00,2026-10-02,06:00 AM,750,250,Ruta 2-B: Terraza Inferior,100,31,69
2026-10-01T12:45:59+00:00,2026-10-01T07:45:59-05:00,2026-10-02,06:00 AM,750,250,Ruta 3-A: Montaña Waynapicchu,50,6,44
2026-10-01T12:45:59+00:00,2026-10-01T07:45:59-05:00,2026-10-02,06:00 AM,750,250,Ruta 3-B: Realeza diseñada,100,0,100
2026-10-01T13:01:39+00:00,2026-10-01T08:01:39-05:00,2026-10-02,06:00 AM,735,265,Ruta 1-A: Montaña Machupicchu,50,0,50
2026-10-01T13:01:39+00:00,2026-10-01T08:01:39-05:00,2026-10-02,06:00 AM,735,265,Ruta 1-B: Terraza superior,100,6,94
2026-10-01T13:01:39+00:00,2026-10-01T08:01:39-05:00,2026-10-02,06:00 AM,735,265,Ruta 2-A: Clásico Diseñada,600,217,383
2026-10-01T13:01:39+00:00,2026-10-01T08:01:39-05:00,2026-10-02,06:00 AM,735,265,Ruta 2-B: Terraza Inferior,100,31,69
2026-10-01T13:01:39+00:00,2026-10-01T08:01:39-05:00,2026-10-02,06:00 AM,735,265,Ruta 3-A: Montaña Waynapicchu,50,8,42
2026-10-01T13:01:39+00:00,2026-10-01T08:01:39-05:00,2026-10-02,06:00 AM,735,265,Ruta 3-B: Realeza diseñada,100,0,100
2026-10-01T13:15:59+00:00,2026-10-01T08:15:59-05:00,2026-10-02,06:00 AM,724,276,Ruta 1-A: Montaña Machupicchu,50,0,50
2026-10-01T13:15:59+00:00,2026-10-01T08:15:59-05:00,2026-10-02,06:00 AM,724,276,Ruta 1-B: Terraza superior,100,8,92
2026-10-01T13:15:59+00:00,2026-10-01T08:15:59-05:00,2026-10-02,06:00 AM,724,276,Ruta 2-A: Clásico Diseñada,600,221,379
2026-10-01T13:15:59+00:00,2026-10-01T08:15:59-05:00,2026-10-02,06:00 AM,724,276,Ruta 2-B: Terraza Inferior,100,31,69
2026-10-01T13:15:59+00:00,2026-10-01T08:15:59-05:00,2026-10-02,06:00 AM,724,276,Ruta 3-A: Montaña Waynapicchu,50,10,40
2026-10-01T13:15:59+00:00,2026-10-01T08:15:59-05:00,2026-10-02,06:00 AM,724,276,Ruta 3-B: Realeza diseñada,100,0,100
2026-10-01T13:31:28+00:00,2026-10-01T08:31:28-05:00,2026-10-02,06:00 AM,684,316,Ruta 1-A: Montaña Machupicchu,50,0,50
2026-10-01T13:31:28+00:00,2026-10-01T08:31:28-05:00,2026-10-02,06:00 AM,684,316,Ruta 1-B: Terraza superior,100,8,92
2026-10-01T13:31:28+00:00,2026-10-01T08:31:28-05:00,2026-10-02,06:00 AM,684,316,Ruta 2-A: Clásico Diseñada,600,259,341
2026-10-01T13:31:28+00:00,2026-10-01T08:31:28-05:00,2026-10-02,06:00 AM,684,316,Ruta 2-B: Terraza Inferior,100,35,65
2026-10-01T13:31:28+00:00,2026-10-01T08:31:28-05:00,2026-10-02,06:00 AM,684,316,Ruta 3-A: Montaña Waynapicchu,50,10,40
2026-10-01T13:31:28+00:00,2026-10-01T08:31:28-05:00,2026-10-02,06:00 AM,684,316,Ruta 3-B: Realeza diseñada,100,0,100
2026-10-01T13:46:07+00:00,2026-10-01T08:46:07-05:00,2026-10-02,06:00 AM,678,322,Ruta 1-A: Montaña Machupicchu,50,0,50
2026-10-01T13:46:07+00:00,2026-10-01T08:46:07-05:00,2026-10-02,06:00 AM,678,322,Ruta 1-B: Terraza superior,100,8,92
2026-10-01T13:46:07+00:00,2026-10-01T08:46:07-05:00,2026-10-02,06:00 AM,678,322,Ruta 2-A: Clásico Diseñada,600,263,337
2026-10-01T13:46:07+00:00,2026-10-01T08:46:07-05:00,2026-10-02,06:00 AM,678,322,Ruta 2-B: Terraza Inferior,100,35,65
2026-10-01T13:46:07+00:00,2026-10-01T08:46:07-05:00,2026-10-02,06:00 AM,678,322,Ruta 3-A: Montaña Waynapicchu,50,10,40
2026-10-01T13:46:07+00:00,2026-10-01T08:46:07-05:00,2026-10-02,06:00 AM,678,322,Ruta 3-B: Realeza diseñada,100,0,100
2026-10-01T14:16:12+00:00,2026-10-01T09:16:12-05:00,2026-10-02,06:00 AM,662,338,Ruta 1-A: Montaña Machupicchu,50,0,50
2026-10-01T14:16:12+00:00,2026-10-01T09:16:12-05:00,2026-10-02,06:00 AM,662,338,Ruta 1-B: Terraza superior,100,8,92
2026-10-01T14:16:12+00:00,2026-10-01T09:16:12-05:00,2026-10-02,06:00 AM,662,338,Ruta 2-A: Clásico Diseñada,600,277,323
2026-10-01T14:16:12+00:00,2026-10-01T09:16:12-05:00,2026-10-02,06:00 AM,662,338,Ruta 2-B: Terraza Inferior,100,35,65
2026-10-01T14:16:12+00:00,2026-10-01T09:16:12-05:00,2026-10-02,06:00 AM,662,338,Ruta 3-A: Montaña Waynapicchu,50,14,36
2026-10-01T14:16:12+00:00,2026-10-01T09:16:12-05:00,2026-10-02,06:00 AM,662,338,Ruta 3-B: Realeza diseñada,100,2,98
2026-10-01T14:31:26+00:00,2026-10-01T09:31:26-05:00,2026-10-02,06:00 AM,649,351,Ruta 1-A: Montaña Machupicchu,50,0,50
2026-10-01T14:31:26+00:00,2026-10-01T09:31:26-05:00,2026-10-02,06:00 AM,649,351,Ruta 1-B: Terraza superior,100,8,92
2026-10-01T14:31:26+00:00,2026-10-01T09:31:26-05:00,2026-10-02,06:00 AM,649,351,Ruta 2-A: Clásico Diseñada,600,282,318
2026-10-01T14:31:26+00:00,2026-10-01T09:31:26-05:00,2026-10-02,06:00 AM,649,351,Ruta 2-B: Terraza Inferior,100,35,65
2026-10-01T14:31:26+00:00,2026-10-01T09:31:26-05:00,2026-10-02,06:00 AM,649,351,Ruta 3-A: Montaña Waynapicchu,50,16,34
2026-10-01T14:31:26+00:00,2026-10-01T09:31:26-05:00,2026-10-02,06:00 AM,649,351,Ruta 3-B: Realeza diseñada,100,4,96
2026-10-01T14:51:23+00:00,2026-10-01T09:51:23-05:00,2026-10-02,06:00 AM,635,365,Ruta 1-A: Montaña Machupicchu,50,0,50
2026-10-01T14:51:23+00:00,2026-10-01T09:51:23-05:00,2026-10-02,06:00 AM,635,365,Ruta 1-B: Terraza superior,100,9,91
2026-10-01T14:51:23+00:00,2026-10-01T09:51:23-05:00,2026-10-02,06:00 AM,635,365,Ruta 2-A: Clásico Diseñada,600,291,309
2026-10-01T14:51:23+00:00,2026-10-01T09:51:23-05:00,2026-10-02,06:00 AM,635,365,Ruta 2-B: Terraza Inferior,100,41,59
2026-10-01T14:51:23+00:00,2026-10-01T09:51:23-05:00,2026-10-02,06:00 AM,635,365,Ruta 3-A: Montaña Waynapicchu,50,17,33
2026-10-01T14:51:23+00:00,2026-10-01T09:51:23-05:00,2026-10-02,06:00 AM,635,365,Ruta 3-B: Realeza diseñada,100,4,96
2026-10-01T15:01:29+00:00,2026-10-01T10:01:29-05:00,2026-10-02,06:00 AM,635,365,Ruta 1-A: Montaña Machupicchu,50,0,50
2026-10-01T15:01:29+00:00,2026-10-01T10:01:29-05:00,2026-10-02,06:00 AM,635,365,Ruta 1-B: Terraza superior,100,9,91
2026-10-01T15:01:29+00:00,2026-10-01T10:01:29-05:00,2026-10-02,06:00 AM,635,365,Ruta 2-A: Clásico Diseñada,600,291,309
2026-10-01T15:01:29+00:00,2026-10-01T10:01:29-05:00,2026-10-02,06:00 AM,635,365,Ruta 2-B: Terraza Inferior,100,41,59
2026-10-01T15:01:29+00:00,2026-10-01T10:01:29-05:00,2026-10-02,06:00 AM,635,365,Ruta 3-A: Montaña Waynapicchu,50,17,33
2026-10-01T15:01:29+00:00,2026-10-01T10:01:29-05:00,2026-10-02,06:00 AM,635,365,Ruta 3-B: Realeza diseñada,100,4,96
2026-10-01T15:19:56+00:00,2026-10-01T10:19:56-05:00,2026-10-02,06:00 AM,630,370,Ruta 1-A: Montaña Machupicchu,50,0,50
2026-10-01T15:19:56+00:00,2026-10-01T10:19:56-05:00,2026-10-02,06:00 AM,630,370,Ruta 1-B: Terraza superior,100,9,91
2026-10-01T15:19:56+00:00,2026-10-01T10:19:56-05:00,2026-10-02,06:00 AM,630,370,Ruta 2-A: Clásico Diseñada,600,292,308
2026-10-01T15:19:56+00:00,2026-10-01T10:19:56-05:00,2026-10-02,06:00 AM,630,370,Ruta 2-B: Terraza Inferior,100,45,55
2026-10-01T15:19:56+00:00,2026-10-01T10:19:56-05:00,2026-10-02,06:00 AM,630,370,Ruta 3-A: Montaña Waynapicchu,50,17,33
2026-10-01T15:19:56+00:00,2026-10-01T10:19:56-05:00,2026-10-02,06:00 AM,630,370,Ruta 3-B: Realeza diseñada,100,4,96
2026-10-01T15:39:04+00:00,2026-10-01T10:39:04-05:00,2026-10-02,06:00 AM,614,386,Ruta 1-A: Montaña Machupicchu,50,0,50
2026-10-01T15:39:04+00:00,2026-10-01T10:39:04-05:00,2026-10-02,06:00 AM,614,386,Ruta 1-B: Terraza superior,100,9,91
2026-10-01T15:39:04+00:00,2026-10-01T10:39:04-05:00,2026-10-02,06:00 AM,614,386,Ruta 2-A: Clásico Diseñada,600,306,294
2026-10-01T15:39:04+00:00,2026-10-01T10:39:04-05:00,2026-10-02,06:00 AM,614,386,Ruta 2-B: Terraza Inferior,100,45,55
2026-10-01T15:39:04+00:00,2026-10-01T10:39:04-05:00,2026-10-02,06:00 AM,614,386,Ruta 3-A: Montaña Waynapicchu,50,18,32
2026-10-01T15:39:04+00:00,2026-10-01T10:39:04-05:00,2026-10-02,06:00 AM,614,386,Ruta 3-B: Realeza diseñada,100,4,96
2026-10-01T15:46:15+00:00,2026-10-01T10:46:15-05:00,2026-10-02,06:00 AM,609,391,Ruta 1-A: Montaña Machupicchu,50,0,50
2026-10-01T15:46:15+00:00,2026-10-01T10:46:15-05:00,2026-10-02,06:00 AM,609,391,Ruta 1-B: Terraza superior,100,9,91
2026-10-01T15:46:15+00:00,2026-10-01T10:46:15-05:00,2026-10-02,06:00 AM,609,391,Ruta 2-A: Clásico Diseñada,600,312,288
2026-10-01T15:46:15+00:00,2026-10-01T10:46:15-05:00,2026-10-02,06:00 AM,609,391,Ruta 2-B: Terraza Inferior,100,45,55
2026-10-01T15:46:15+00:00,2026-10-01T10:46:15-05:00,2026-10-02,06:00 AM,609,391,Ruta 3-A: Montaña Waynapicchu,50,18,32
2026-10-01T15:46:15+00:00,2026-10-01T10:46:15-05:00,2026-10-02,06:00 AM,609,391,Ruta 3-B: Realeza diseñada,100,4,96
2026-10-01T16:04:54+00:00,2026-10-01T11:04:54-05:00,2026-10-02,06:00 AM,591,409,Ruta 1-A: Montaña Machupicchu,50,0,50
2026-10-01T16:04:54+00:00,2026-10-01T11:04:54-05:00,2026-10-02,06:00 AM,591,409,Ruta 1-B: Terraza superior,100,9,91
2026-10-01T16:04:54+00:00,2026-10-01T11:04:54-05:00,2026-10-02,06:00 AM,591,409,Ruta 2-A: Clásico Diseñada,600,321,279
2026-10-01T16:04:54+00:00,2026-10-01T11:04:54-05:00,2026-10-02,06:00 AM,591,409,Ruta 2-B: Terraza Inferior,100,45,55
2026-10-01T16:04:54+00:00,2026-10-01T11:04:54-05:00,2026-10-02,06:00 AM,591,409,Ruta 3-A: Montaña Waynapicchu,50,18,32
2026-10-01T16:04:54+00:00,2026-10-01T11:04:54-05:00,2026-10-02,06:00 AM,591,409,Ruta 3-B: Realeza diseñada,100,4,96
2026-10-01T16:16:06+00:00,2026-10-01T11:16:06-05:00,2026-10-02,06:00 AM,569,431,Ruta 1-A: Montaña Machupicchu,50,0,50
2026-10-01T16:16:06+00:00,2026-10-01T11:16:06-05:00,2026-10-02,06:00 AM,569,431,Ruta 1-B: Terraza superior,100,9,91
2026-10-01T16:16:06+00:00,2026-10-01T11:16:06-05:00,2026-10-02,06:00 AM,569,431,Ruta 2-A: Clásico Diseñada,600,338,262
2026-10-01T16:16:06+00:00,2026-10-01T11:16:06-05:00,2026-10-02,06:00 AM,569,431,Ruta 2-B: Terraza Inferior,100,50,50
2026-10-01T16:16:06+00:00,2026-10-01T11:16:06-05:00,2026-10-02,06:00 AM,569,431,Ruta 3-A: Montaña Waynapicchu,50,18,32
2026-10-01T16:16:06+00:00,2026-10-01T11:16:06-05:00,2026-10-02,06:00 AM,569,431,Ruta 3-B: Realeza diseñada,100,4,96
2026-10-01T17:06:00+00:00,2026-10-01T12:06:00-05:00,2026-10-02,06:00 AM,540,460,Ruta 1-A: Montaña Machupicchu,50,0,50
2026-10-01T17:06:00+00:00,2026-10-01T12:06:00-05:00,2026-10-02,06:00 AM,540,460,Ruta 1-B: Terraza superior,100,9,91
2026-10-01T17:06:00+00:00,2026-10-01T12:06:00-05:00,2026-10-02,06:00 AM,540,460,Ruta 2-A: Clásico Diseñada,600,358,242
2026-10-01T17:06:00+00:00,2026-10-01T12:06:00-05:00,2026-10-02,06:00 AM,540,460,Ruta 2-B: Terraza Inferior,100,53,47
2026-10-01T17:06:00+00:00,2026-10-01T12:06:00-05:00,2026-10-02,06:00 AM,540,460,Ruta 3-A: Montaña Waynapicchu,50,20,30
2026-10-01T17:06:00+00:00,2026-10-01T12:06:00-05:00,2026-10-02,06:00 AM,540,460,Ruta 3-B: Realeza diseñada,100,4,96
2026-10-01T17:15:58+00:00,2026-10-01T12:15:58-05:00,2026-10-02,06:00 AM,527,473,Ruta 1-A: Montaña Machupicchu,50,0,50
2026-10-01T17:15:58+00:00,2026-10-01T12:15:58-05:00,2026-10-02,06:00 AM,527,473,Ruta 1-B: Terraza superior,100,9,91
2026-10-01T17:15:58+00:00,2026-10-01T12:15:58-05:00,2026-10-02,06:00 AM,527,473,Ruta 2-A: Clásico Diseñada,600,361,239
2026-10-01T17:15:58+00:00,2026-10-01T12:15:58-05:00,2026-10-02,06:00 AM,527,473,Ruta 2-B: Terraza Inferior,100,62,38
2026-10-01T17:15:58+00:00,2026-10-01T12:15:58-05:00,2026-10-02,06:00 AM,527,473,Ruta 3-A: Montaña Waynapicchu,50,20,30
2026-10-01T17:15:58+00:00,2026-10-01T12:15:58-05:00,2026-10-02,06:00 AM,527,473,Ruta 3-B: Realeza diseñada,100,4,96
2026-10-01T17:31:16+00:00,2026-10-01T12:31:16-05:00,2026-10-02,06:00 AM,503,497,Ruta 1-A: Montaña Machupicchu,50,0,50
2026-10-01T17:31:16+00:00,2026-10-01T12:31:16-05:00,2026-10-02,06:00 AM,503,497,Ruta 1-B: Terraza superior,100,9,91
2026-10-01T17:31:16+00:00,2026-10-01T12:31:16-05:00,2026-10-02,06:00 AM,503,497,Ruta 2-A: Clásico Diseñada,600,381,219
2026-10-01T17:31:16+00:00,2026-10-01T12:31:16-05:00,2026-10-02,06:00 AM,503,497,Ruta 2-B: Terraza Inferior,100,62,38
2026-10-01T17:31:16+00:00,2026-10-01T12:31:16-05:00,2026-10-02,06:00 AM,503,497,Ruta 3-A: Montaña Waynapicchu,50,20,30
2026-10-01T17:31:16+00:00,2026-10-01T12:31:16-05:00,2026-10-02,06:00 AM,503,497,Ruta 3-B: Realeza diseñada,100,4,96
2026-10-01T18:01:23+00:00,2026-10-01T13:01:23-05:00,2026-10-02,06:00 AM,489,511,Ruta 1-A: Montaña Machupicchu,50,0,50
2026-10-01T18:01:23+00:00,2026-10-01T13:01:23-05:00,2026-10-02,06:00 AM,489,511,Ruta 1-B: Terraza superior,100,9,91
2026-10-01T18:01:23+00:00,2026-10-01T13:01:23-05:00,2026-10-02,06:00 AM,489,511,Ruta 2-A: Clásico Diseñada,600,412,188
2026-10-01T18:01:23+00:00,2026-10-01T13:01:23-05:00,2026-10-02,06:00 AM,489,511,Ruta 2-B: Terraza Inferior,100,62,38
2026-10-01T18:01:23+00:00,2026-10-01T13:01:23-05:00,2026-10-02,06:00 AM,489,511,Ruta 3-A: Montaña Waynapicchu,50,20,30
2026-10-01T18:01:23+00:00,2026-10-01T13:01:23-05:00,2026-10-02,06:00 AM,489,511,Ruta 3-B: Realeza diseñada,100,4,96
2026-10-01T18:16:04+00:00,2026-10-01T13:16:04-05:00,2026-10-02,06:00 AM,487,513,Ruta 1-A: Montaña Machupicchu,50,0,50
2026-10-01T18:16:04+00:00,2026-10-01T13:16:04-05:00,2026-10-02,06:00 AM,487,513,Ruta 1-B: Terraza superior,100,9,91
2026-10-01T18:16:04+00:00,2026-10-01T13:16:04-05:00,2026-10-02,06:00 AM,487,513,Ruta 2-A: Clásico Diseñada,600,414,186
2026-10-01T18:16:04+00:00,2026-10-01T13:16:04-05:00,2026-10-02,06:00 AM,487,513,Ruta 2-B: Terraza Inferior,100,64,36
2026-10-01T18:16:04+00:00,2026-10-01T13:16:04-05:00,2026-10-02,06:00 AM,487,513,Ruta 3-A: Montaña Waynapicchu,50,20,30
2026-10-01T18:16:04+00:00,2026-10-01T13:16:04-05:00,2026-10-02,06:00 AM,487,513,Ruta 3-B: Realeza diseñada,100,4,96
2026-10-01T18:35:48+00:00,2026-10-01T13:35:48-05:00,2026-10-02,06:00 AM,474,526,Ruta 1-A: Montaña Machupicchu,50,0,50
2026-10-01T18:35:48+00:00,2026-10-01T13:35:48-05:00,2026-10-02,06:00 AM,474,526,Ruta 1-B: Terraza superior,100,10,90
2026-10-01T18:35:48+00:00,2026-10-01T13:35:48-05:00,2026-10-02,06:00 AM,474,526,Ruta 2-A: Clásico Diseñada,600,417,183
2026-10-01T18:35:48+00:00,2026-10-01T13:35:48-05:00,2026-10-02,06:00 AM,474,526,Ruta 2-B: Terraza Inferior,100,69,31
2026-10-01T18:35:48+00:00,2026-10-01T13:35:48-05:00,2026-10-02,06:00 AM,474,526,Ruta 3-A: Montaña Waynapicchu,50,20,30
2026-10-01T18:35:48+00:00,2026-10-01T13:35:48-05:00,2026-10-02,06:00 AM,474,526,Ruta 3-B: Realeza diseñada,100,4,96
2026-10-01T18:46:02+00:00,2026-10-01T13:46:02-05:00,2026-10-02,06:00 AM,470,530,Ruta 1-A: Montaña Machupicchu,50,0,50
2026-10-01T18:46:02+00:00,2026-10-01T13:46:02-05:00,2026-10-02,06:00 AM,470,530,Ruta 1-B: Terraza superior,100,10,90
2026-10-01T18:46:02+00:00,2026-10-01T13:46:02-05:00,2026-10-02,06:00 AM,470,530,Ruta 2-A: Clásico Diseñada,600,418,182
2026-10-01T18:46:02+00:00,2026-10-01T13:46:02-05:00,2026-10-02,06:00 AM,470,530,Ruta 2-B: Terraza Inferior,100,69,31
2026-10-01T18:46:02+00:00,2026-10-01T13:46:02-05:00,2026-10-02,06:00 AM,470,530,Ruta 3-A: Montaña Waynapicchu,50,20,30
2026-10-01T18:46:02+00:00,2026-10-01T13:46:02-05:00,2026-10-02,06:00 AM,470,530,Ruta 3-B: Realeza diseñada,100,4,96
2026-10-01T19:01:32+00:00,2026-10-01T14:01:32-05:00,2026-10-02,06:00 AM,468,532,Ruta 1-A: Montaña Machupicchu,50,0,50
2026-10-01T19:01:32+00:00,2026-10-01T14:01:32-05:00,2026-10-02,06:00 AM,468,532,Ruta 1-B: Terraza superior,100,10,90
2026-10-01T19:01:32+00:00,2026-10-01T14:01:32-05:00,2026-10-02,06:00 AM,468,532,Ruta 2-A: Clásico Diseñada,600,420,180
2026-10-01T19:01:32+00:00,2026-10-01T14:01:32-05:00,2026-10-02,06:00 AM,468,532,Ruta 2-B: Terraza Inferior,100,73,27
2026-10-01T19:01:32+00:00,2026-10-01T14:01:32-05:00,2026-10-02,06:00 AM,468,532,Ruta 3-A: Montaña Waynapicchu,50,20,30
2026-10-01T19:01:32+00:00,2026-10-01T14:01:32-05:00,2026-10-02,06:00 AM,468,532,Ruta 3-B: Realeza diseñada,100,4,96
2026-10-01T19:20:57+00:00,2026-10-01T14:20:57-05:00,2026-10-02,06:00 AM,439,561,Ruta 1-A: Montaña Machupicchu,50,0,50
2026-10-01T19:20:57+00:00,2026-10-01T14:20:57-05:00,2026-10-02,06:00 AM,439,561,Ruta 1-B: Terraza superior,100,10,90
2026-10-01T19:20:57+00:00,2026-10-01T14:20:57-05:00,2026-10-02,06:00 AM,439,561,Ruta 2-A: Clásico Diseñada,600,422,178
2026-10-01T19:20:57+00:00,2026-10-01T14:20:57-05:00,2026-10-02,06:00 AM,439,561,Ruta 2-B: Terraza Inferior,100,73,27
2026-10-01T19:20:57+00:00,2026-10-01T14:20:57-05:00,2026-10-02,06:00 AM,439,561,Ruta 3-A: Montaña Waynapicchu,50,20,30
2026-10-01T19:20:57+00:00,2026-10-01T14:20:57-05:00,2026-10-02,06:00 AM,439,561,Ruta 3-B: Realeza diseñada,100,12,88
2026-10-01T19:31:28+00:00,2026-10-01T14:31:28-05:00,2026-10-02,06:00 AM,437,563,Ruta 1-A: Montaña Machupicchu,50,0,50
2026-10-01T19:31:28+00:00,2026-10-01T14:31:28-05:00,2026-10-02,06:00 AM,437,563,Ruta 1-B: Terraza superior,100,10,90
2026-10-01T19:31:28+00:00,2026-10-01T14:31:28-05:00,2026-10-02,06:00 AM,437,563,Ruta 2-A: Clásico Diseñada,600,426,174
2026-10-01T19:31:28+00:00,2026-10-01T14:31:28-05:00,2026-10-02,06:00 AM,437,563,Ruta 2-B: Terraza Inferior,100,73,27
2026-10-01T19:31:28+00:00,2026-10-01T14:31:28-05:00,2026-10-02,06:00 AM,437,563,Ruta 3-A: Montaña Waynapicchu,50,20,30
2026-10-01T19:31:28+00:00,2026-10-01T14:31:28-05:00,2026-10-02,06:00 AM,437,563,Ruta 3-B: Realeza diseñada,100,17,83
2026-10-01T19:46:04+00:00,2026-10-01T14:46:04-05:00,2026-10-02,06:00 AM,411,589,Ruta 1-A: Montaña Machupicchu,50,1,49
2026-10-01T19:46:04+00:00,2026-10-01T14:46:04-05:00,2026-10-02,06:00 AM,411,589,Ruta 1-B: Terraza superior,100,10,90
2026-10-01T19:46:04+00:00,2026-10-01T14:46:04-05:00,2026-10-02,06:00 AM,411,589,Ruta 2-A: Clásico Diseñada,600,435,165
2026-10-01T19:46:04+00:00,2026-10-01T14:46:04-05:00,2026-10-02,06:00 AM,411,589,Ruta 2-B: Terraza Inferior,100,75,25
2026-10-01T19:46:04+00:00,2026-10-01T14:46:04-05:00,2026-10-02,06:00 AM,411,589,Ruta 3-A: Montaña Waynapicchu,50,20,30
2026-10-01T19:46:04+00:00,2026-10-01T14:46:04-05:00,2026-10-02,06:00 AM,411,589,Ruta 3-B: Realeza diseñada,100,19,81
2026-10-01T20:01:17+00:00,2026-10-01T15:01:17-05:00,2026-10-02,06:00 AM,385,615,Ruta 1-A: Montaña Machupicchu,50,1,49
2026-10-01T20:01:17+00:00,2026-10-01T15:01:17-05:00,2026-10-02,06:00 AM,385,615,Ruta 1-B: Terraza superior,100,12,88
2026-10-01T20:01:17+00:00,2026-10-01T15:01:17-05:00,2026-10-02,06:00 AM,385,615,Ruta 2-A: Clásico Diseñada,600,443,157
2026-10-01T20:01:17+00:00,2026-10-01T15:01:17-05:00,2026-10-02,06:00 AM,385,615,Ruta 2-B: Terraza Inferior,100,78,22
2026-10-01T20:01:17+00:00,2026-10-01T15:01:17-05:00,2026-10-02,06:00 AM,385,615,Ruta 3-A: Montaña Waynapicchu,50,20,30
2026-10-01T20:01:17+00:00,2026-10-01T15:01:17-05:00,2026-10-02,06:00 AM,385,615,Ruta 3-B: Realeza diseñada,100,34,66
2026-10-01T20:16:00+00:00,2026-10-01T15:16:00-05:00,2026-10-02,06:00 AM,369,631,Ruta 1-A: Montaña Machupicchu,50,3,47
2026-10-01T20:16:00+00:00,2026-10-01T15:16:00-05:00,2026-10-02,06:00 AM,369,631,Ruta 1-B: Terraza superior,100,12,88
2026-10-01T20:16:00+00:00,2026-10-01T15:16:00-05:00,2026-10-02,06:00 AM,369,631,Ruta 2-A: Clásico Diseñada,600,458,142
2026-10-01T20:16:00+00:00,2026-10-01T15:16:00-05:00,2026-10-02,06:00 AM,369,631,Ruta 2-B: Terraza Inferior,100,81,19
2026-10-01T20:16:00+00:00,2026-10-01T15:16:00-05:00,2026-10-02,06:00 AM,369,631,Ruta 3-A: Montaña Waynapicchu,50,20,30
2026-10-01T20:16:00+00:00,2026-10-01T15:16:00-05:00,2026-10-02,06:00 AM,369,631,Ruta 3-B: Realeza diseñada,100,34,66
2026-10-01T20:31:32+00:00,2026-10-01T15:31:32-05:00,2026-10-02,06:00 AM,355,645,Ruta 1-A: Montaña Machupicchu,50,3,47
2026-10-01T20:31:32+00:00,2026-10-01T15:31:32-05:00,2026-10-02,06:00 AM,355,645,Ruta 1-B: Terraza superior,100,16,84
2026-10-01T20:31:32+00:00,2026-10-01T15:31:32-05:00,2026-10-02,06:00 AM,355,645,Ruta 2-A: Clásico Diseñada,600,470,130
2026-10-01T20:31:32+00:00,2026-10-01T15:31:32-05:00,2026-10-02,06:00 AM,355,645,Ruta 2-B: Terraza Inferior,100,83,17
2026-10-01T20:31:32+00:00,2026-10-01T15:31:32-05:00,2026-10-02,06:00 AM,355,645,Ruta 3-A: Montaña Waynapicchu,50,20,30
2026-10-01T20:31:32+00:00,2026-10-01T15:31:32-05:00,2026-10-02,06:00 AM,355,645,Ruta 3-B: Realeza diseñada,100,34,66
2026-10-01T20:45:57+00:00,2026-10-01T15:45:57-05:00,2026-10-02,06:00 AM,345,655,Ruta 1-A: Montaña Machupicchu,50,3,47
2026-10-01T20:45:57+00:00,2026-10-01T15:45:57-05:00,2026-10-02,06:00 AM,345,655,Ruta 1-B: Terraza superior,100,17,83
2026-10-01T20:45:57+00:00,2026-10-01T15:45:57-05:00,2026-10-02,06:00 AM,345,655,Ruta 2-A: Clásico Diseñada,600,473,127
2026-10-01T20:45:57+00:00,2026-10-01T15:45:57-05:00,2026-10-02,06:00 AM,345,655,Ruta 2-B: Terraza Inferior,100,84,16
2026-10-01T20:45:57+00:00,2026-10-01T15:45:57-05:00,2026-10-02,06:00 AM,345,655,Ruta 3-A: Montaña Waynapicchu,50,20,30
2026-10-01T20:45:57+00:00,2026-10-01T15:45:57-05:00,2026-10-02,06:00 AM,345,655,Ruta 3-B: Realeza diseñada,100,34,66
2026-10-01T21:01:26+00:00,2026-10-01T16:01:26-05:00,2026-10-02,06:00 AM,331,669,Ruta 1-A: Montaña Machupicchu,50,4,46
2026-10-01T21:01:26+00:00,2026-10-01T16:01:26-05:00,2026-10-02,06:00 AM,331,669,Ruta 1-B: Terraza superior,100,17,83
2026-10-01T21:01:26+00:00,2026-10-01T16:01:26-05:00,2026-10-02,06:00 AM,331,669,Ruta 2-A: Clásico Diseñada,600,479,121
2026-10-01T21:01:26+00:00,2026-10-01T16:01:26-05:00,2026-10-02,06:00 AM,331,669,Ruta 2-B: Terraza Inferior,100,84,16
2026-10-01T21:01:26+00:00,2026-10-01T16:01:26-05:00,2026-10-02,06:00 AM,331,669,Ruta 3-A: Montaña Waynapicchu,50,23,27
2026-10-01T21:01:26+00:00,2026-10-01T16:01:26-05:00,2026-10-02,06:00 AM,331,669,Ruta 3-B: Realeza diseñada,100,41,59
2026-10-01T21:16:06+00:00,2026-10-01T16:16:06-05:00,2026-10-02,06:00 AM,326,674,Ruta 1-A: Montaña Machupicchu,50,4,46
2026-10-01T21:16:06+00:00,2026-10-01T16:16:06-05:00,2026-10-02,06:00 AM,326,674,Ruta 1-B: Terraza superior,100,17,83
2026-10-01T21:16:06+00:00,2026-10-01T16:16:06-05:00,2026-10-02,06:00 AM,326,674,Ruta 2-A: Clásico Diseñada,600,482,118
2026-10-01T21:16:06+00:00,2026-10-01T16:16:06-05:00,2026-10-02,06:00 AM,326,674,Ruta 2-B: Terraza Inferior,100,84,16
2026-10-01T21:16:06+00:00,2026-10-01T16:16:06-05:00,2026-10-02,06:00 AM,326,674,Ruta 3-A: Montaña Waynapicchu,50,24,26
2026-10-01T21:16:06+00:00,2026-10-01T16:16:06-05:00,2026-10-02,06:00 AM,326,674,Ruta 3-B: Realeza diseñada,100,41,59
2026-10-01T21:31:29+00:00,2026-10-01T16:31:29-05:00,2026-10-02,06:00 AM,319,681,Ruta 1-A: Montaña Machupicchu,50,4,46
2026-10-01T21:31:29+00:00,2026-10-01T16:31:29-05:00,2026-10-02,06:00 AM,319,681,Ruta 1-B: Terraza superior,100,17,83
2026-10-01T21:31:29+00:00,2026-10-01T16:31:29-05:00,2026-10-02,06:00 AM,319,681,Ruta 2-A: Clásico Diseñada,600,484,116
2026-10-01T21:31:29+00:00,2026-10-01T16:31:29-05:00,2026-10-02,06:00 AM,319,681,Ruta 2-B: Terraza Inferior,100,84,16
2026-10-01T21:31:29+00:00,2026-10-01T16:31:29-05:00,2026-10-02,06:00 AM,319,681,Ruta 3-A: Montaña Waynapicchu,50,24,26
2026-10-01T21:31:29+00:00,2026-10-01T16:31:29-05:00,2026-10-02,06:00 AM,319,681,Ruta 3-B: Realeza diseñada,100,41,59
2026-10-01T21:45:50+00:00,2026-10-01T16:45:50-05:00,2026-10-02,06:00 AM,309,691,Ruta 1-A: Montaña Machupicchu,50,4,46
2026-10-01T21:45:50+00:00,2026-10-01T16:45:50-05:00,2026-10-02,06:00 AM,309,691,Ruta 1-B: Terraza superior,100,20,80
2026-10-01T21:45:50+00:00,2026-10-01T16:45:50-05:00,2026-10-02,06:00 AM,309,691,Ruta 2-A: Clásico Diseñada,600,491,109
2026-10-01T21:45:50+00:00,2026-10-01T16:45:50-05:00,2026-10-02,06:00 AM,309,691,Ruta 2-B: Terraza Inferior,100,84,16
2026-10-01T21:45:50+00:00,2026-10-01T16:45:50-05:00,2026-10-02,06:00 AM,309,691,Ruta 3-A: Montaña Waynapicchu,50,24,26
2026-10-01T21:45:50+00:00,2026-10-01T16:45:50-05:00,2026-10-02,06:00 AM,309,691,Ruta 3-B: Realeza diseñada,100,43,57
2026-10-01T21:46:59+00:00,2026-10-01T16:46:59-05:00,2026-10-02,06:00 AM,307,693,Ruta 1-A: Montaña Machupicchu,50,4,46
2026-10-01T21:46:59+00:00,2026-10-01T16:46:59-05:00,2026-10-02,06:00 AM,307,693,Ruta 1-B: Terraza superior,100,20,80
2026-10-01T21:46:59+00:00,2026-10-01T16:46:59-05:00,2026-10-02,06:00 AM,307,693,Ruta 2-A: Clásico Diseñada,600,491,109
2026-10-01T21:46:59+00:00,2026-10-01T16:46:59-05:00,2026-10-02,06:00 AM,307,693,Ruta 2-B: Terraza Inferior,100,84,16
2026-10-01T21:46:59+00:00,2026-10-01T16:46:59-05:00,2026-10-02,06:00 AM,307,693,Ruta 3-A: Montaña Waynapicchu,50,24,26
2026-10-01T21:46:59+00:00,2026-10-01T16:46:59-05:00,2026-10-02,06:00 AM,307,693,Ruta 3-B: Realeza diseñada,100,43,57
2026-10-01T23:02:27+00:00,2026-10-01T18:02:27-05:00,2026-10-02,06:00 AM,269,731,Ruta 1-A: Montaña Machupicchu,50,4,46
2026-10-01T23:02:27+00:00,2026-10-01T18:02:27-05:00,2026-10-02,06:00 AM,269,731,Ruta 1-B: Terraza superior,100,22,78
2026-10-01T23:02:27+00:00,2026-10-01T18:02:27-05:00,2026-10-02,06:00 AM,269,731,Ruta 2-A: Clásico Diseñada,600,517,83
2026-10-01T23:02:27+00:00,2026-10-01T18:02:27-05:00,2026-10-02,06:00 AM,269,731,Ruta 2-B: Terraza Inferior,100,84,16
2026-10-01T23:02:27+00:00,2026-10-01T18:02:27-05:00,2026-10-02,06:00 AM,269,731,Ruta 3-A: Montaña Waynapicchu,50,30,20
2026-10-01T23:02:27+00:00,2026-10-01T18:02:27-05:00,2026-10-02,06:00 AM,269,731,Ruta 3-B: Realeza diseñada,100,47,53
2026-10-02T01:01:22+00:00,2026-10-01T20:01:22-05:00,2026-10-03,06:00 AM,1000,0,Ruta 1-A: Montaña Machupicchu,50,0,50
2026-10-02T01:01:22+00:00,2026-10-01T20:01:22-05:00,2026-10-03,06:00 AM,1000,0,Ruta 1-B: Terraza superior,100,0,100
2026-10-02T01:01:22+00:00,2026-10-01T20:01:22-05:00,2026-10-03,06:00 AM,1000,0,Ruta 2-A: Clásico Diseñada,600,0,600
2026-10-02T01:01:22+00:00,2026-10-01T20:01:22-05:00,2026-10-03,06:00 AM,1000,0,Ruta 2-B: Terraza Inferior,100,0,100
2026-10-02T01:01:22+00:00,2026-10-01T20:01:22-05:00,2026-10-03,06:00 AM,1000,0,Ruta 3-A: Montaña Waynapicchu,50,0,50
2026-10-02T01:01:22+00:00,2026-10-01T20:01:22-05:00,2026-10-03,06:00 AM,1000,0,Ruta 3-B: Realeza diseñada,100,0,100
2026-10-02T01:17:32+00:00,2026-10-01T20:17:32-05:00,2026-10-03,06:00 AM,1000,0,Ruta 1-A: Montaña Machupicchu,50,0,50
2026-10-02T01:17:32+00:00,2026-10-01T20:17:32-05:00,2026-10-03,06:00 AM,1000,0,Ruta 1-B: Terraza superior,100,0,100
2026-10-02T01:17:32+00:00,2026-10-01T20:17:32-05:00,2026-10-03,06:00 AM,1000,0,Ruta 2-A: Clásico Diseñada,600,0,600
2026-10-02T01:17:32+00:00,2026-10-01T20:17:32-05:00,2026-10-03,06:00 AM,1000,0,Ruta 2-B: Terraza Inferior,100,0,100
2026-10-02T01:17:32+00:00,2026-10-01T20:17:32-05:00,2026-10-03,06:00 AM,1000,0,Ruta 3-A: Montaña Waynapicchu,50,0,50
2026-10-02T01:17:32+00:00,2026-10-01T20:17:32-05:00,2026-10-03,06:00 AM,1000,0,Ruta 3-B: Realeza diseñada,100,0,100
2026-10-02T02:44:27+00:00,2026-10-01T21:44:27-05:00,2026-10-03,06:00 AM,1000,0,Ruta 1-A: Montaña Machupicchu,50,0,50
2026-10-02T02:44:27+00:00,2026-10-01T21:44:27-05:00,2026-10-03,06:00 AM,1000,0,Ruta 1-B: Terraza superior,100,0,100
2026-10-02T02:44:27+00:00,2026-10-01T21:44:27-05:00,2026-10-03,06:00 AM,1000,0,Ruta 2-A: Clásico Diseñada,600,0,600
2026-10-02T02:44:27+00:00,2026-10-01T21:44:27-05:00,2026-10-03,06:00 AM,1000,0,Ruta 2-B: Terraza Inferior,100,0,100
2026-10-02T02:44:27+00:00,2026-10-01T21:44:27-05:00,2026-10-03,06:00 AM,1000,0,Ruta 3-A: Montaña Waynapicchu,50,0,50
2026-10-02T02:44:27+00:00,2026-10-01T21:44:27-05:00,2026-10-03,06:00 AM,1000,0,Ruta 3-B: Realeza diseñada,100,0,100
2026-10-02T05:01:20+00:00,2026-10-02T00:01:20-05:00,2026-10-03,06:00 AM,1000,0,Ruta 1-A: Montaña Machupicchu,50,0,50
2026-10-02T05:01:20+00:00,2026-10-02T00:01:20-05:00,2026-10-03,06:00 AM,1000,0,Ruta 1-B: Terraza superior,100,0,100
2026-10-02T05:01:20+00:00,2026-10-02T00:01:20-05:00,2026-10-03,06:00 AM,1000,0,Ruta 2-A: Clásico Diseñada,600,0,600
2026-10-02T05:01:20+00:00,2026-10-02T00:01:20-05:00,2026-10-03,06:00 AM,1000,0,Ruta 2-B: Terraza Inferior,100,0,100
2026-10-02T05:01:20+00:00,2026-10-02T00:01:20-05:00,2026-10-03,06:00 AM,1000,0,Ruta 3-A: Montaña Waynapicchu,50,0,50
2026-10-02T05:01:20+00:00,2026-10-02T00:01:20-05:00,2026-10-03,06:00 AM,1000,0,Ruta 3-B: Realeza diseñada,100,0,100
2026-10-02T07:01:18+00:00,2026-10-02T02:01:18-05:00,2026-10-03,06:00 AM,1000,0,Ruta 1-A: Montaña Machupicchu,50,0,50
2026-10-02T07:01:18+00:00,2026-10-02T02:01:18-05:00,2026-10-03,06:00 AM,1000,0,Ruta 1-B: Terraza superior,100,0,100
2026-10-02T07:01:18+00:00,2026-10-02T02:01:18-05:00,2026-10-03,06:00 AM,1000,0,Ruta 2-A: Clásico Diseñada,600,0,600
2026-10-02T07:01:18+00:00,2026-10-02T02:01:18-05:00,2026-10-03,06:00 AM,1000,0,Ruta 2-B: Terraza Inferior,100,0,100
2026-10-02T07:01:18+00:00,2026-10-02T02:01:18-05:00,2026-10-03,06:00 AM,1000,0,Ruta 3-A: Montaña Waynapicchu,50,0,50
2026-10-02T07:01:18+00:00,2026-10-02T02:01:18-05:00,2026-10-03,06:00 AM,1000,0,Ruta 3-B: Realeza diseñada,100,0,100
2026-10-02T09:01:23+00:00,2026-10-02T04:01:23-05:00,2026-10-03,06:00 AM,1000,0,Ruta 1-A: Montaña Machupicchu,50,0,50
2026-10-02T09:01:23+00:00,2026-10-02T04:01:23-05:00,2026-10-03,06:00 AM,1000,0,Ruta 1-B: Terraza superior,100,0,100
2026-10-02T09:01:23+00:00,2026-10-02T04:01:23-05:00,2026-10-03,06:00 AM,1000,0,Ruta 2-A: Clásico Diseñada,600,0,600
2026-10-02T09:01:23+00:00,2026-10-02T04:01:23-05:00,2026-10-03,06:00 AM,1000,0,Ruta 2-B: Terraza Inferior,100,0,100
2026-10-02T09:01:23+00:00,2026-10-02T04:01:23-05:00,2026-10-03,06:00 AM,1000,0,Ruta 3-A: Montaña Waynapicchu,50,0,50
2026-10-02T09:01:23+00:00,2026-10-02T04:01:23-05:00,2026-10-03,06:00 AM,1000,0,Ruta 3-B: Realeza diseñada,100,0,100
2026-10-02T09:16:10+00:00,2026-10-02T04:16:10-05:00,2026-10-03,06:00 AM,1000,0,Ruta 1-A: Montaña Machupicchu,50,0,50
2026-10-02T09:16:10+00:00,2026-10-02T04:16:10-05:00,2026-10-03,06:00 AM,1000,0,Ruta 1-B: Terraza superior,100,0,100
2026-10-02T09:16:10+00:00,2026-10-02T04:16:10-05:00,2026-10-03,06:00 AM,1000,0,Ruta 2-A: Clásico Diseñada,600,0,600
2026-10-02T09:16:10+00:00,2026-10-02T04:16:10-05:00,2026-10-03,06:00 AM,1000,0,Ruta 2-B: Terraza Inferior,100,0,100
2026-10-02T09:16:10+00:00,2026-10-02T04:16:10-05:00,2026-10-03,06:00 AM,1000,0,Ruta 3-A: Montaña Waynapicchu,50,0,50
2026-10-02T09:16:10+00:00,2026-10-02T04:16:10-05:00,2026-10-03,06:00 AM,1000,0,Ruta 3-B: Realeza diseñada,100,0,100
2026-10-02T09:31:10+00:00,2026-10-02T04:31:10-05:00,2026-10-03,06:00 AM,1000,0,Ruta 1-A: Montaña Machupicchu,50,0,50
2026-10-02T09:31:10+00:00,2026-10-02T04:31:10-05:00,2026-10-03,06:00 AM,1000,0,Ruta 1-B: Terraza superior,100,0,100
2026-10-02T09:31:10+00:00,2026-10-02T04:31:10-05:00,2026-10-03,06:00 AM,1000,0,Ruta 2-A: Clásico Diseñada,600,0,600
2026-10-02T09:31:10+00:00,2026-10-02T04:31:10-05:00,2026-10-03,06:00 AM,1000,0,Ruta 2-B: Terraza Inferior,100,0,100
2026-10-02T09:31:10+00:00,2026-10-02T04:31:10-05:00,2026-10-03,06:00 AM,1000,0,Ruta 3-A: Montaña Waynapicchu,50,0,50
2026-10-02T09:31:10+00:00,2026-10-02T04:31:10-05:00,2026-10-03,06:00 AM,1000,0,Ruta 3-B: Realeza diseñada,100,0,100
2026-10-02T09:46:01+00:00,2026-10-02T04:46:01-05:00,2026-10-03,06:00 AM,1000,0,Ruta 1-A: Montaña Machupicchu,50,0,50
2026-10-02T09:46:01+00:00,2026-10-02T04:46:01-05:00,2026-10-03,06:00 AM,1000,0,Ruta 1-B: Terraza superior,100,0,100
2026-10-02T09:46:01+00:00,2026-10-02T04:46:01-05:00,2026-10-03,06:00 AM,1000,0,Ruta 2-A: Clásico Diseñada,600,0,600
2026-10-02T09:46:01+00:00,2026-10-02T04:46:01-05:00,2026-10-03,06:00 AM,1000,0,Ruta 2-B: Terraza Inferior,100,0,100
2026-10-02T09:46:01+00:00,2026-10-02T04:46:01-05:00,2026-10-03,06:00 AM,1000,0,Ruta 3-A: Montaña Waynapicchu,50,0,50
2026-10-02T09:46:01+00:00,2026-10-02T04:46:01-05:00,2026-10-03,06:00 AM,1000,0,Ruta 3-B: Realeza diseñada,100,0,100
2026-10-02T10:06:16+00:00,2026-10-02T05:06:16-05:00,2026-10-03,06:00 AM,1000,0,Ruta 1-A: Montaña Machupicchu,50,0,50
2026-10-02T10:06:16+00:00,2026-10-02T05:06:16-05:00,2026-10-03,06:00 AM,1000,0,Ruta 1-B: Terraza superior,100,0,100
2026-10-02T10:06:16+00:00,2026-10-02T05:06:16-05:00,2026-10-03,06:00 AM,1000,0,Ruta 2-A: Clásico Diseñada,600,0,600
2026-10-02T10:06:16+00:00,2026-10-02T05:06:16-05:00,2026-10-03,06:00 AM,1000,0,Ruta 2-B: Terraza Inferior,100,0,100
2026-10-02T10:06:16+00:00,2026-10-02T05:06:16-05:00,2026-10-03,06:00 AM,1000,0,Ruta 3-A: Montaña Waynapicchu,50,0,50
2026-10-02T10:06:16+00:00,2026-10-02T05:06:16-05:00,2026-10-03,06:00 AM,1000,0,Ruta 3-B: Realeza diseñada,100,0,100
2026-10-02T10:15:59+00:00,2026-10-02T05:15:59-05:00,2026-10-03,06:00 AM,1000,0,Ruta 1-A: Montaña Machupicchu,50,0,50
2026-10-02T10:15:59+00:00,2026-10-02T05:15:59-05:00,2026-10-03,06:00 AM,1000,0,Ruta 1-B: Terraza superior,100,0,100
2026-10-02T10:15:59+00:00,2026-10-02T05:15:59-05:00,2026-10-03,06:00 AM,1000,0,Ruta 2-A: Clásico Diseñada,600,0,600
2026-10-02T10:15:59+00:00,2026-10-02T05:15:59-05:00,2026-10-03,06:00 AM,1000,0,Ruta 2-B: Terraza Inferior,100,0,100
2026-10-02T10:15:59+00:00,2026-10-02T05:15:59-05:00,2026-10-03,06:00 AM,1000,0,Ruta 3-A: Montaña Waynapicchu,50,0,50
2026-10-02T10:15:59+00:00,2026-10-02T05:15:59-05:00,2026-10-03,06:00 AM,1000,0,Ruta 3-B: Realeza diseñada,100,0,100
2026-10-02T10:31:11+00:00,2026-10-02T05:31:11-05:00,2026-10-03,06:00 AM,1000,0,Ruta 1-A: Montaña Machupicchu,50,0,50
2026-10-02T10:31:11+00:00,2026-10-02T05:31:11-05:00,2026-10-03,06:00 AM,1000,0,Ruta 1-B: Terraza superior,100,0,100
2026-10-02T10:31:11+00:00,2026-10-02T05:31:11-05:00,2026-10-03,06:00 AM,1000,0,Ruta 2-A: Clásico Diseñada,600,0,600
2026-10-02T10:31:11+00:00,2026-10-02T05:31:11-05:00,2026-10-03,06:00 AM,1000,0,Ruta 2-B: Terraza Inferior,100,0,100
2026-10-02T10:31:11+00:00,2026-10-02T05:31:11-05:00,2026-10-03,06:00 AM,1000,0,Ruta 3-A: Montaña Waynapicchu,50,0,50
2026-10-02T10:31:11+00:00,2026-10-02T05:31:11-05:00,2026-10-03,06:00 AM,1000,0,Ruta 3-B: Realeza diseñada,100,0,100
2026-10-02T10:45:58+00:00,2026-10-02T05:45:58-05:00,2026-10-03,06:00 AM,1000,0,Ruta 1-A: Montaña Machupicchu,50,0,50
2026-10-02T10:45:58+00:00,2026-10-02T05:45:58-05:00,2026-10-03,06:00 AM,1000,0,Ruta 1-B: Terraza superior,100,0,100
2026-10-02T10:45:58+00:00,2026-10-02T05:45:58-05:00,2026-10-03,06:00 AM,1000,0,Ruta 2-A: Clásico Diseñada,600,0,600
2026-10-02T10:45:58+00:00,2026-10-02T05:45:58-05:00,2026-10-03,06:00 AM,1000,0,Ruta 2-B: Terraza Inferior,100,0,100
2026-10-02T10:45:58+00:00,2026-10-02T05:45:58-05:00,2026-10-03,06:00 AM,1000,0,Ruta 3-A: Montaña Waynapicchu,50,0,50
2026-10-02T10:45:58+00:00,2026-10-02T05:45:58-05:00,2026-10-03,06:00 AM,1000,0,Ruta 3-B: Realeza diseñada,100,0,100
2026-10-02T11:16:22+00:00,2026-10-02T06:16:22-05:00,2026-10-03,06:00 AM,950,50,Ruta 1-A: Montaña Machupicchu,50,0,50
2026-10-02T11:16:22+00:00,2026-10-02T06:16:22-05:00,2026-10-03,06:00 AM,950,50,Ruta 1-B: Terraza superior,100,0,100
2026-10-02T11:16:22+00:00,2026-10-02T06:16:22-05:00,2026-10-03,06:00 AM,950,50,Ruta 2-A: Clásico Diseñada,600,28,572
2026-10-02T11:16:22+00:00,2026-10-02T06:16:22-05:00,2026-10-03,06:00 AM,950,50,Ruta 2-B: Terraza Inferior,100,7,93
2026-10-02T11:16:22+00:00,2026-10-02T06:16:22-05:00,2026-10-03,06:00 AM,950,50,Ruta 3-A: Montaña Waynapicchu,50,0,50
2026-10-02T11:16:22+00:00,2026-10-02T06:16:22-05:00,2026-10-03,06:00 AM,950,50,Ruta 3-B: Realeza diseñada,100,0,100
2026-10-02T11:31:10+00:00,2026-10-02T06:31:10-05:00,2026-10-03,06:00 AM,891,109,Ruta 1-A: Montaña Machupicchu,50,0,50
2026-10-02T11:31:10+00:00,2026-10-02T06:31:10-05:00,2026-10-03,06:00 AM,891,109,Ruta 1-B: Terraza superior,100,0,100
2026-10-02T11:31:10+00:00,2026-10-02T06:31:10-05:00,2026-10-03,06:00 AM,891,109,Ruta 2-A: Clásico Diseñada,600,67,533
2026-10-02T11:31:10+00:00,2026-10-02T06:31:10-05:00,2026-10-03,06:00 AM,891,109,Ruta 2-B: Terraza Inferior,100,14,86
2026-10-02T11:31:10+00:00,2026-10-02T06:31:10-05:00,2026-10-03,06:00 AM,891,109,Ruta 3-A: Montaña Waynapicchu,50,4,46
2026-10-02T11:31:10+00:00,2026-10-02T06:31:10-05:00,2026-10-03,06:00 AM,891,109,Ruta 3-B: Realeza diseñada,100,0,100
2026-10-02T11:46:08+00:00,2026-10-02T06:46:08-05:00,2026-10-03,06:00 AM,868,132,Ruta 1-A: Montaña Machupicchu,50,0,50
2026-10-02T11:46:08+00:00,2026-10-02T06:46:08-05:00,2026-10-03,06:00 AM,868,132,Ruta 1-B: Terraza superior,100,0,100
2026-10-02T11:46:08+00:00,2026-10-02T06:46:08-05:00,2026-10-03,06:00 AM,868,132,Ruta 2-A: Clásico Diseñada,600,85,515
2026-10-02T11:46:08+00:00,2026-10-02T06:46:08-05:00,2026-10-03,06:00 AM,868,132,Ruta 2-B: Terraza Inferior,100,23,77
2026-10-02T11:46:08+00:00,2026-10-02T06:46:08-05:00,2026-10-03,06:00 AM,868,132,Ruta 3-A: Montaña Waynapicchu,50,4,46
2026-10-02T11:46:08+00:00,2026-10-02T06:46:08-05:00,2026-10-03,06:00 AM,868,132,Ruta 3-B: Realeza diseñada,100,0,100
2026-10-02T12:01:32+00:00,2026-10-02T07:01:32-05:00,2026-10-03,06:00 AM,811,189,Ruta 1-A: Montaña Machupicchu,50,0,50
2026-10-02T12:01:32+00:00,2026-10-02T07:01:32-05:00,2026-10-03,06:00 AM,811,189,Ruta 1-B: Terraza superior,100,0,100
2026-10-02T12:01:32+00:00,2026-10-02T07:01:32-05:00,2026-10-03,06:00 AM,811,189,Ruta 2-A: Clásico Diseñada,600,116,484
2026-10-02T12:01:32+00:00,2026-10-02T07:01:32-05:00,2026-10-03,06:00 AM,811,189,Ruta 2-B: Terraza Inferior,100,26,74
2026-10-02T12:01:32+00:00,2026-10-02T07:01:32-05:00,2026-10-03,06:00 AM,811,189,Ruta 3-A: Montaña Waynapicchu,50,4,46
2026-10-02T12:01:32+00:00,2026-10-02T07:01:32-05:00,2026-10-03,06:00 AM,811,189,Ruta 3-B: Realeza diseñada,100,0,100
2026-10-02T12:31:11+00:00,2026-10-02T07:31:11-05:00,2026-10-03,06:00 AM,755,245,Ruta 1-A: Montaña Machupicchu,50,0,50
2026-10-02T12:31:11+00:00,2026-10-02T07:31:11-05:00,2026-10-03,06:00 AM,755,245,Ruta 1-B: Terraza superior,100,0,100
2026-10-02T12:31:11+00:00,2026-10-02T07:31:11-05:00,2026-10-03,06:00 AM,755,245,Ruta 2-A: Clásico Diseñada,600,199,401
2026-10-02T12:31:11+00:00,2026-10-02T07:31:11-05:00,2026-10-03,06:00 AM,755,245,Ruta 2-B: Terraza Inferior,100,38,62
2026-10-02T12:31:11+00:00,2026-10-02T07:31:11-05:00,2026-10-03,06:00 AM,755,245,Ruta 3-A: Montaña Waynapicchu,50,8,42
2026-10-02T12:31:11+00:00,2026-10-02T07:31:11-05:00,2026-10-03,06:00 AM,755,245,Ruta 3-B: Realeza diseñada,100,0,100
2026-10-02T12:46:08+00:00,2026-10-02T07:46:08-05:00,2026-10-03,06:00 AM,755,245,Ruta 1-A: Montaña Machupicchu,50,0,50
2026-10-02T12:46:08+00:00,2026-10-02T07:46:08-05:00,2026-10-03,06:00 AM,755,245,Ruta 1-B: Terraza superior,100,0,100
2026-10-02T12:46:08+00:00,2026-10-02T07:46:08-05:00,2026-10-03,06:00 AM,755,245,Ruta 2-A: Clásico Diseñada,600,199,401
2026-10-02T12:46:08+00:00,2026-10-02T07:46:08-05:00,2026-10-03,06:00 AM,755,245,Ruta 2-B: Terraza Inferior,100,38,62
2026-10-02T12:46:08+00:00,2026-10-02T07:46:08-05:00,2026-10-03,06:00 AM,755,245,Ruta 3-A: Montaña Waynapicchu,50,8,42
2026-10-02T12:46:08+00:00,2026-10-02T07:46:08-05:00,2026-10-03,06:00 AM,755,245,Ruta 3-B: Realeza diseñada,100,0,100
2026-10-02T13:01:26+00:00,2026-10-02T08:01:26-05:00,2026-10-03,06:00 AM,731,269,Ruta 1-A: Montaña Machupicchu,50,0,50
2026-10-02T13:01:26+00:00,2026-10-02T08:01:26-05:00,2026-10-03,06:00 AM,731,269,Ruta 1-B: Terraza superior,100,0,100
2026-10-02T13:01:26+00:00,2026-10-02T08:01:26-05:00,2026-10-03,06:00 AM,731,269,Ruta 2-A: Clásico Diseñada,600,205,395
2026-10-02T13:01:26+00:00,2026-10-02T08:01:26-05:00,2026-10-03,06:00 AM,731,269,Ruta 2-B: Terraza Inferior,100,38,62
2026-10-02T13:01:26+00:00,2026-10-02T08:01:26-05:00,2026-10-03,06:00 AM,731,269,Ruta 3-A: Montaña Waynapicchu,50,8,42
2026-10-02T13:01:26+00:00,2026-10-02T08:01:26-05:00,2026-10-03,06:00 AM,731,269,Ruta 3-B: Realeza diseñada,100,0,100
2026-10-02T13:15:58+00:00,2026-10-02T08:15:58-05:00,2026-10-03,06:00 AM,709,291,Ruta 1-A: Montaña Machupicchu,50,0,50
2026-10-02T13:15:58+00:00,2026-10-02T08:15:58-05:00,2026-10-03,06:00 AM,709,291,Ruta 1-B: Terraza superior,100,0,100
2026-10-02T13:15:58+00:00,2026-10-02T08:15:58-05:00,2026-10-03,06:00 AM,709,291,Ruta 2-A: Clásico Diseñada,600,231,369
2026-10-02T13:15:58+00:00,2026-10-02T08:15:58-05:00,2026-10-03,06:00 AM,709,291,Ruta 2-B: Terraza Inferior,100,42,58
2026-10-02T13:15:58+00:00,2026-10-02T08:15:58-05:00,2026-10-03,06:00 AM,709,291,Ruta 3-A: Montaña Waynapicchu,50,9,41
2026-10-02T13:15:58+00:00,2026-10-02T08:15:58-05:00,2026-10-03,06:00 AM,709,291,Ruta 3-B: Realeza diseñada,100,1,99
2026-10-02T13:31:17+00:00,2026-10-02T08:31:17-05:00,2026-10-03,06:00 AM,658,342,Ruta 1-A: Montaña Machupicchu,50,0,50
2026-10-02T13:31:17+00:00,2026-10-02T08:31:17-05:00,2026-10-03,06:00 AM,658,342,Ruta 1-B: Terraza superior,100,0,100
2026-10-02T13:31:17+00:00,2026-10-02T08:31:17-05:00,2026-10-03,06:00 AM,658,342,Ruta 2-A: Clásico Diseñada,600,259,341
2026-10-02T13:31:17+00:00,2026-10-02T08:31:17-05:00,2026-10-03,06:00 AM,658,342,Ruta 2-B: Terraza Inferior,100,49,51
2026-10-02T13:31:17+00:00,2026-10-02T08:31:17-05:00,2026-10-03,06:00 AM,658,342,Ruta 3-A: Montaña Waynapicchu,50,9,41
2026-10-02T13:31:17+00:00,2026-10-02T08:31:17-05:00,2026-10-03,06:00 AM,658,342,Ruta 3-B: Realeza diseñada,100,1,99
2026-10-02T13:45:56+00:00,2026-10-02T08:45:56-05:00,2026-10-03,06:00 AM,606,394,Ruta 1-A: Montaña Machupicchu,50,0,50
2026-10-02T13:45:56+00:00,2026-10-02T08:45:56-05:00,2026-10-03,06:00 AM,606,394,Ruta 1-B: Terraza superior,100,1,99
2026-10-02T13:45:56+00:00,2026-10-02T08:45:56-05:00,2026-10-03,06:00 AM,606,394,Ruta 2-A: Clásico Diseñada,600,286,314
2026-10-02T13:45:56+00:00,2026-10-02T08:45:56-05:00,2026-10-03,06:00 AM,606,394,Ruta 2-B: Terraza Inferior,100,53,47
2026-10-02T13:45:56+00:00,2026-10-02T08:45:56-05:00,2026-10-03,06:00 AM,606,394,Ruta 3-A: Montaña Waynapicchu,50,9,41
2026-10-02T13:45:56+00:00,2026-10-02T08:45:56-05:00,2026-10-03,06:00 AM,606,394,Ruta 3-B: Realeza diseñada,100,1,99
2026-10-02T14:01:21+00:00,2026-10-02T09:01:21-05:00,2026-10-03,06:00 AM,596,404,Ruta 1-A: Montaña Machupicchu,50,0,50
2026-10-02T14:01:21+00:00,2026-10-02T09:01:21-05:00,2026-10-03,06:00 AM,596,404,Ruta 1-B: Terraza superior,100,1,99
2026-10-02T14:01:21+00:00,2026-10-02T09:01:21-05:00,2026-10-03,06:00 AM,596,404,Ruta 2-A: Clásico Diseñada,600,322,278
2026-10-02T14:01:21+00:00,2026-10-02T09:01:21-05:00,2026-10-03,06:00 AM,596,404,Ruta 2-B: Terraza Inferior,100,61,39
2026-10-02T14:01:21+00:00,2026-10-02T09:01:21-05:00,2026-10-03,06:00 AM,596,404,Ruta 3-A: Montaña Waynapicchu,50,9,41
2026-10-02T14:01:21+00:00,2026-10-02T09:01:21-05:00,2026-10-03,06:00 AM,596,404,Ruta 3-B: Realeza diseñada,100,1,99
2026-10-02T14:15:59+00:00,2026-10-02T09:15:59-05:00,2026-10-03,06:00 AM,591,409,Ruta 1-A: Montaña Machupicchu,50,0,50
2026-10-02T14:15:59+00:00,2026-10-02T09:15:59-05:00,2026-10-03,06:00 AM,591,409,Ruta 1-B: Terraza superior,100,1,99
2026-10-02T14:15:59+00:00,2026-10-02T09:15:59-05:00,2026-10-03,06:00 AM,591,409,Ruta 2-A: Clásico Diseñada,600,331,269
2026-10-02T14:15:59+00:00,2026-10-02T09:15:59-05:00,2026-10-03,06:00 AM,591,409,Ruta 2-B: Terraza Inferior,100,61,39
2026-10-02T14:15:59+00:00,2026-10-02T09:15:59-05:00,2026-10-03,06:00 AM,591,409,Ruta 3-A: Montaña Waynapicchu,50,9,41
2026-10-02T14:15:59+00:00,2026-10-02T09:15:59-05:00,2026-10-03,06:00 AM,591,409,Ruta 3-B: Realeza diseñada,100,1,99
2026-10-02T14:31:33+00:00,2026-10-02T09:31:33-05:00,2026-10-03,06:00 AM,589,411,Ruta 1-A: Montaña Machupicchu,50,0,50
2026-10-02T14:31:33+00:00,2026-10-02T09:31:33-05:00,2026-10-03,06:00 AM,589,411,Ruta 1-B: Terraza superior,100,1,99
2026-10-02T14:31:33+00:00,2026-10-02T09:31:33-05:00,2026-10-03,06:00 AM,589,411,Ruta 2-A: Clásico Diseñada,600,331,269
2026-10-02T14:31:33+00:00,2026-10-02T09:31:33-05:00,2026-10-03,06:00 AM,589,411,Ruta 2-B: Terraza Inferior,100,61,39
2026-10-02T14:31:33+00:00,2026-10-02T09:31:33-05:00,2026-10-03,06:00 AM,589,411,Ruta 3-A: Montaña Waynapicchu,50,9,41
2026-10-02T14:31:33+00:00,2026-10-02T09:31:33-05:00,2026-10-03,06:00 AM,589,411,Ruta 3-B: Realeza diseñada,100,1,99
2026-10-02T14:47:48+00:00,2026-10-02T09:47:48-05:00,2026-10-03,06:00 AM,564,436,Ruta 1-A: Montaña Machupicchu,50,0,50
2026-10-02T14:47:48+00:00,2026-10-02T09:47:48-05:00,2026-10-03,06:00 AM,564,436,Ruta 1-B: Terraza superior,100,1,99
2026-10-02T14:47:48+00:00,2026-10-02T09:47:48-05:00,2026-10-03,06:00 AM,564,436,Ruta 2-A: Clásico Diseñada,600,333,267
2026-10-02T14:47:48+00:00,2026-10-02T09:47:48-05:00,2026-10-03,06:00 AM,564,436,Ruta 2-B: Terraza Inferior,100,71,29
2026-10-02T14:47:48+00:00,2026-10-02T09:47:48-05:00,2026-10-03,06:00 AM,564,436,Ruta 3-A: Montaña Waynapicchu,50,12,38
2026-10-02T14:47:48+00:00,2026-10-02T09:47:48-05:00,2026-10-03,06:00 AM,564,436,Ruta 3-B: Realeza diseñada,100,1,99
2026-10-02T15:01:29+00:00,2026-10-02T10:01:29-05:00,2026-10-03,06:00 AM,563,437,Ruta 1-A: Montaña Machupicchu,50,0,50
2026-10-02T15:01:29+00:00,2026-10-02T10:01:29-05:00,2026-10-03,06:00 AM,563,437,Ruta 1-B: Terraza superior,100,1,99
2026-10-02T15:01:29+00:00,2026-10-02T10:01:29-05:00,2026-10-03,06:00 AM,563,437,Ruta 2-A: Clásico Diseñada,600,339,261
2026-10-02T15:01:29+00:00,2026-10-02T10:01:29-05:00,2026-10-03,06:00 AM,563,437,Ruta 2-B: Terraza Inferior,100,72,28
2026-10-02T15:01:29+00:00,2026-10-02T10:01:29-05:00,2026-10-03,06:00 AM,563,437,Ruta 3-A: Montaña Waynapicchu,50,12,38
2026-10-02T15:01:29+00:00,2026-10-02T10:01:29-05:00,2026-10-03,06:00 AM,563,437,Ruta 3-B: Realeza diseñada,100,3,97
2026-10-02T15:16:04+00:00,2026-10-02T10:16:04-05:00,2026-10-03,06:00 AM,556,444,Ruta 1-A: Montaña Machupicchu,50,0,50
2026-10-02T15:16:04+00:00,2026-10-02T10:16:04-05:00,2026-10-03,06:00 AM,556,444,Ruta 1-B: Terraza superior,100,1,99
2026-10-02T15:16:04+00:00,2026-10-02T10:16:04-05:00,2026-10-03,06:00 AM,556,444,Ruta 2-A: Clásico Diseñada,600,342,258
2026-10-02T15:16:04+00:00,2026-10-02T10:16:04-05:00,2026-10-03,06:00 AM,556,444,Ruta 2-B: Terraza Inferior,100,73,27
2026-10-02T15:16:04+00:00,2026-10-02T10:16:04-05:00,2026-10-03,06:00 AM,556,444,Ruta 3-A: Montaña Waynapicchu,50,12,38
2026-10-02T15:16:04+00:00,2026-10-02T10:16:04-05:00,2026-10-03,06:00 AM,556,444,Ruta 3-B: Realeza diseñada,100,3,97
2026-10-02T15:31:22+00:00,2026-10-02T10:31:22-05:00,2026-10-03,06:00 AM,539,461,Ruta 1-A: Montaña Machupicchu,50,0,50
2026-10-02T15:31:22+00:00,2026-10-02T10:31:22-05:00,2026-10-03,06:00 AM,539,461,Ruta 1-B: Terraza superior,100,1,99
2026-10-02T15:31:22+00:00,2026-10-02T10:31:22-05:00,2026-10-03,06:00 AM,539,461,Ruta 2-A: Clásico Diseñada,600,354,246
2026-10-02T15:31:22+00:00,2026-10-02T10:31:22-05:00,2026-10-03,06:00 AM,539,461,Ruta 2-B: Terraza Inferior,100,73,27
2026-10-02T15:31:22+00:00,2026-10-02T10:31:22-05:00,2026-10-03,06:00 AM,539,461,Ruta 3-A: Montaña Waynapicchu,50,12,38
2026-10-02T15:31:22+00:00,2026-10-02T10:31:22-05:00,2026-10-03,06:00 AM,539,461,Ruta 3-B: Realeza diseñada,100,3,97
2026-10-02T15:46:02+00:00,2026-10-02T10:46:02-05:00,2026-10-03,06:00 AM,533,467,Ruta 1-A: Montaña Machupicchu,50,0,50
2026-10-02T15:46:02+00:00,2026-10-02T10:46:02-05:00,2026-10-03,06:00 AM,533,467,Ruta 1-B: Terraza superior,100,1,99
2026-10-02T15:46:02+00:00,2026-10-02T10:46:02-05:00,2026-10-03,06:00 AM,533,467,Ruta 2-A: Clásico Diseñada,600,368,232
2026-10-02T15:46:02+00:00,2026-10-02T10:46:02-05:00,2026-10-03,06:00 AM,533,467,Ruta 2-B: Terraza Inferior,100,73,27
2026-10-02T15:46:02+00:00,2026-10-02T10:46:02-05:00,2026-10-03,06:00 AM,533,467,Ruta 3-A: Montaña Waynapicchu,50,12,38
2026-10-02T15:46:02+00:00,2026-10-02T10:46:02-05:00,2026-10-03,06:00 AM,533,467,Ruta 3-B: Realeza diseñada,100,3,97
2026-10-02T16:02:06+00:00,2026-10-02T11:02:06-05:00,2026-10-03,06:00 AM,529,471,Ruta 1-A: Montaña Machupicchu,50,0,50
2026-10-02T16:02:06+00:00,2026-10-02T11:02:06-05:00,2026-10-03,06:00 AM,529,471,Ruta 1-B: Terraza superior,100,1,99
2026-10-02T16:02:06+00:00,2026-10-02T11:02:06-05:00,2026-10-03,06:00 AM,529,471,Ruta 2-A: Clásico Diseñada,600,370,230
2026-10-02T16:02:06+00:00,2026-10-02T11:02:06-05:00,2026-10-03,06:00 AM,529,471,Ruta 2-B: Terraza Inferior,100,73,27
2026-10-02T16:02:06+00:00,2026-10-02T11:02:06-05:00,2026-10-03,06:00 AM,529,471,Ruta 3-A: Montaña Waynapicchu,50,12,38
2026-10-02T16:02:06+00:00,2026-10-02T11:02:06-05:00,2026-10-03,06:00 AM,529,471,Ruta 3-B: Realeza diseñada,100,3,97
2026-10-02T16:12:52+00:00,2026-10-02T11:12:52-05:00,2026-10-03,06:00 AM,510,490,Ruta 1-A: Montaña Machupicchu,50,0,50
2026-10-02T16:12:52+00:00,2026-10-02T11:12:52-05:00,2026-10-03,06:00 AM,510,490,Ruta 1-B: Terraza superior,100,1,99
2026-10-02T16:12:52+00:00,2026-10-02T11:12:52-05:00,2026-10-03,06:00 AM,510,490,Ruta 2-A: Clásico Diseñada,600,373,227
2026-10-02T16:12:52+00:00,2026-10-02T11:12:52-05:00,2026-10-03,06:00 AM,510,490,Ruta 2-B: Terraza Inferior,100,75,25
2026-10-02T16:12:52+00:00,2026-10-02T11:12:52-05:00,2026-10-03,06:00 AM,510,490,Ruta 3-A: Montaña Waynapicchu,50,12,38
2026-10-02T16:12:52+00:00,2026-10-02T11:12:52-05:00,2026-10-03,06:00 AM,510,490,Ruta 3-B: Realeza diseñada,100,3,97
2026-10-02T16:31:12+00:00,2026-10-02T11:31:12-05:00,2026-10-03,06:00 AM,507,493,Ruta 1-A: Montaña Machupicchu,50,0,50
2026-10-02T16:31:12+00:00,2026-10-02T11:31:12-05:00,2026-10-03,06:00 AM,507,493,Ruta 1-B: Terraza superior,100,1,99
2026-10-02T16:31:12+00:00,2026-10-02T11:31:12-05:00,2026-10-03,06:00 AM,507,493,Ruta 2-A: Clásico Diseñada,600,389,211
2026-10-02T16:31:12+00:00,2026-10-02T11:31:12-05:00,2026-10-03,06:00 AM,507,493,Ruta 2-B: Terraza Inferior,100,75,25
2026-10-02T16:31:12+00:00,2026-10-02T11:31:12-05:00,2026-10-03,06:00 AM,507,493,Ruta 3-A: Montaña Waynapicchu,50,14,36
2026-10-02T16:31:12+00:00,2026-10-02T11:31:12-05:00,2026-10-03,06:00 AM,507,493,Ruta 3-B: Realeza diseñada,100,5,95
2026-10-02T16:46:07+00:00,2026-10-02T11:46:07-05:00,2026-10-03,06:00 AM,507,493,Ruta 1-A: Montaña Machupicchu,50,0,50
2026-10-02T16:46:07+00:00,2026-10-02T11:46:07-05:00,2026-10-03,06:00 AM,507,493,Ruta 1-B: Terraza superior,100,1,99
2026-10-02T16:46:07+00:00,2026-10-02T11:46:07-05:00,2026-10-03,06:00 AM,507,493,Ruta 2-A: Clásico Diseñada,600,389,211
2026-10-02T16:46:07+00:00,2026-10-02T11:46:07-05:00,2026-10-03,06:00 AM,507,493,Ruta 2-B: Terraza Inferior,100,75,25
2026-10-02T16:46:07+00:00,2026-10-02T11:46:07-05:00,2026-10-03,06:00 AM,507,493,Ruta 3-A: Montaña Waynapicchu,50,14,36
2026-10-02T16:46:07+00:00,2026-10-02T11:46:07-05:00,2026-10-03,06:00 AM,507,493,Ruta 3-B: Realeza diseñada,100,5,95
2026-10-02T17:01:22+00:00,2026-10-02T12:01:22-05:00,2026-10-03,06:00 AM,504,496,Ruta 1-A: Montaña Machupicchu,50,0,50
2026-10-02T17:01:22+00:00,2026-10-02T12:01:22-05:00,2026-10-03,06:00 AM,504,496,Ruta 1-B: Terraza superior,100,1,99
2026-10-02T17:01:22+00:00,2026-10-02T12:01:22-05:00,2026-10-03,06:00 AM,504,496,Ruta 2-A: Clásico Diseñada,600,389,211
2026-10-02T17:01:22+00:00,2026-10-02T12:01:22-05:00,2026-10-03,06:00 AM,504,496,Ruta 2-B: Terraza Inferior,100,75,25
2026-10-02T17:01:22+00:00,2026-10-02T12:01:22-05:00,2026-10-03,06:00 AM,504,496,Ruta 3-A: Montaña Waynapicchu,50,15,35
2026-10-02T17:01:22+00:00,2026-10-02T12:01:22-05:00,2026-10-03,06:00 AM,504,496,Ruta 3-B: Realeza diseñada,100,5,95
2026-10-02T17:16:13+00:00,2026-10-02T12:16:13-05:00,2026-10-03,06:00 AM,458,542,Ruta 1-A: Montaña Machupicchu,50,0,50
2026-10-02T17:16:13+00:00,2026-10-02T12:16:13-05:00,2026-10-03,06:00 AM,458,542,Ruta 1-B: Terraza superior,100,1,99
2026-10-02T17:16:13+00:00,2026-10-02T12:16:13-05:00,2026-10-03,06:00 AM,458,542,Ruta 2-A: Clásico Diseñada,600,415,185
2026-10-02T17:16:13+00:00,2026-10-02T12:16:13-05:00,2026-10-03,06:00 AM,458,542,Ruta 2-B: Terraza Inferior,100,79,21
2026-10-02T17:16:13+00:00,2026-10-02T12:16:13-05:00,2026-10-03,06:00 AM,458,542,Ruta 3-A: Montaña Waynapicchu,50,15,35
2026-10-02T17:16:13+00:00,2026-10-02T12:16:13-05:00,2026-10-03,06:00 AM,458,542,Ruta 3-B: Realeza diseñada,100,5,95
2026-10-02T17:31:10+00:00,2026-10-02T12:31:10-05:00,2026-10-03,06:00 AM,454,546,Ruta 1-A: Montaña Machupicchu,50,0,50
2026-10-02T17:31:10+00:00,2026-10-02T12:31:10-05:00,2026-10-03,06:00 AM,454,546,Ruta 1-B: Terraza superior,100,1,99
2026-10-02T17:31:10+00:00,2026-10-02T12:31:10-05:00,2026-10-03,06:00 AM,454,546,Ruta 2-A: Clásico Diseñada,600,433,167
2026-10-02T17:31:10+00:00,2026-10-02T12:31:10-05:00,2026-10-03,06:00 AM,454,546,Ruta 2-B: Terraza Inferior,100,82,18
2026-10-02T17:31:10+00:00,2026-10-02T12:31:10-05:00,2026-10-03,06:00 AM,454,546,Ruta 3-A: Montaña Waynapicchu,50,15,35
2026-10-02T17:31:10+00:00,2026-10-02T12:31:10-05:00,2026-10-03,06:00 AM,454,546,Ruta 3-B: Realeza diseñada,100,5,95
2026-10-02T17:45:57+00:00,2026-10-02T12:45:57-05:00,2026-10-03,06:00 AM,440,560,Ruta 1-A: Montaña Machupicchu,50,2,48
2026-10-02T17:45:57+00:00,2026-10-02T12:45:57-05:00,2026-10-03,06:00 AM,440,560,Ruta 1-B: Terraza superior,100,1,99
2026-10-02T17:45:57+00:00,2026-10-02T12:45:57-05:00,2026-10-03,06:00 AM,440,560,Ruta 2-A: Clásico Diseñada,600,435,165
2026-10-02T17:45:57+00:00,2026-10-02T12:45:57-05:00,2026-10-03,06:00 AM,440,560,Ruta 2-B: Terraza Inferior,100,82,18
2026-10-02T17:45:57+00:00,2026-10-02T12:45:57-05:00,2026-10-03,06:00 AM,440,560,Ruta 3-A: Montaña Waynapicchu,50,16,34
2026-10-02T17:45:57+00:00,2026-10-02T12:45:57-05:00,2026-10-03,06:00 AM,440,560,Ruta 3-B: Realeza diseñada,100,13,87
2026-10-02T18:01:22+00:00,2026-10-02T13:01:22-05:00,2026-10-03,06:00 AM,418,582,Ruta 1-A: Montaña Machupicchu,50,2,48
2026-10-02T18:01:22+00:00,2026-10-02T13:01:22-05:00,2026-10-03,06:00 AM,418,582,Ruta 1-B: Terraza superior,100,1,99
2026-10-02T18:01:22+00:00,2026-10-02T13:01:22-05:00,2026-10-03,06:00 AM,418,582,Ruta 2-A: Clásico Diseñada,600,446,154
2026-10-02T18:01:22+00:00,2026-10-02T13:01:22-05:00,2026-10-03,06:00 AM,418,582,Ruta 2-B: Terraza Inferior,100,82,18
2026-10-02T18:01:22+00:00,2026-10-02T13:01:22-05:00,2026-10-03,06:00 AM,418,582,Ruta 3-A: Montaña Waynapicchu,50,18,32
2026-10-02T18:01:22+00:00,2026-10-02T13:01:22-05:00,2026-10-03,06:00 AM,418,582,Ruta 3-B: Realeza diseñada,100,15,85
2026-10-02T18:16:00+00:00,2026-10-02T13:16:00-05:00,2026-10-03,06:00 AM,417,583,Ruta 1-A: Montaña Machupicchu,50,2,48
2026-10-02T18:16:00+00:00,2026-10-02T13:16:00-05:00,2026-10-03,06:00 AM,417,583,Ruta 1-B: Terraza superior,100,1,99
2026-10-02T18:16:00+00:00,2026-10-02T13:16:00-05:00,2026-10-03,06:00 AM,417,583,Ruta 2-A: Clásico Diseñada,600,455,145
2026-10-02T18:16:00+00:00,2026-10-02T13:16:00-05:00,2026-10-03,06:00 AM,417,583,Ruta 2-B: Terraza Inferior,100,83,17
2026-10-02T18:16:00+00:00,2026-10-02T13:16:00-05:00,2026-10-03,06:00 AM,417,583,Ruta 3-A: Montaña Waynapicchu,50,18,32
2026-10-02T18:16:00+00:00,2026-10-02T13:16:00-05:00,2026-10-03,06:00 AM,417,583,Ruta 3-B: Realeza diseñada,100,15,85
2026-10-02T18:31:16+00:00,2026-10-02T13:31:16-05:00,2026-10-03,06:00 AM,411,589,Ruta 1-A: Montaña Machupicchu,50,2,48
2026-10-02T18:31:16+00:00,2026-10-02T13:31:16-05:00,2026-10-03,06:00 AM,411,589,Ruta 1-B: Terraza superior,100,1,99
2026-10-02T18:31:16+00:00,2026-10-02T13:31:16-05:00,2026-10-03,06:00 AM,411,589,Ruta 2-A: Clásico Diseñada,600,455,145
2026-10-02T18:31:16+00:00,2026-10-02T13:31:16-05:00,2026-10-03,06:00 AM,411,589,Ruta 2-B: Terraza Inferior,100,83,17
2026-10-02T18:31:16+00:00,2026-10-02T13:31:16-05:00,2026-10-03,06:00 AM,411,589,Ruta 3-A: Montaña Waynapicchu,50,20,30
2026-10-02T18:31:16+00:00,2026-10-02T13:31:16-05:00,2026-10-03,06:00 AM,411,589,Ruta 3-B: Realeza diseñada,100,15,85
2026-10-02T18:46:05+00:00,2026-10-02T13:46:05-05:00,2026-10-03,06:00 AM,409,591,Ruta 1-A: Montaña Machupicchu,50,2,48
2026-10-02T18:46:05+00:00,2026-10-02T13:46:05-05:00,2026-10-03,06:00 AM,409,591,Ruta 1-B: Terraza superior,100,1,99
2026-10-02T18:46:05+00:00,2026-10-02T13:46:05-05:00,2026-10-03,06:00 AM,409,591,Ruta 2-A: Clásico Diseñada,600,457,143
2026-10-02T18:46:05+00:00,2026-10-02T13:46:05-05:00,2026-10-03,06:00 AM,409,591,Ruta 2-B: Terraza Inferior,100,83,17
2026-10-02T18:46:05+00:00,2026-10-02T13:46:05-05:00,2026-10-03,06:00 AM,409,591,Ruta 3-A: Montaña Waynapicchu,50,24,26
2026-10-02T18:46:05+00:00,2026-10-02T13:46:05-05:00,2026-10-03,06:00 AM,409,591,Ruta 3-B: Realeza diseñada,100,15,85
2026-10-02T19:01:29+00:00,2026-10-02T14:01:29-05:00,2026-10-03,06:00 AM,401,599,Ruta 1-A: Montaña Machupicchu,50,2,48
2026-10-02T19:01:29+00:00,2026-10-02T14:01:29-05:00,2026-10-03,06:00 AM,401,599,Ruta 1-B: Terraza superior,100,1,99
2026-10-02T19:01:29+00:00,2026-10-02T14:01:29-05:00,2026-10-03,06:00 AM,401,599,Ruta 2-A: Clásico Diseñada,600,461,139
2026-10-02T19:01:29+00:00,2026-10-02T14:01:29-05:00,2026-10-03,06:00 AM,401,599,Ruta 2-B: Terraza Inferior,100,85,15
2026-10-02T19:01:29+00:00,2026-10-02T14:01:29-05:00,2026-10-03,06:00 AM,401,599,Ruta 3-A: Montaña Waynapicchu,50,26,24
2026-10-02T19:01:29+00:00,2026-10-02T14:01:29-05:00,2026-10-03,06:00 AM,401,599,Ruta 3-B: Realeza diseñada,100,15,85
2026-10-02T19:15:59+00:00,2026-10-02T14:15:59-05:00,2026-10-03,06:00 AM,393,607,Ruta 1-A: Montaña Machupicchu,50,3,47
2026-10-02T19:15:59+00:00,2026-10-02T14:15:59-05:00,2026-10-03,06:00 AM,393,607,Ruta 1-B: Terraza superior,100,1,99
2026-10-02T19:15:59+00:00,2026-10-02T14:15:59-05:00,2026-10-03,06:00 AM,393,607,Ruta 2-A: Clásico Diseñada,600,466,134
2026-10-02T19:15:59+00:00,2026-10-02T14:15:59-05:00,2026-10-03,06:00 AM,393,607,Ruta 2-B: Terraza Inferior,100,85,15
2026-10-02T19:15:59+00:00,2026-10-02T14:15:59-05:00,2026-10-03,06:00 AM,393,607,Ruta 3-A: Montaña Waynapicchu,50,26,24
2026-10-02T19:15:59+00:00,2026-10-02T14:15:59-05:00,2026-10-03,06:00 AM,393,607,Ruta 3-B: Realeza diseñada,100,15,85
2026-10-02T19:31:18+00:00,2026-10-02T14:31:18-05:00,2026-10-03,06:00 AM,392,608,Ruta 1-A: Montaña Machupicchu,50,3,47
2026-10-02T19:31:18+00:00,2026-10-02T14:31:18-05:00,2026-10-03,06:00 AM,392,608,Ruta 1-B: Terraza superior,100,1,99
2026-10-02T19:31:18+00:00,2026-10-02T14:31:18-05:00,2026-10-03,06:00 AM,392,608,Ruta 2-A: Clásico Diseñada,600,468,132
2026-10-02T19:31:18+00:00,2026-10-02T14:31:18-05:00,2026-10-03,06:00 AM,392,608,Ruta 2-B: Terraza Inferior,100,85,15
2026-10-02T19:31:18+00:00,2026-10-02T14:31:18-05:00,2026-10-03,06:00 AM,392,608,Ruta 3-A: Montaña Waynapicchu,50,27,23
2026-10-02T19:31:18+00:00,2026-10-02T14:31:18-05:00,2026-10-03,06:00 AM,392,608,Ruta 3-B: Realeza diseñada,100,15,85
2026-10-02T19:45:59+00:00,2026-10-02T14:45:59-05:00,2026-10-03,06:00 AM,388,612,Ruta 1-A: Montaña Machupicchu,50,3,47
2026-10-02T19:45:59+00:00,2026-10-02T14:45:59-05:00,2026-10-03,06:00 AM,388,612,Ruta 1-B: Terraza superior,100,1,99
2026-10-02T19:45:59+00:00,2026-10-02T14:45:59-05:00,2026-10-03,06:00 AM,388,612,Ruta 2-A: Clásico Diseñada,600,470,130
2026-10-02T19:45:59+00:00,2026-10-02T14:45:59-05:00,2026-10-03,06:00 AM,388,612,Ruta 2-B: Terraza Inferior,100,85,15
2026-10-02T19:45:59+00:00,2026-10-02T14:45:59-05:00,2026-10-03,06:00 AM,388,612,Ruta 3-A: Montaña Waynapicchu,50,27,23
2026-10-02T19:45:59+00:00,2026-10-02T14:45:59-05:00,2026-10-03,06:00 AM,388,612,Ruta 3-B: Realeza diseñada,100,17,83
2026-10-02T20:31:09+00:00,2026-10-02T15:31:09-05:00,2026-10-03,06:00 AM,367,633,Ruta 1-A: Montaña Machupicchu,50,5,45
2026-10-02T20:31:09+00:00,2026-10-02T15:31:09-05:00,2026-10-03,06:00 AM,367,633,Ruta 1-B: Terraza superior,100,1,99
2026-10-02T20:31:09+00:00,2026-10-02T15:31:09-05:00,2026-10-03,06:00 AM,367,633,Ruta 2-A: Clásico Diseñada,600,479,121
2026-10-02T20:31:09+00:00,2026-10-02T15:31:09-05:00,2026-10-03,06:00 AM,367,633,Ruta 2-B: Terraza Inferior,100,85,15
2026-10-02T20:31:09+00:00,2026-10-02T15:31:09-05:00,2026-10-03,06:00 AM,367,633,Ruta 3-A: Montaña Waynapicchu,50,29,21
2026-10-02T20:31:09+00:00,2026-10-02T15:31:09-05:00,2026-10-03,06:00 AM,367,633,Ruta 3-B: Realeza diseñada,100,18,82
2026-10-02T20:48:40+00:00,2026-10-02T15:48:40-05:00,2026-10-03,06:00 AM,362,638,Ruta 1-A: Montaña Machupicchu,50,5,45
2026-10-02T20:48:40+00:00,2026-10-02T15:48:40-05:00,2026-10-03,06:00 AM,362,638,Ruta 1-B: Terraza superior,100,1,99
2026-10-02T20:48:40+00:00,2026-10-02T15:48:40-05:00,2026-10-03,06:00 AM,362,638,Ruta 2-A: Clásico Diseñada,600,484,116
2026-10-02T20:48:40+00:00,2026-10-02T15:48:40-05:00,2026-10-03,06:00 AM,362,638,Ruta 2-B: Terraza Inferior,100,88,12
2026-10-02T20:48:40+00:00,2026-10-02T15:48:40-05:00,2026-10-03,06:00 AM,362,638,Ruta 3-A: Montaña Waynapicchu,50,29,21
2026-10-02T20:48:40+00:00,2026-10-02T15:48:40-05:00,2026-10-03,06:00 AM,362,638,Ruta 3-B: Realeza diseñada,100,19,81
2026-10-02T21:01:23+00:00,2026-10-02T16:01:23-05:00,2026-10-03,06:00 AM,350,650,Ruta 1-A: Montaña Machupicchu,50,5,45
2026-10-02T21:01:23+00:00,2026-10-02T16:01:23-05:00,2026-10-03,06:00 AM,350,650,Ruta 1-B: Terraza superior,100,1,99
2026-10-02T21:01:23+00:00,2026-10-02T16:01:23-05:00,2026-10-03,06:00 AM,350,650,Ruta 2-A: Clásico Diseñada,600,494,106
2026-10-02T21:01:23+00:00,2026-10-02T16:01:23-05:00,2026-10-03,06:00 AM,350,650,Ruta 2-B: Terraza Inferior,100,88,12
2026-10-02T21:01:23+00:00,2026-10-02T16:01:23-05:00,2026-10-03,06:00 AM,350,650,Ruta 3-A: Montaña Waynapicchu,50,30,20
2026-10-02T21:01:23+00:00,2026-10-02T16:01:23-05:00,2026-10-03,06:00 AM,350,650,Ruta 3-B: Realeza diseñada,100,19,81
2026-10-02T21:16:01+00:00,2026-10-02T16:16:01-05:00,2026-10-03,06:00 AM,338,662,Ruta 1-A: Montaña Machupicchu,50,5,45
2026-10-02T21:16:01+00:00,2026-10-02T16:16:01-05:00,2026-10-03,06:00 AM,338,662,Ruta 1-B: Terraza superior,100,6,94
2026-10-02T21:16:01+00:00,2026-10-02T16:16:01-05:00,2026-10-03,06:00 AM,338,662,Ruta 2-A: Clásico Diseñada,600,498,102
2026-10-02T21:16:01+00:00,2026-10-02T16:16:01-05:00,2026-10-03,06:00 AM,338,662,Ruta 2-B: Terraza Inferior,100,88,12
2026-10-02T21:16:01+00:00,2026-10-02T16:16:01-05:00,2026-10-03,06:00 AM,338,662,Ruta 3-A: Montaña Waynapicchu,50,33,17
2026-10-02T21:16:01+00:00,2026-10-02T16:16:01-05:00,2026-10-03,06:00 AM,338,662,Ruta 3-B: Realeza diseñada,100,21,79
2026-10-02T21:31:08+00:00,2026-10-02T16:31:08-05:00,2026-10-03,06:00 AM,328,672,Ruta 1-A: Montaña Machupicchu,50,7,43
2026-10-02T21:31:08+00:00,2026-10-02T16:31:08-05:00,2026-10-03,06:00 AM,328,672,Ruta 1-B: Terraza superior,100,7,93
2026-10-02T21:31:08+00:00,2026-10-02T16:31:08-05:00,2026-10-03,06:00 AM,328,672,Ruta 2-A: Clásico Diseñada,600,499,101
2026-10-02T21:31:08+00:00,2026-10-02T16:31:08-05:00,2026-10-03,06:00 AM,328,672,Ruta 2-B: Terraza Inferior,100,88,12
2026-10-02T21:31:08+00:00,2026-10-02T16:31:08-05:00,2026-10-03,06:00 AM,328,672,Ruta 3-A: Montaña Waynapicchu,50,37,13
2026-10-02T21:31:08+00:00,2026-10-02T16:31:08-05:00,2026-10-03,06:00 AM,328,672,Ruta 3-B: Realeza diseñada,100,23,77
2026-10-02T21:46:05+00:00,2026-10-02T16:46:05-05:00,2026-10-03,06:00 AM,316,684,Ruta 1-A: Montaña Machupicchu,50,7,43
2026-10-02T21:46:05+00:00,2026-10-02T16:46:05-05:00,2026-10-03,06:00 AM,316,684,Ruta 1-B: Terraza superior,100,9,91
2026-10-02T21:46:05+00:00,2026-10-02T16:46:05-05:00,2026-10-03,06:00 AM,316,684,Ruta 2-A: Clásico Diseñada,600,500,100
2026-10-02T21:46:05+00:00,2026-10-02T16:46:05-05:00,2026-10-03,06:00 AM,316,684,Ruta 2-B: Terraza Inferior,100,88,12
2026-10-02T21:46:05+00:00,2026-10-02T16:46:05-05:00,2026-10-03,06:00 AM,316,684,Ruta 3-A: Montaña Waynapicchu,50,37,13
2026-10-02T21:46:05+00:00,2026-10-02T16:46:05-05:00,2026-10-03,06:00 AM,316,684,Ruta 3-B: Realeza diseñada,100,23,77
2026-10-03T00:21:33+00:00,2026-10-02T19:21:33-05:00,2026-10-04,06:00 AM,1000,0,Ruta 1-A: Montaña Machupicchu,50,0,50
2026-10-03T00:21:33+00:00,2026-10-02T19:21:33-05:00,2026-10-04,06:00 AM,1000,0,Ruta 1-B: Terraza superior,100,0,100
2026-10-03T00:21:33+00:00,2026-10-02T19:21:33-05:00,2026-10-04,06:00 AM,1000,0,Ruta 2-A: Clásico Diseñada,600,0,600
2026-10-03T00:21:33+00:00,2026-10-02T19:21:33-05:00,2026-10-04,06:00 AM,1000,0,Ruta 2-B: Terraza Inferior,100,0,100
2026-10-03T00:21:33+00:00,2026-10-02T19:21:33-05:00,2026-10-04,06:00 AM,1000,0,Ruta 3-A: Montaña Waynapicchu,50,0,50
2026-10-03T00:21:33+00:00,2026-10-02T19:21:33-05:00,2026-10-04,06:00 AM,1000,0,Ruta 3-B: Realeza diseñada,100,0,100
2026-10-03T00:55:41+00:00,2026-10-02T19:55:41-05:00,2026-10-04,06:00 AM,1000,0,Ruta 1-A: Montaña Machupicchu,50,0,50
2026-10-03T00:55:41+00:00,2026-10-02T19:55:41-05:00,2026-10-04,06:00 AM,1000,0,Ruta 1-B: Terraza superior,100,0,100
2026-10-03T00:55:41+00:00,2026-10-02T19:55:41-05:00,2026-10-04,06:00 AM,1000,0,Ruta 2-A: Clásico Diseñada,600,0,600
2026-10-03T00:55:41+00:00,2026-10-02T19:55:41-05:00,2026-10-04,06:00 AM,1000,0,Ruta 2-B: Terraza Inferior,100,0,100
2026-10-03T00:55:41+00:00,2026-10-02T19:55:41-05:00,2026-10-04,06:00 AM,1000,0,Ruta 3-A: Montaña Waynapicchu,50,0,50
2026-10-03T00:55:41+00:00,2026-10-02T19:55:41-05:00,2026-10-04,06:00 AM,1000,0,Ruta 3-B: Realeza diseñada,100,0,100
2026-10-03T01:01:23+00:00,2026-10-02T20:01:23-05:00,2026-10-04,06:00 AM,1000,0,Ruta 1-A: Montaña Machupicchu,50,0,50
2026-10-03T01:01:23+00:00,2026-10-02T20:01:23-05:00,2026-10-04,06:00 AM,1000,0,Ruta 1-B: Terraza superior,100,0,100
2026-10-03T01:01:23+00:00,2026-10-02T20:01:23-05:00,2026-10-04,06:00 AM,1000,0,Ruta 2-A: Clásico Diseñada,600,0,600
2026-10-03T01:01:23+00:00,2026-10-02T20:01:23-05:00,2026-10-04,06:00 AM,1000,0,Ruta 2-B: Terraza Inferior,100,0,100
2026-10-03T01:01:23+00:00,2026-10-02T20:01:23-05:00,2026-10-04,06:00 AM,1000,0,Ruta 3-A: Montaña Waynapicchu,50,0,50
2026-10-03T01:01:23+00:00,2026-10-02T20:01:23-05:00,2026-10-04,06:00 AM,1000,0,Ruta 3-B: Realeza diseñada,100,0,100
2026-10-03T02:30:24+00:00,2026-10-02T21:30:24-05:00,2026-10-04,06:00 AM,1000,0,Ruta 1-A: Montaña Machupicchu,50,0,50
2026-10-03T02:30:24+00:00,2026-10-02T21:30:24-05:00,2026-10-04,06:00 AM,1000,0,Ruta 1-B: Terraza superior,100,0,100
2026-10-03T02:30:24+00:00,2026-10-02T21:30:24-05:00,2026-10-04,06:00 AM,1000,0,Ruta 2-A: Clásico Diseñada,600,0,600
2026-10-03T02:30:24+00:00,2026-10-02T21:30:24-05:00,2026-10-04,06:00 AM,1000,0,Ruta 2-B: Terraza Inferior,100,0,100
2026-10-03T02:30:24+00:00,2026-10-02T21:30:24-05:00,2026-10-04,06:00 AM,1000,0,Ruta 3-A: Montaña Waynapicchu,50,0,50
2026-10-03T02:30:24+00:00,2026-10-02T21:30:24-05:00,2026-10-04,06:00 AM,1000,0,Ruta 3-B: Realeza diseñada,100,0,100
2026-10-03T03:01:32+00:00,2026-10-02T22:01:32-05:00,2026-10-04,06:00 AM,1000,0,Ruta 1-A: Montaña Machupicchu,50,0,50
2026-10-03T03:01:32+00:00,2026-10-02T22:01:32-05:00,2026-10-04,06:00 AM,1000,0,Ruta 1-B: Terraza superior,100,0,100
2026-10-03T03:01:32+00:00,2026-10-02T22:01:32-05:00,2026-10-04,06:00 AM,1000,0,Ruta 2-A: Clásico Diseñada,600,0,600
2026-10-03T03:01:32+00:00,2026-10-02T22:01:32-05:00,2026-10-04,06:00 AM,1000,0,Ruta 2-B: Terraza Inferior,100,0,100
2026-10-03T03:01:32+00:00,2026-10-02T22:01:32-05:00,2026-10-04,06:00 AM,1000,0,Ruta 3-A: Montaña Waynapicchu,50,0,50
2026-10-03T03:01:32+00:00,2026-10-02T22:01:32-05:00,2026-10-04,06:00 AM,1000,0,Ruta 3-B: Realeza diseñada,100,0,100
2026-10-03T05:01:17+00:00,2026-10-03T00:01:17-05:00,2026-10-04,06:00 AM,1000,0,Ruta 1-A: Montaña Machupicchu,50,0,50
2026-10-03T05:01:17+00:00,2026-10-03T00:01:17-05:00,2026-10-04,06:00 AM,1000,0,Ruta 1-B: Terraza superior,100,0,100
2026-10-03T05:01:17+00:00,2026-10-03T00:01:17-05:00,2026-10-04,06:00 AM,1000,0,Ruta 2-A: Clásico Diseñada,600,0,600
2026-10-03T05:01:17+00:00,2026-10-03T00:01:17-05:00,2026-10-04,06:00 AM,1000,0,Ruta 2-B: Terraza Inferior,100,0,100
2026-10-03T05:01:17+00:00,2026-10-03T00:01:17-05:00,2026-10-04,06:00 AM,1000,0,Ruta 3-A: Montaña Waynapicchu,50,0,50
2026-10-03T05:01:17+00:00,2026-10-03T00:01:17-05:00,2026-10-04,06:00 AM,1000,0,Ruta 3-B: Realeza diseñada,100,0,100
2026-10-03T07:01:22+00:00,2026-10-03T02:01:22-05:00,2026-10-04,06:00 AM,1000,0,Ruta 1-A: Montaña Machupicchu,50,0,50
2026-10-03T07:01:22+00:00,2026-10-03T02:01:22-05:00,2026-10-04,06:00 AM,1000,0,Ruta 1-B: Terraza superior,100,0,100
2026-10-03T07:01:22+00:00,2026-10-03T02:01:22-05:00,2026-10-04,06:00 AM,1000,0,Ruta 2-A: Clásico Diseñada,600,0,600
2026-10-03T07:01:22+00:00,2026-10-03T02:01:22-05:00,2026-10-04,06:00 AM,1000,0,Ruta 2-B: Terraza Inferior,100,0,100
2026-10-03T07:01:22+00:00,2026-10-03T02:01:22-05:00,2026-10-04,06:00 AM,1000,0,Ruta 3-A: Montaña Waynapicchu,50,0,50
2026-10-03T07:01:22+00:00,2026-10-03T02:01:22-05:00,2026-10-04,06:00 AM,1000,0,Ruta 3-B: Realeza diseñada,100,0,100
2026-10-03T09:01:21+00:00,2026-10-03T04:01:21-05:00,2026-10-04,06:00 AM,1000,0,Ruta 1-A: Montaña Machupicchu,50,0,50
2026-10-03T09:01:21+00:00,2026-10-03T04:01:21-05:00,2026-10-04,06:00 AM,1000,0,Ruta 1-B: Terraza superior,100,0,100
2026-10-03T09:01:21+00:00,2026-10-03T04:01:21-05:00,2026-10-04,06:00 AM,1000,0,Ruta 2-A: Clásico Diseñada,600,0,600
2026-10-03T09:01:21+00:00,2026-10-03T04:01:21-05:00,2026-10-04,06:00 AM,1000,0,Ruta 2-B: Terraza Inferior,100,0,100
2026-10-03T09:01:21+00:00,2026-10-03T04:01:21-05:00,2026-10-04,06:00 AM,1000,0,Ruta 3-A: Montaña Waynapicchu,50,0,50
2026-10-03T09:01:21+00:00,2026-10-03T04:01:21-05:00,2026-10-04,06:00 AM,1000,0,Ruta 3-B: Realeza diseñada,100,0,100
2026-10-03T09:16:17+00:00,2026-10-03T04:16:17-05:00,2026-10-04,06:00 AM,1000,0,Ruta 1-A: Montaña Machupicchu,50,0,50
2026-10-03T09:16:17+00:00,2026-10-03T04:16:17-05:00,2026-10-04,06:00 AM,1000,0,Ruta 1-B: Terraza superior,100,0,100
2026-10-03T09:16:17+00:00,2026-10-03T04:16:17-05:00,2026-10-04,06:00 AM,1000,0,Ruta 2-A: Clásico Diseñada,600,0,600
2026-10-03T09:16:17+00:00,2026-10-03T04:16:17-05:00,2026-10-04,06:00 AM,1000,0,Ruta 2-B: Terraza Inferior,100,0,100
2026-10-03T09:16:17+00:00,2026-10-03T04:16:17-05:00,2026-10-04,06:00 AM,1000,0,Ruta 3-A: Montaña Waynapicchu,50,0,50
2026-10-03T09:16:17+00:00,2026-10-03T04:16:17-05:00,2026-10-04,06:00 AM,1000,0,Ruta 3-B: Realeza diseñada,100,0,100
2026-10-03T09:28:43+00:00,2026-10-03T04:28:43-05:00,2026-10-04,06:00 AM,1000,0,Ruta 1-A: Montaña Machupicchu,50,0,50
2026-10-03T09:28:43+00:00,2026-10-03T04:28:43-05:00,2026-10-04,06:00 AM,1000,0,Ruta 1-B: Terraza superior,100,0,100
2026-10-03T09:28:43+00:00,2026-10-03T04:28:43-05:00,2026-10-04,06:00 AM,1000,0,Ruta 2-A: Clásico Diseñada,600,0,600
2026-10-03T09:28:43+00:00,2026-10-03T04:28:43-05:00,2026-10-04,06:00 AM,1000,0,Ruta 2-B: Terraza Inferior,100,0,100
2026-10-03T09:28:43+00:00,2026-10-03T04:28:43-05:00,2026-10-04,06:00 AM,1000,0,Ruta 3-A: Montaña Waynapicchu,50,0,50
2026-10-03T09:28:43+00:00,2026-10-03T04:28:43-05:00,2026-10-04,06:00 AM,1000,0,Ruta 3-B: Realeza diseñada,100,0,100
2026-10-03T09:31:09+00:00,2026-10-03T04:31:09-05:00,2026-10-04,06:00 AM,1000,0,Ruta 1-A: Montaña Machupicchu,50,0,50
2026-10-03T09:31:09+00:00,2026-10-03T04:31:09-05:00,2026-10-04,06:00 AM,1000,0,Ruta 1-B: Terraza superior,100,0,100
2026-10-03T09:31:09+00:00,2026-10-03T04:31:09-05:00,2026-10-04,06:00 AM,1000,0,Ruta 2-A: Clásico Diseñada,600,0,600
2026-10-03T09:31:09+00:00,2026-10-03T04:31:09-05:00,2026-10-04,06:00 AM,1000,0,Ruta 2-B: Terraza Inferior,100,0,100
2026-10-03T09:31:09+00:00,2026-10-03T04:31:09-05:00,2026-10-04,06:00 AM,1000,0,Ruta 3-A: Montaña Waynapicchu,50,0,50
2026-10-03T09:31:09+00:00,2026-10-03T04:31:09-05:00,2026-10-04,06:00 AM,1000,0,Ruta 3-B: Realeza diseñada,100,0,100
2026-10-03T09:46:02+00:00,2026-10-03T04:46:02-05:00,2026-10-04,06:00 AM,1000,0,Ruta 1-A: Montaña Machupicchu,50,0,50
2026-10-03T09:46:02+00:00,2026-10-03T04:46:02-05:00,2026-10-04,06:00 AM,1000,0,Ruta 1-B: Terraza superior,100,0,100
2026-10-03T09:46:02+00:00,2026-10-03T04:46:02-05:00,2026-10-04,06:00 AM,1000,0,Ruta 2-A: Clásico Diseñada,600,0,600
2026-10-03T09:46:02+00:00,2026-10-03T04:46:02-05:00,2026-10-04,06:00 AM,1000,0,Ruta 2-B: Terraza Inferior,100,0,100
2026-10-03T09:46:02+00:00,2026-10-03T04:46:02-05:00,2026-10-04,06:00 AM,1000,0,Ruta 3-A: Montaña Waynapicchu,50,0,50
2026-10-03T09:46:02+00:00,2026-10-03T04:46:02-05:00,2026-10-04,06:00 AM,1000,0,Ruta 3-B: Realeza diseñada,100,0,100
2026-10-03T10:01:30+00:00,2026-10-03T05:01:30-05:00,2026-10-04,06:00 AM,1000,0,Ruta 1-A: Montaña Machupicchu,50,0,50
2026-10-03T10:01:30+00:00,2026-10-03T05:01:30-05:00,2026-10-04,06:00 AM,1000,0,Ruta 1-B: Terraza superior,100,0,100
2026-10-03T10:01:30+00:00,2026-10-03T05:01:30-05:00,2026-10-04,06:00 AM,1000,0,Ruta 2-A: Clásico Diseñada,600,0,600
2026-10-03T10:01:30+00:00,2026-10-03T05:01:30-05:00,2026-10-04,06:00 AM,1000,0,Ruta 2-B: Terraza Inferior,100,0,100
2026-10-03T10:01:30+00:00,2026-10-03T05:01:30-05:00,2026-10-04,06:00 AM,1000,0,Ruta 3-A: Montaña Waynapicchu,50,0,50
2026-10-03T10:01:30+00:00,2026-10-03T05:01:30-05:00,2026-10-04,06:00 AM,1000,0,Ruta 3-B: Realeza diseñada,100,0,100
2026-10-03T10:16:05+00:00,2026-10-03T05:16:05-05:00,2026-10-04,06:00 AM,1000,0,Ruta 1-A: Montaña Machupicchu,50,0,50
2026-10-03T10:16:05+00:00,2026-10-03T05:16:05-05:00,2026-10-04,06:00 AM,1000,0,Ruta 1-B: Terraza superior,100,0,100
2026-10-03T10:16:05+00:00,2026-10-03T05:16:05-05:00,2026-10-04,06:00 AM,1000,0,Ruta 2-A: Clásico Diseñada,600,0,600
2026-10-03T10:16:05+00:00,2026-10-03T05:16:05-05:00,2026-10-04,06:00 AM,1000,0,Ruta 2-B: Terraza Inferior,100,0,100
2026-10-03T10:16:05+00:00,2026-10-03T05:16:05-05:00,2026-10-04,06:00 AM,1000,0,Ruta 3-A: Montaña Waynapicchu,50,0,50
2026-10-03T10:16:05+00:00,2026-10-03T05:16:05-05:00,2026-10-04,06:00 AM,1000,0,Ruta 3-B: Realeza diseñada,100,0,100
2026-10-03T10:31:18+00:00,2026-10-03T05:31:18-05:00,2026-10-04,06:00 AM,1000,0,Ruta 1-A: Montaña Machupicchu,50,0,50
2026-10-03T10:31:18+00:00,2026-10-03T05:31:18-05:00,2026-10-04,06:00 AM,1000,0,Ruta 1-B: Terraza superior,100,0,100
2026-10-03T10:31:18+00:00,2026-10-03T05:31:18-05:00,2026-10-04,06:00 AM,1000,0,Ruta 2-A: Clásico Diseñada,600,0,600
2026-10-03T10:31:18+00:00,2026-10-03T05:31:18-05:00,2026-10-04,06:00 AM,1000,0,Ruta 2-B: Terraza Inferior,100,0,100
2026-10-03T10:31:18+00:00,2026-10-03T05:31:18-05:00,2026-10-04,06:00 AM,1000,0,Ruta 3-A: Montaña Waynapicchu,50,0,50
2026-10-03T10:31:18+00:00,2026-10-03T05:31:18-05:00,2026-10-04,06:00 AM,1000,0,Ruta 3-B: Realeza diseñada,100,0,100
2026-10-03T10:46:27+00:00,2026-10-03T05:46:27-05:00,2026-10-04,06:00 AM,1000,0,Ruta 1-A: Montaña Machupicchu,50,0,50
2026-10-03T10:46:27+00:00,2026-10-03T05:46:27-05:00,2026-10-04,06:00 AM,1000,0,Ruta 1-B: Terraza superior,100,0,100
2026-10-03T10:46:27+00:00,2026-10-03T05:46:27-05:00,2026-10-04,06:00 AM,1000,0,Ruta 2-A: Clásico Diseñada,600,0,600
2026-10-03T10:46:27+00:00,2026-10-03T05:46:27-05:00,2026-10-04,06:00 AM,1000,0,Ruta 2-B: Terraza Inferior,100,0,100
2026-10-03T10:46:27+00:00,2026-10-03T05:46:27-05:00,2026-10-04,06:00 AM,1000,0,Ruta 3-A: Montaña Waynapicchu,50,0,50
2026-10-03T10:46:27+00:00,2026-10-03T05:46:27-05:00,2026-10-04,06:00 AM,1000,0,Ruta 3-B: Realeza diseñada,100,0,100
2026-10-03T11:01:17+00:00,2026-10-03T06:01:17-05:00,2026-10-04,06:00 AM,1000,0,Ruta 1-A: Montaña Machupicchu,50,0,50
2026-10-03T11:01:17+00:00,2026-10-03T06:01:17-05:00,2026-10-04,06:00 AM,1000,0,Ruta 1-B: Terraza superior,100,0,100
2026-10-03T11:01:17+00:00,2026-10-03T06:01:17-05:00,2026-10-04,06:00 AM,1000,0,Ruta 2-A: Clásico Diseñada,600,0,600
2026-10-03T11:01:17+00:00,2026-10-03T06:01:17-05:00,2026-10-04,06:00 AM,1000,0,Ruta 2-B: Terraza Inferior,100,0,100
2026-10-03T11:01:17+00:00,2026-10-03T06:01:17-05:00,2026-10-04,06:00 AM,1000,0,Ruta 3-A: Montaña Waynapicchu,50,0,50
2026-10-03T11:01:17+00:00,2026-10-03T06:01:17-05:00,2026-10-04,06:00 AM,1000,0,Ruta 3-B: Realeza diseñada,100,0,100
2026-10-03T11:15:57+00:00,2026-10-03T06:15:57-05:00,2026-10-04,06:00 AM,949,51,Ruta 1-A: Montaña Machupicchu,50,0,50
2026-10-03T11:15:57+00:00,2026-10-03T06:15:57-05:00,2026-10-04,06:00 AM,949,51,Ruta 1-B: Terraza superior,100,0,100
2026-10-03T11:15:57+00:00,2026-10-03T06:15:57-05:00,2026-10-04,06:00 AM,949,51,Ruta 2-A: Clásico Diseñada,600,21,579
2026-10-03T11:15:57+00:00,2026-10-03T06:15:57-05:00,2026-10-04,06:00 AM,949,51,Ruta 2-B: Terraza Inferior,100,12,88
2026-10-03T11:15:57+00:00,2026-10-03T06:15:57-05:00,2026-10-04,06:00 AM,949,51,Ruta 3-A: Montaña Waynapicchu,50,0,50
2026-10-03T11:15:57+00:00,2026-10-03T06:15:57-05:00,2026-10-04,06:00 AM,949,51,Ruta 3-B: Realeza diseñada,100,0,100
2026-10-03T11:31:05+00:00,2026-10-03T06:31:05-05:00,2026-10-04,06:00 AM,902,98,Ruta 1-A: Montaña Machupicchu,50,0,50
2026-10-03T11:31:05+00:00,2026-10-03T06:31:05-05:00,2026-10-04,06:00 AM,902,98,Ruta 1-B: Terraza superior,100,1,99
2026-10-03T11:31:05+00:00,2026-10-03T06:31:05-05:00,2026-10-04,06:00 AM,902,98,Ruta 2-A: Clásico Diseñada,600,51,549
2026-10-03T11:31:05+00:00,2026-10-03T06:31:05-05:00,2026-10-04,06:00 AM,902,98,Ruta 2-B: Terraza Inferior,100,20,80
2026-10-03T11:31:05+00:00,2026-10-03T06:31:05-05:00,2026-10-04,06:00 AM,902,98,Ruta 3-A: Montaña Waynapicchu,50,5,45
2026-10-03T11:31:05+00:00,2026-10-03T06:31:05-05:00,2026-10-04,06:00 AM,902,98,Ruta 3-B: Realeza diseñada,100,1,99
2026-10-03T11:45:49+00:00,2026-10-03T06:45:49-05:00,2026-10-04,06:00 AM,883,117,Ruta 1-A: Montaña Machupicchu,50,0,50
2026-10-03T11:45:49+00:00,2026-10-03T06:45:49-05:00,2026-10-04,06:00 AM,883,117,Ruta 1-B: Terraza superior,100,1,99
2026-10-03T11:45:49+00:00,2026-10-03T06:45:49-05:00,2026-10-04,06:00 AM,883,117,Ruta 2-A: Clásico Diseñada,600,78,522
2026-10-03T11:45:49+00:00,2026-10-03T06:45:49-05:00,2026-10-04,06:00 AM,883,117,Ruta 2-B: Terraza Inferior,100,24,76
2026-10-03T11:45:49+00:00,2026-10-03T06:45:49-05:00,2026-10-04,06:00 AM,883,117,Ruta 3-A: Montaña Waynapicchu,50,7,43
2026-10-03T11:45:49+00:00,2026-10-03T06:45:49-05:00,2026-10-04,06:00 AM,883,117,Ruta 3-B: Realeza diseñada,100,1,99
2026-10-03T12:01:24+00:00,2026-10-03T07:01:24-05:00,2026-10-04,06:00 AM,850,150,Ruta 1-A: Montaña Machupicchu,50,0,50
2026-10-03T12:01:24+00:00,2026-10-03T07:01:24-05:00,2026-10-04,06:00 AM,850,150,Ruta 1-B: Terraza superior,100,1,99
2026-10-03T12:01:24+00:00,2026-10-03T07:01:24-05:00,2026-10-04,06:00 AM,850,150,Ruta 2-A: Clásico Diseñada,600,85,515
2026-10-03T12:01:24+00:00,2026-10-03T07:01:24-05:00,2026-10-04,06:00 AM,850,150,Ruta 2-B: Terraza Inferior,100,26,74
2026-10-03T12:01:24+00:00,2026-10-03T07:01:24-05:00,2026-10-04,06:00 AM,850,150,Ruta 3-A: Montaña Waynapicchu,50,7,43
2026-10-03T12:01:24+00:00,2026-10-03T07:01:24-05:00,2026-10-04,06:00 AM,850,150,Ruta 3-B: Realeza diseñada,100,1,99
2026-10-03T12:15:59+00:00,2026-10-03T07:15:59-05:00,2026-10-04,06:00 AM,819,181,Ruta 1-A: Montaña Machupicchu,50,0,50
2026-10-03T12:15:59+00:00,2026-10-03T07:15:59-05:00,2026-10-04,06:00 AM,819,181,Ruta 1-B: Terraza superior,100,5,95
2026-10-03T12:15:59+00:00,2026-10-03T07:15:59-05:00,2026-10-04,06:00 AM,819,181,Ruta 2-A: Clásico Diseñada,600,121,479
2026-10-03T12:15:59+00:00,2026-10-03T07:15:59-05:00,2026-10-04,06:00 AM,819,181,Ruta 2-B: Terraza Inferior,100,29,71
2026-10-03T12:15:59+00:00,2026-10-03T07:15:59-05:00,2026-10-04,06:00 AM,819,181,Ruta 3-A: Montaña Waynapicchu,50,10,40
2026-10-03T12:15:59+00:00,2026-10-03T07:15:59-05:00,2026-10-04,06:00 AM,819,181,Ruta 3-B: Realeza diseñada,100,1,99
2026-10-03T12:31:12+00:00,2026-10-03T07:31:12-05:00,2026-10-04,06:00 AM,793,207,Ruta 1-A: Montaña Machupicchu,50,0,50
2026-10-03T12:31:12+00:00,2026-10-03T07:31:12-05:00,2026-10-04,06:00 AM,793,207,Ruta 1-B: Terraza superior,100,5,95
2026-10-03T12:31:12+00:00,2026-10-03T07:31:12-05:00,2026-10-04,06:00 AM,793,207,Ruta 2-A: Clásico Diseñada,600,134,466
2026-10-03T12:31:12+00:00,2026-10-03T07:31:12-05:00,2026-10-04,06:00 AM,793,207,Ruta 2-B: Terraza Inferior,100,29,71
2026-10-03T12:31:12+00:00,2026-10-03T07:31:12-05:00,2026-10-04,06:00 AM,793,207,Ruta 3-A: Montaña Waynapicchu,50,11,39
2026-10-03T12:31:12+00:00,2026-10-03T07:31:12-05:00,2026-10-04,06:00 AM,793,207,Ruta 3-B: Realeza diseñada,100,1,99
2026-10-03T12:45:56+00:00,2026-10-03T07:45:56-05:00,2026-10-04,06:00 AM,773,227,Ruta 1-A: Montaña Machupicchu,50,0,50
2026-10-03T12:45:56+00:00,2026-10-03T07:45:56-05:00,2026-10-04,06:00 AM,773,227,Ruta 1-B: Terraza superior,100,6,94
2026-10-03T12:45:56+00:00,2026-10-03T07:45:56-05:00,2026-10-04,06:00 AM,773,227,Ruta 2-A: Clásico Diseñada,600,134,466
2026-10-03T12:45:56+00:00,2026-10-03T07:45:56-05:00,2026-10-04,06:00 AM,773,227,Ruta 2-B: Terraza Inferior,100,29,71
2026-10-03T12:45:56+00:00,2026-10-03T07:45:56-05:00,2026-10-04,06:00 AM,773,227,Ruta 3-A: Montaña Waynapicchu,50,11,39
2026-10-03T12:45:56+00:00,2026-10-03T07:45:56-05:00,2026-10-04,06:00 AM,773,227,Ruta 3-B: Realeza diseñada,100,1,99
2026-10-03T13:15:57+00:00,2026-10-03T08:15:57-05:00,2026-10-04,06:00 AM,751,249,Ruta 1-A: Montaña Machupicchu,50,0,50
2026-10-03T13:15:57+00:00,2026-10-03T08:15:57-05:00,2026-10-04,06:00 AM,751,249,Ruta 1-B: Terraza superior,100,6,94
2026-10-03T13:15:57+00:00,2026-10-03T08:15:57-05:00,2026-10-04,06:00 AM,751,249,Ruta 2-A: Clásico Diseñada,600,187,413
2026-10-03T13:15:57+00:00,2026-10-03T08:15:57-05:00,2026-10-04,06:00 AM,751,249,Ruta 2-B: Terraza Inferior,100,29,71
2026-10-03T13:15:57+00:00,2026-10-03T08:15:57-05:00,2026-10-04,06:00 AM,751,249,Ruta 3-A: Montaña Waynapicchu,50,11,39
2026-10-03T13:15:57+00:00,2026-10-03T08:15:57-05:00,2026-10-04,06:00 AM,751,249,Ruta 3-B: Realeza diseñada,100,1,99
2026-10-03T13:31:10+00:00,2026-10-03T08:31:10-05:00,2026-10-04,06:00 AM,748,252,Ruta 1-A: Montaña Machupicchu,50,0,50
2026-10-03T13:31:10+00:00,2026-10-03T08:31:10-05:00,2026-10-04,06:00 AM,748,252,Ruta 1-B: Terraza superior,100,6,94
2026-10-03T13:31:10+00:00,2026-10-03T08:31:10-05:00,2026-10-04,06:00 AM,748,252,Ruta 2-A: Clásico Diseñada,600,195,405
2026-10-03T13:31:10+00:00,2026-10-03T08:31:10-05:00,2026-10-04,06:00 AM,748,252,Ruta 2-B: Terraza Inferior,100,29,71
2026-10-03T13:31:10+00:00,2026-10-03T08:31:10-05:00,2026-10-04,06:00 AM,748,252,Ruta 3-A: Montaña Waynapicchu,50,11,39
2026-10-03T13:31:10+00:00,2026-10-03T08:31:10-05:00,2026-10-04,06:00 AM,748,252,Ruta 3-B: Realeza diseñada,100,1,99
2026-10-03T13:46:02+00:00,2026-10-03T08:46:02-05:00,2026-10-04,06:00 AM,723,277,Ruta 1-A: Montaña Machupicchu,50,0,50
2026-10-03T13:46:02+00:00,2026-10-03T08:46:02-05:00,2026-10-04,06:00 AM,723,277,Ruta 1-B: Terraza superior,100,6,94
2026-10-03T13:46:02+00:00,2026-10-03T08:46:02-05:00,2026-10-04,06:00 AM,723,277,Ruta 2-A: Clásico Diseñada,600,214,386
2026-10-03T13:46:02+00:00,2026-10-03T08:46:02-05:00,2026-10-04,06:00 AM,723,277,Ruta 2-B: Terraza Inferior,100,29,71
2026-10-03T13:46:02+00:00,2026-10-03T08:46:02-05:00,2026-10-04,06:00 AM,723,277,Ruta 3-A: Montaña Waynapicchu,50,11,39
2026-10-03T13:46:02+00:00,2026-10-03T08:46:02-05:00,2026-10-04,06:00 AM,723,277,Ruta 3-B: Realeza diseñada,100,3,97
2026-10-03T14:01:16+00:00,2026-10-03T09:01:16-05:00,2026-10-04,06:00 AM,689,311,Ruta 1-A: Montaña Machupicchu,50,0,50
2026-10-03T14:01:16+00:00,2026-10-03T09:01:16-05:00,2026-10-04,06:00 AM,689,311,Ruta 1-B: Terraza superior,100,6,94
2026-10-03T14:01:16+00:00,2026-10-03T09:01:16-05:00,2026-10-04,06:00 AM,689,311,Ruta 2-A: Clásico Diseñada,600,233,367
2026-10-03T14:01:16+00:00,2026-10-03T09:01:16-05:00,2026-10-04,06:00 AM,689,311,Ruta 2-B: Terraza Inferior,100,31,69
2026-10-03T14:01:16+00:00,2026-10-03T09:01:16-05:00,2026-10-04,06:00 AM,689,311,Ruta 3-A: Montaña Waynapicchu,50,11,39
2026-10-03T14:01:16+00:00,2026-10-03T09:01:16-05:00,2026-10-04,06:00 AM,689,311,Ruta 3-B: Realeza diseñada,100,3,97
2026-10-03T14:15:57+00:00,2026-10-03T09:15:57-05:00,2026-10-04,06:00 AM,668,332,Ruta 1-A: Montaña Machupicchu,50,0,50
2026-10-03T14:15:57+00:00,2026-10-03T09:15:57-05:00,2026-10-04,06:00 AM,668,332,Ruta 1-B: Terraza superior,100,6,94
2026-10-03T14:15:57+00:00,2026-10-03T09:15:57-05:00,2026-10-04,06:00 AM,668,332,Ruta 2-A: Clásico Diseñada,600,260,340
2026-10-03T14:15:57+00:00,2026-10-03T09:15:57-05:00,2026-10-04,06:00 AM,668,332,Ruta 2-B: Terraza Inferior,100,31,69
2026-10-03T14:15:57+00:00,2026-10-03T09:15:57-05:00,2026-10-04,06:00 AM,668,332,Ruta 3-A: Montaña Waynapicchu,50,11,39
2026-10-03T14:15:57+00:00,2026-10-03T09:15:57-05:00,2026-10-04,06:00 AM,668,332,Ruta 3-B: Realeza diseñada,100,3,97
2026-10-03T14:31:07+00:00,2026-10-03T09:31:07-05:00,2026-10-04,06:00 AM,642,358,Ruta 1-A: Montaña Machupicchu,50,0,50
2026-10-03T14:31:07+00:00,2026-10-03T09:31:07-05:00,2026-10-04,06:00 AM,642,358,Ruta 1-B: Terraza superior,100,6,94
2026-10-03T14:31:07+00:00,2026-10-03T09:31:07-05:00,2026-10-04,06:00 AM,642,358,Ruta 2-A: Clásico Diseñada,600,286,314
2026-10-03T14:31:07+00:00,2026-10-03T09:31:07-05:00,2026-10-04,06:00 AM,642,358,Ruta 2-B: Terraza Inferior,100,31,69
2026-10-03T14:31:07+00:00,2026-10-03T09:31:07-05:00,2026-10-04,06:00 AM,642,358,Ruta 3-A: Montaña Waynapicchu,50,11,39
2026-10-03T14:31:07+00:00,2026-10-03T09:31:07-05:00,2026-10-04,06:00 AM,642,358,Ruta 3-B: Realeza diseñada,100,3,97
2026-10-03T14:39:06+00:00,2026-10-03T09:39:06-05:00,2026-10-04,06:00 AM,638,362,Ruta 1-A: Montaña Machupicchu,50,0,50
2026-10-03T14:39:06+00:00,2026-10-03T09:39:06-05:00,2026-10-04,06:00 AM,638,362,Ruta 1-B: Terraza superior,100,7,93
2026-10-03T14:39:06+00:00,2026-10-03T09:39:06-05:00,2026-10-04,06:00 AM,638,362,Ruta 2-A: Clásico Diseñada,600,302,298
2026-10-03T14:39:06+00:00,2026-10-03T09:39:06-05:00,2026-10-04,06:00 AM,638,362,Ruta 2-B: Terraza Inferior,100,33,67
2026-10-03T14:39:06+00:00,2026-10-03T09:39:06-05:00,2026-10-04,06:00 AM,638,362,Ruta 3-A: Montaña Waynapicchu,50,11,39
2026-10-03T14:39:06+00:00,2026-10-03T09:39:06-05:00,2026-10-04,06:00 AM,638,362,Ruta 3-B: Realeza diseñada,100,3,97
2026-10-03T14:46:05+00:00,2026-10-03T09:46:05-05:00,2026-10-04,06:00 AM,635,365,Ruta 1-A: Montaña Machupicchu,50,0,50
2026-10-03T14:46:05+00:00,2026-10-03T09:46:05-05:00,2026-10-04,06:00 AM,635,365,Ruta 1-B: Terraza superior,100,7,93
2026-10-03T14:46:05+00:00,2026-10-03T09:46:05-05:00,2026-10-04,06:00 AM,635,365,Ruta 2-A: Clásico Diseñada,600,304,296
2026-10-03T14:46:05+00:00,2026-10-03T09:46:05-05:00,2026-10-04,06:00 AM,635,365,Ruta 2-B: Terraza Inferior,100,33,67
2026-10-03T14:46:05+00:00,2026-10-03T09:46:05-05:00,2026-10-04,06:00 AM,635,365,Ruta 3-A: Montaña Waynapicchu,50,11,39
2026-10-03T14:46:05+00:00,2026-10-03T09:46:05-05:00,2026-10-04,06:00 AM,635,365,Ruta 3-B: Realeza diseñada,100,3,97
2026-10-03T15:01:18+00:00,2026-10-03T10:01:18-05:00,2026-10-04,06:00 AM,622,378,Ruta 1-A: Montaña Machupicchu,50,0,50
2026-10-03T15:01:18+00:00,2026-10-03T10:01:18-05:00,2026-10-04,06:00 AM,622,378,Ruta 1-B: Terraza superior,100,7,93
2026-10-03T15:01:18+00:00,2026-10-03T10:01:18-05:00,2026-10-04,06:00 AM,622,378,Ruta 2-A: Clásico Diseñada,600,316,284
2026-10-03T15:01:18+00:00,2026-10-03T10:01:18-05:00,2026-10-04,06:00 AM,622,378,Ruta 2-B: Terraza Inferior,100,33,67
2026-10-03T15:01:18+00:00,2026-10-03T10:01:18-05:00,2026-10-04,06:00 AM,622,378,Ruta 3-A: Montaña Waynapicchu,50,11,39
2026-10-03T15:01:18+00:00,2026-10-03T10:01:18-05:00,2026-10-04,06:00 AM,622,378,Ruta 3-B: Realeza diseñada,100,3,97
2026-10-03T15:16:03+00:00,2026-10-03T10:16:03-05:00,2026-10-04,06:00 AM,611,389,Ruta 1-A: Montaña Machupicchu,50,0,50
2026-10-03T15:16:03+00:00,2026-10-03T10:16:03-05:00,2026-10-04,06:00 AM,611,389,Ruta 1-B: Terraza superior,100,7,93
2026-10-03T15:16:03+00:00,2026-10-03T10:16:03-05:00,2026-10-04,06:00 AM,611,389,Ruta 2-A: Clásico Diseñada,600,320,280
2026-10-03T15:16:03+00:00,2026-10-03T10:16:03-05:00,2026-10-04,06:00 AM,611,389,Ruta 2-B: Terraza Inferior,100,37,63
2026-10-03T15:16:03+00:00,2026-10-03T10:16:03-05:00,2026-10-04,06:00 AM,611,389,Ruta 3-A: Montaña Waynapicchu,50,13,37
2026-10-03T15:16:03+00:00,2026-10-03T10:16:03-05:00,2026-10-04,06:00 AM,611,389,Ruta 3-B: Realeza diseñada,100,3,97
2026-10-03T15:31:07+00:00,2026-10-03T10:31:07-05:00,2026-10-04,06:00 AM,607,393,Ruta 1-A: Montaña Machupicchu,50,0,50
2026-10-03T15:31:07+00:00,2026-10-03T10:31:07-05:00,2026-10-04,06:00 AM,607,393,Ruta 1-B: Terraza superior,100,7,93
2026-10-03T15:31:07+00:00,2026-10-03T10:31:07-05:00,2026-10-04,06:00 AM,607,393,Ruta 2-A: Clásico Diseñada,600,325,275
2026-10-03T15:31:07+00:00,2026-10-03T10:31:07-05:00,2026-10-04,06:00 AM,607,393,Ruta 2-B: Terraza Inferior,100,39,61
2026-10-03T15:31:07+00:00,2026-10-03T10:31:07-05:00,2026-10-04,06:00 AM,607,393,Ruta 3-A: Montaña Waynapicchu,50,13,37
2026-10-03T15:31:07+00:00,2026-10-03T10:31:07-05:00,2026-10-04,06:00 AM,607,393,Ruta 3-B: Realeza diseñada,100,3,97
2026-10-03T15:45:52+00:00,2026-10-03T10:45:52-05:00,2026-10-04,06:00 AM,606,394,Ruta 1-A: Montaña Machupicchu,50,0,50
2026-10-03T15:45:52+00:00,2026-10-03T10:45:52-05:00,2026-10-04,06:00 AM,606,394,Ruta 1-B: Terraza superior,100,7,93
2026-10-03T15:45:52+00:00,2026-10-03T10:45:52-05:00,2026-10-04,06:00 AM,606,394,Ruta 2-A: Clásico Diseñada,600,326,274
2026-10-03T15:45:52+00:00,2026-10-03T10:45:52-05:00,2026-10-04,06:00 AM,606,394,Ruta 2-B: Terraza Inferior,100,39,61
2026-10-03T15:45:52+00:00,2026-10-03T10:45:52-05:00,2026-10-04,06:00 AM,606,394,Ruta 3-A: Montaña Waynapicchu,50,13,37
2026-10-03T15:45:52+00:00,2026-10-03T10:45:52-05:00,2026-10-04,06:00 AM,606,394,Ruta 3-B: Realeza diseñada,100,3,97
2026-10-03T16:01:24+00:00,2026-10-03T11:01:24-05:00,2026-10-04,06:00 AM,601,399,Ruta 1-A: Montaña Machupicchu,50,0,50
2026-10-03T16:01:24+00:00,2026-10-03T11:01:24-05:00,2026-10-04,06:00 AM,601,399,Ruta 1-B: Terraza superior,100,7,93
2026-10-03T16:01:24+00:00,2026-10-03T11:01:24-05:00,2026-10-04,06:00 AM,601,399,Ruta 2-A: Clásico Diseñada,600,326,274
2026-10-03T16:01:24+00:00,2026-10-03T11:01:24-05:00,2026-10-04,06:00 AM,601,399,Ruta 2-B: Terraza Inferior,100,42,58
2026-10-03T16:01:24+00:00,2026-10-03T11:01:24-05:00,2026-10-04,06:00 AM,601,399,Ruta 3-A: Montaña Waynapicchu,50,13,37
2026-10-03T16:01:24+00:00,2026-10-03T11:01:24-05:00,2026-10-04,06:00 AM,601,399,Ruta 3-B: Realeza diseñada,100,5,95
2026-10-03T16:15:57+00:00,2026-10-03T11:15:57-05:00,2026-10-04,06:00 AM,591,409,Ruta 1-A: Montaña Machupicchu,50,0,50
2026-10-03T16:15:57+00:00,2026-10-03T11:15:57-05:00,2026-10-04,06:00 AM,591,409,Ruta 1-B: Terraza superior,100,8,92
2026-10-03T16:15:57+00:00,2026-10-03T11:15:57-05:00,2026-10-04,06:00 AM,591,409,Ruta 2-A: Clásico Diseñada,600,333,267
2026-10-03T16:15:57+00:00,2026-10-03T11:15:57-05:00,2026-10-04,06:00 AM,591,409,Ruta 2-B: Terraza Inferior,100,42,58
2026-10-03T16:15:57+00:00,2026-10-03T11:15:57-05:00,2026-10-04,06:00 AM,591,409,Ruta 3-A: Montaña Waynapicchu,50,13,37
2026-10-03T16:15:57+00:00,2026-10-03T11:15:57-05:00,2026-10-04,06:00 AM,591,409,Ruta 3-B: Realeza diseñada,100,5,95
2026-10-03T16:31:10+00:00,2026-10-03T11:31:10-05:00,2026-10-04,06:00 AM,589,411,Ruta 1-A: Montaña Machupicchu,50,0,50
2026-10-03T16:31:10+00:00,2026-10-03T11:31:10-05:00,2026-10-04,06:00 AM,589,411,Ruta 1-B: Terraza superior,100,8,92
2026-10-03T16:31:10+00:00,2026-10-03T11:31:10-05:00,2026-10-04,06:00 AM,589,411,Ruta 2-A: Clásico Diseñada,600,335,265
2026-10-03T16:31:10+00:00,2026-10-03T11:31:10-05:00,2026-10-04,06:00 AM,589,411,Ruta 2-B: Terraza Inferior,100,42,58
2026-10-03T16:31:10+00:00,2026-10-03T11:31:10-05:00,2026-10-04,06:00 AM,589,411,Ruta 3-A: Montaña Waynapicchu,50,13,37
2026-10-03T16:31:10+00:00,2026-10-03T11:31:10-05:00,2026-10-04,06:00 AM,589,411,Ruta 3-B: Realeza diseñada,100,5,95
2026-10-03T16:46:01+00:00,2026-10-03T11:46:01-05:00,2026-10-04,06:00 AM,584,416,Ruta 1-A: Montaña Machupicchu,50,0,50
2026-10-03T16:46:01+00:00,2026-10-03T11:46:01-05:00,2026-10-04,06:00 AM,584,416,Ruta 1-B: Terraza superior,100,8,92
2026-10-03T16:46:01+00:00,2026-10-03T11:46:01-05:00,2026-10-04,06:00 AM,584,416,Ruta 2-A: Clásico Diseñada,600,336,264
2026-10-03T16:46:01+00:00,2026-10-03T11:46:01-05:00,2026-10-04,06:00 AM,584,416,Ruta 2-B: Terraza Inferior,100,44,56
2026-10-03T16:46:01+00:00,2026-10-03T11:46:01-05:00,2026-10-04,06:00 AM,584,416,Ruta 3-A: Montaña Waynapicchu,50,13,37
2026-10-03T16:46:01+00:00,2026-10-03T11:46:01-05:00,2026-10-04,06:00 AM,584,416,Ruta 3-B: Realeza diseñada,100,5,95
2026-10-03T17:01:24+00:00,2026-10-03T12:01:24-05:00,2026-10-04,06:00 AM,583,417,Ruta 1-A: Montaña Machupicchu,50,0,50
2026-10-03T17:01:24+00:00,2026-10-03T12:01:24-05:00,2026-10-04,06:00 AM,583,417,Ruta 1-B: Terraza superior,100,8,92
2026-10-03T17:01:24+00:00,2026-10-03T12:01:24-05:00,2026-10-04,06:00 AM,583,417,Ruta 2-A: Clásico Diseñada,600,337,263
2026-10-03T17:01:24+00:00,2026-10-03T12:01:24-05:00,2026-10-04,06:00 AM,583,417,Ruta 2-B: Terraza Inferior,100,45,55
2026-10-03T17:01:24+00:00,2026-10-03T12:01:24-05:00,2026-10-04,06:00 AM,583,417,Ruta 3-A: Montaña Waynapicchu,50,13,37
2026-10-03T17:01:24+00:00,2026-10-03T12:01:24-05:00,2026-10-04,06:00 AM,583,417,Ruta 3-B: Realeza diseñada,100,5,95
2026-10-03T17:16:05+00:00,2026-10-03T12:16:05-05:00,2026-10-04,06:00 AM,550,450,Ruta 1-A: Montaña Machupicchu,50,0,50
2026-10-03T17:16:05+00:00,2026-10-03T12:16:05-05:00,2026-10-04,06:00 AM,550,450,Ruta 1-B: Terraza superior,100,9,91
2026-10-03T17:16:05+00:00,2026-10-03T12:16:05-05:00,2026-10-04,06:00 AM,550,450,Ruta 2-A: Clásico Diseñada,600,356,244
2026-10-03T17:16:05+00:00,2026-10-03T12:16:05-05:00,2026-10-04,06:00 AM,550,450,Ruta 2-B: Terraza Inferior,100,45,55
2026-10-03T17:16:05+00:00,2026-10-03T12:16:05-05:00,2026-10-04,06:00 AM,550,450,Ruta 3-A: Montaña Waynapicchu,50,17,33
2026-10-03T17:16:05+00:00,2026-10-03T12:16:05-05:00,2026-10-04,06:00 AM,550,450,Ruta 3-B: Realeza diseñada,100,5,95
2026-10-03T17:31:09+00:00,2026-10-03T12:31:09-05:00,2026-10-04,06:00 AM,525,475,Ruta 1-A: Montaña Machupicchu,50,0,50
2026-10-03T17:31:09+00:00,2026-10-03T12:31:09-05:00,2026-10-04,06:00 AM,525,475,Ruta 1-B: Terraza superior,100,9,91
2026-10-03T17:31:09+00:00,2026-10-03T12:31:09-05:00,2026-10-04,06:00 AM,525,475,Ruta 2-A: Clásico Diseñada,600,365,235
2026-10-03T17:31:09+00:00,2026-10-03T12:31:09-05:00,2026-10-04,06:00 AM,525,475,Ruta 2-B: Terraza Inferior,100,57,43
2026-10-03T17:31:09+00:00,2026-10-03T12:31:09-05:00,2026-10-04,06:00 AM,525,475,Ruta 3-A: Montaña Waynapicchu,50,17,33
2026-10-03T17:31:09+00:00,2026-10-03T12:31:09-05:00,2026-10-04,06:00 AM,525,475,Ruta 3-B: Realeza diseñada,100,5,95
2026-10-03T17:45:57+00:00,2026-10-03T12:45:57-05:00,2026-10-04,06:00 AM,504,496,Ruta 1-A: Montaña Machupicchu,50,0,50
2026-10-03T17:45:57+00:00,2026-10-03T12:45:57-05:00,2026-10-04,06:00 AM,504,496,Ruta 1-B: Terraza superior,100,9,91
2026-10-03T17:45:57+00:00,2026-10-03T12:45:57-05:00,2026-10-04,06:00 AM,504,496,Ruta 2-A: Clásico Diseñada,600,389,211
2026-10-03T17:45:57+00:00,2026-10-03T12:45:57-05:00,2026-10-04,06:00 AM,504,496,Ruta 2-B: Terraza Inferior,100,65,35
2026-10-03T17:45:57+00:00,2026-10-03T12:45:57-05:00,2026-10-04,06:00 AM,504,496,Ruta 3-A: Montaña Waynapicchu,50,17,33
2026-10-03T17:45:57+00:00,2026-10-03T12:45:57-05:00,2026-10-04,06:00 AM,504,496,Ruta 3-B: Realeza diseñada,100,5,95
2026-10-03T18:15:52+00:00,2026-10-03T13:15:52-05:00,2026-10-04,06:00 AM,470,530,Ruta 1-A: Montaña Machupicchu,50,0,50
2026-10-03T18:15:52+00:00,2026-10-03T13:15:52-05:00,2026-10-04,06:00 AM,470,530,Ruta 1-B: Terraza superior,100,9,91
2026-10-03T18:15:52+00:00,2026-10-03T13:15:52-05:00,2026-10-04,06:00 AM,470,530,Ruta 2-A: Clásico Diseñada,600,407,193
2026-10-03T18:15:52+00:00,2026-10-03T13:15:52-05:00,2026-10-04,06:00 AM,470,530,Ruta 2-B: Terraza Inferior,100,72,28
2026-10-03T18:15:52+00:00,2026-10-03T13:15:52-05:00,2026-10-04,06:00 AM,470,530,Ruta 3-A: Montaña Waynapicchu,50,18,32
2026-10-03T18:15:52+00:00,2026-10-03T13:15:52-05:00,2026-10-04,06:00 AM,470,530,Ruta 3-B: Realeza diseñada,100,6,94
2026-10-03T18:18:26+00:00,2026-10-03T13:18:26-05:00,2026-10-04,06:00 AM,470,530,Ruta 1-A: Montaña Machupicchu,50,0,50
2026-10-03T18:18:26+00:00,2026-10-03T13:18:26-05:00,2026-10-04,06:00 AM,470,530,Ruta 1-B: Terraza superior,100,9,91
2026-10-03T18:18:26+00:00,2026-10-03T13:18:26-05:00,2026-10-04,06:00 AM,470,530,Ruta 2-A: Clásico Diseñada,600,409,191
2026-10-03T18:18:26+00:00,2026-10-03T13:18:26-05:00,2026-10-04,06:00 AM,470,530,Ruta 2-B: Terraza Inferior,100,72,28
2026-10-03T18:18:26+00:00,2026-10-03T13:18:26-05:00,2026-10-04,06:00 AM,470,530,Ruta 3-A: Montaña Waynapicchu,50,18,32
2026-10-03T18:18:26+00:00,2026-10-03T13:18:26-05:00,2026-10-04,06:00 AM,470,530,Ruta 3-B: Realeza diseñada,100,6,94
2026-10-03T18:31:06+00:00,2026-10-03T13:31:06-05:00,2026-10-04,06:00 AM,466,534,Ruta 1-A: Montaña Machupicchu,50,0,50
2026-10-03T18:31:06+00:00,2026-10-03T13:31:06-05:00,2026-10-04,06:00 AM,466,534,Ruta 1-B: Terraza superior,100,9,91
2026-10-03T18:31:06+00:00,2026-10-03T13:31:06-05:00,2026-10-04,06:00 AM,466,534,Ruta 2-A: Clásico Diseñada,600,418,182
2026-10-03T18:31:06+00:00,2026-10-03T13:31:06-05:00,2026-10-04,06:00 AM,466,534,Ruta 2-B: Terraza Inferior,100,72,28
2026-10-03T18:31:06+00:00,2026-10-03T13:31:06-05:00,2026-10-04,06:00 AM,466,534,Ruta 3-A: Montaña Waynapicchu,50,18,32
2026-10-03T18:31:06+00:00,2026-10-03T13:31:06-05:00,2026-10-04,06:00 AM,466,534,Ruta 3-B: Realeza diseñada,100,6,94
2026-10-03T18:46:01+00:00,2026-10-03T13:46:01-05:00,2026-10-04,06:00 AM,464,536,Ruta 1-A: Montaña Machupicchu,50,0,50
2026-10-03T18:46:01+00:00,2026-10-03T13:46:01-05:00,2026-10-04,06:00 AM,464,536,Ruta 1-B: Terraza superior,100,9,91
2026-10-03T18:46:01+00:00,2026-10-03T13:46:01-05:00,2026-10-04,06:00 AM,464,536,Ruta 2-A: Clásico Diseñada,600,423,177
2026-10-03T18:46:01+00:00,2026-10-03T13:46:01-05:00,2026-10-04,06:00 AM,464,536,Ruta 2-B: Terraza Inferior,100,72,28
2026-10-03T18:46:01+00:00,2026-10-03T13:46:01-05:00,2026-10-04,06:00 AM,464,536,Ruta 3-A: Montaña Waynapicchu,50,18,32
2026-10-03T18:46:01+00:00,2026-10-03T13:46:01-05:00,2026-10-04,06:00 AM,464,536,Ruta 3-B: Realeza diseñada,100,6,94
2026-10-03T19:01:23+00:00,2026-10-03T14:01:23-05:00,2026-10-04,06:00 AM,464,536,Ruta 1-A: Montaña Machupicchu,50,0,50
2026-10-03T19:01:23+00:00,2026-10-03T14:01:23-05:00,2026-10-04,06:00 AM,464,536,Ruta 1-B: Terraza superior,100,9,91
2026-10-03T19:01:23+00:00,2026-10-03T14:01:23-05:00,2026-10-04,06:00 AM,464,536,Ruta 2-A: Clásico Diseñada,600,423,177
2026-10-03T19:01:23+00:00,2026-10-03T14:01:23-05:00,2026-10-04,06:00 AM,464,536,Ruta 2-B: Terraza Inferior,100,72,28
2026-10-03T19:01:23+00:00,2026-10-03T14:01:23-05:00,2026-10-04,06:00 AM,464,536,Ruta 3-A: Montaña Waynapicchu,50,18,32
2026-10-03T19:01:23+00:00,2026-10-03T14:01:23-05:00,2026-10-04,06:00 AM,464,536,Ruta 3-B: Realeza diseñada,100,6,94
2026-10-03T19:16:00+00:00,2026-10-03T14:16:00-05:00,2026-10-04,06:00 AM,458,542,Ruta 1-A: Montaña Machupicchu,50,0,50
2026-10-03T19:16:00+00:00,2026-10-03T14:16:00-05:00,2026-10-04,06:00 AM,458,542,Ruta 1-B: Terraza superior,100,9,91
2026-10-03T19:16:00+00:00,2026-10-03T14:16:00-05:00,2026-10-04,06:00 AM,458,542,Ruta 2-A: Clásico Diseñada,600,423,177
2026-10-03T19:16:00+00:00,2026-10-03T14:16:00-05:00,2026-10-04,06:00 AM,458,542,Ruta 2-B: Terraza Inferior,100,73,27
2026-10-03T19:16:00+00:00,2026-10-03T14:16:00-05:00,2026-10-04,06:00 AM,458,542,Ruta 3-A: Montaña Waynapicchu,50,18,32
2026-10-03T19:16:00+00:00,2026-10-03T14:16:00-05:00,2026-10-04,06:00 AM,458,542,Ruta 3-B: Realeza diseñada,100,6,94
2026-10-03T19:45:55+00:00,2026-10-03T14:45:55-05:00,2026-10-04,06:00 AM,401,599,Ruta 1-A: Montaña Machupicchu,50,0,50
2026-10-03T19:45:55+00:00,2026-10-03T14:45:55-05:00,2026-10-04,06:00 AM,401,599,Ruta 1-B: Terraza superior,100,11,89
2026-10-03T19:45:55+00:00,2026-10-03T14:45:55-05:00,2026-10-04,06:00 AM,401,599,Ruta 2-A: Clásico Diseñada,600,436,164
2026-10-03T19:45:55+00:00,2026-10-03T14:45:55-05:00,2026-10-04,06:00 AM,401,599,Ruta 2-B: Terraza Inferior,100,74,26
2026-10-03T19:45:55+00:00,2026-10-03T14:45:55-05:00,2026-10-04,06:00 AM,401,599,Ruta 3-A: Montaña Waynapicchu,50,19,31
2026-10-03T19:45:55+00:00,2026-10-03T14:45:55-05:00,2026-10-04,06:00 AM,401,599,Ruta 3-B: Realeza diseñada,100,10,90
2026-10-03T20:01:16+00:00,2026-10-03T15:01:16-05:00,2026-10-04,06:00 AM,366,634,Ruta 1-A: Montaña Machupicchu,50,0,50
2026-10-03T20:01:16+00:00,2026-10-03T15:01:16-05:00,2026-10-04,06:00 AM,366,634,Ruta 1-B: Terraza superior,100,11,89
2026-10-03T20:01:16+00:00,2026-10-03T15:01:16-05:00,2026-10-04,06:00 AM,366,634,Ruta 2-A: Clásico Diseñada,600,450,150
2026-10-03T20:01:16+00:00,2026-10-03T15:01:16-05:00,2026-10-04,06:00 AM,366,634,Ruta 2-B: Terraza Inferior,100,85,15
2026-10-03T20:01:16+00:00,2026-10-03T15:01:16-05:00,2026-10-04,06:00 AM,366,634,Ruta 3-A: Montaña Waynapicchu,50,19,31
2026-10-03T20:01:16+00:00,2026-10-03T15:01:16-05:00,2026-10-04,06:00 AM,366,634,Ruta 3-B: Realeza diseñada,100,13,87
2026-10-03T20:15:58+00:00,2026-10-03T15:15:58-05:00,2026-10-04,06:00 AM,355,645,Ruta 1-A: Montaña Machupicchu,50,2,48
2026-10-03T20:15:58+00:00,2026-10-03T15:15:58-05:00,2026-10-04,06:00 AM,355,645,Ruta 1-B: Terraza superior,100,12,88
2026-10-03T20:15:58+00:00,2026-10-03T15:15:58-05:00,2026-10-04,06:00 AM,355,645,Ruta 2-A: Clásico Diseñada,600,496,104
2026-10-03T20:15:58+00:00,2026-10-03T15:15:58-05:00,2026-10-04,06:00 AM,355,645,Ruta 2-B: Terraza Inferior,100,90,10
2026-10-03T20:15:58+00:00,2026-10-03T15:15:58-05:00,2026-10-04,06:00 AM,355,645,Ruta 3-A: Montaña Waynapicchu,50,21,29
2026-10-03T20:15:58+00:00,2026-10-03T15:15:58-05:00,2026-10-04,06:00 AM,355,645,Ruta 3-B: Realeza diseñada,100,13,87
2026-10-03T20:31:09+00:00,2026-10-03T15:31:09-05:00,2026-10-04,06:00 AM,326,674,Ruta 1-A: Montaña Machupicchu,50,2,48
2026-10-03T20:31:09+00:00,2026-10-03T15:31:09-05:00,2026-10-04,06:00 AM,326,674,Ruta 1-B: Terraza superior,100,12,88
2026-10-03T20:31:09+00:00,2026-10-03T15:31:09-05:00,2026-10-04,06:00 AM,326,674,Ruta 2-A: Clásico Diseñada,600,498,102
2026-10-03T20:31:09+00:00,2026-10-03T15:31:09-05:00,2026-10-04,06:00 AM,326,674,Ruta 2-B: Terraza Inferior,100,91,9
2026-10-03T20:31:09+00:00,2026-10-03T15:31:09-05:00,2026-10-04,06:00 AM,326,674,Ruta 3-A: Montaña Waynapicchu,50,28,22
2026-10-03T20:31:09+00:00,2026-10-03T15:31:09-05:00,2026-10-04,06:00 AM,326,674,Ruta 3-B: Realeza diseñada,100,24,76
2026-10-03T21:01:16+00:00,2026-10-03T16:01:16-05:00,2026-10-04,06:00 AM,301,699,Ruta 1-A: Montaña Machupicchu,50,4,46
2026-10-03T21:01:16+00:00,2026-10-03T16:01:16-05:00,2026-10-04,06:00 AM,301,699,Ruta 1-B: Terraza superior,100,12,88
2026-10-03T21:01:16+00:00,2026-10-03T16:01:16-05:00,2026-10-04,06:00 AM,301,699,Ruta 2-A: Clásico Diseñada,600,516,84
2026-10-03T21:01:16+00:00,2026-10-03T16:01:16-05:00,2026-10-04,06:00 AM,301,699,Ruta 2-B: Terraza Inferior,100,93,7
2026-10-03T21:01:16+00:00,2026-10-03T16:01:16-05:00,2026-10-04,06:00 AM,301,699,Ruta 3-A: Montaña Waynapicchu,50,33,17
2026-10-03T21:01:16+00:00,2026-10-03T16:01:16-05:00,2026-10-04,06:00 AM,301,699,Ruta 3-B: Realeza diseñada,100,29,71
2026-10-03T21:15:54+00:00,2026-10-03T16:15:54-05:00,2026-10-04,06:00 AM,286,714,Ruta 1-A: Montaña Machupicchu,50,5,45
2026-10-03T21:15:54+00:00,2026-10-03T16:15:54-05:00,2026-10-04,06:00 AM,286,714,Ruta 1-B: Terraza superior,100,13,87
2026-10-03T21:15:54+00:00,2026-10-03T16:15:54-05:00,2026-10-04,06:00 AM,286,714,Ruta 2-A: Clásico Diseñada,600,526,74
2026-10-03T21:15:54+00:00,2026-10-03T16:15:54-05:00,2026-10-04,06:00 AM,286,714,Ruta 2-B: Terraza Inferior,100,93,7
2026-10-03T21:15:54+00:00,2026-10-03T16:15:54-05:00,2026-10-04,06:00 AM,286,714,Ruta 3-A: Montaña Waynapicchu,50,33,17
2026-10-03T21:15:54+00:00,2026-10-03T16:15:54-05:00,2026-10-04,06:00 AM,286,714,Ruta 3-B: Realeza diseñada,100,30,70
2026-10-03T21:31:21+00:00,2026-10-03T16:31:21-05:00,2026-10-04,06:00 AM,276,724,Ruta 1-A: Montaña Machupicchu,50,5,45
2026-10-03T21:31:21+00:00,2026-10-03T16:31:21-05:00,2026-10-04,06:00 AM,276,724,Ruta 1-B: Terraza superior,100,13,87
2026-10-03T21:31:21+00:00,2026-10-03T16:31:21-05:00,2026-10-04,06:00 AM,276,724,Ruta 2-A: Clásico Diseñada,600,532,68
2026-10-03T21:31:21+00:00,2026-10-03T16:31:21-05:00,2026-10-04,06:00 AM,276,724,Ruta 2-B: Terraza Inferior,100,95,5
2026-10-03T21:31:21+00:00,2026-10-03T16:31:21-05:00,2026-10-04,06:00 AM,276,724,Ruta 3-A: Montaña Waynapicchu,50,33,17
2026-10-03T21:31:21+00:00,2026-10-03T16:31:21-05:00,2026-10-04,06:00 AM,276,724,Ruta 3-B: Realeza diseñada,100,32,68
2026-10-03T21:41:47+00:00,2026-10-03T16:41:47-05:00,2026-10-04,06:00 AM,270,730,Ruta 1-A: Montaña Machupicchu,50,5,45
2026-10-03T21:41:47+00:00,2026-10-03T16:41:47-05:00,2026-10-04,06:00 AM,270,730,Ruta 1-B: Terraza superior,100,13,87
2026-10-03T21:41:47+00:00,2026-10-03T16:41:47-05:00,2026-10-04,06:00 AM,270,730,Ruta 2-A: Clásico Diseñada,600,540,60
2026-10-03T21:41:47+00:00,2026-10-03T16:41:47-05:00,2026-10-04,06:00 AM,270,730,Ruta 2-B: Terraza Inferior,100,95,5
2026-10-03T21:41:47+00:00,2026-10-03T16:41:47-05:00,2026-10-04,06:00 AM,270,730,Ruta 3-A: Montaña Waynapicchu,50,33,17
2026-10-03T21:41:47+00:00,2026-10-03T16:41:47-05:00,2026-10-04,06:00 AM,270,730,Ruta 3-B: Realeza diseñada,100,32,68
2026-10-03T23:01:13+00:00,2026-10-03T18:01:13-05:00,2026-10-04,06:00 AM,205,795,Ruta 1-A: Montaña Machupicchu,50,5,45
2026-10-03T23:01:13+00:00,2026-10-03T18:01:13-05:00,2026-10-04,06:00 AM,205,795,Ruta 1-B: Terraza superior,100,19,81
2026-10-03T23:01:13+00:00,2026-10-03T18:01:13-05:00,2026-10-04,06:00 AM,205,795,Ruta 2-A: Clásico Diseñada,600,561,39
2026-10-03T23:01:13+00:00,2026-10-03T18:01:13-05:00,2026-10-04,06:00 AM,205,795,Ruta 2-B: Terraza Inferior,100,97,3
2026-10-03T23:01:13+00:00,2026-10-03T18:01:13-05:00,2026-10-04,06:00 AM,205,795,Ruta 3-A: Montaña Waynapicchu,50,36,14
2026-10-03T23:01:13+00:00,2026-10-03T18:01:13-05:00,2026-10-04,06:00 AM,205,795,Ruta 3-B: Realeza diseñada,100,47,53
2026-10-04T00:07:29+00:00,2026-10-03T19:07:29-05:00,2026-10-05,06:00 AM,1000,0,Ruta 1-A: Montaña Machupicchu,50,0,50
2026-10-04T00:07:29+00:00,2026-10-03T19:07:29-05:00,2026-10-05,06:00 AM,1000,0,Ruta 1-B: Terraza superior,100,0,100
2026-10-04T00:07:29+00:00,2026-10-03T19:07:29-05:00,2026-10-05,06:00 AM,1000,0,Ruta 2-A: Clásico Diseñada,600,0,600
2026-10-04T00:07:29+00:00,2026-10-03T19:07:29-05:00,2026-10-05,06:00 AM,1000,0,Ruta 2-B: Terraza Inferior,100,0,100
2026-10-04T00:07:29+00:00,2026-10-03T19:07:29-05:00,2026-10-05,06:00 AM,1000,0,Ruta 3-A: Montaña Waynapicchu,50,0,50
2026-10-04T00:07:29+00:00,2026-10-03T19:07:29-05:00,2026-10-05,06:00 AM,1000,0,Ruta 3-B: Realeza diseñada,100,0,100
2026-10-04T00:21:48+00:00,2026-10-03T19:21:48-05:00,2026-10-05,06:00 AM,1000,0,Ruta 1-A: Montaña Machupicchu,50,0,50
2026-10-04T00:21:48+00:00,2026-10-03T19:21:48-05:00,2026-10-05,06:00 AM,1000,0,Ruta 1-B: Terraza superior,100,0,100
2026-10-04T00:21:48+00:00,2026-10-03T19:21:48-05:00,2026-10-05,06:00 AM,1000,0,Ruta 2-A: Clásico Diseñada,600,0,600
2026-10-04T00:21:48+00:00,2026-10-03T19:21:48-05:00,2026-10-05,06:00 AM,1000,0,Ruta 2-B: Terraza Inferior,100,0,100
2026-10-04T00:21:48+00:00,2026-10-03T19:21:48-05:00,2026-10-05,06:00 AM,1000,0,Ruta 3-A: Montaña Waynapicchu,50,0,50
2026-10-04T00:21:48+00:00,2026-10-03T19:21:48-05:00,2026-10-05,06:00 AM,1000,0,Ruta 3-B: Realeza diseñada,100,0,100
2026-10-04T01:01:20+00:00,2026-10-03T20:01:20-05:00,2026-10-05,06:00 AM,1000,0,Ruta 1-A: Montaña Machupicchu,50,0,50
2026-10-04T01:01:20+00:00,2026-10-03T20:01:20-05:00,2026-10-05,06:00 AM,1000,0,Ruta 1-B: Terraza superior,100,0,100
2026-10-04T01:01:20+00:00,2026-10-03T20:01:20-05:00,2026-10-05,06:00 AM,1000,0,Ruta 2-A: Clásico Diseñada,600,0,600
2026-10-04T01:01:20+00:00,2026-10-03T20:01:20-05:00,2026-10-05,06:00 AM,1000,0,Ruta 2-B: Terraza Inferior,100,0,100
2026-10-04T01:01:20+00:00,2026-10-03T20:01:20-05:00,2026-10-05,06:00 AM,1000,0,Ruta 3-A: Montaña Waynapicchu,50,0,50
2026-10-04T01:01:20+00:00,2026-10-03T20:01:20-05:00,2026-10-05,06:00 AM,1000,0,Ruta 3-B: Realeza diseñada,100,0,100
2026-10-04T03:01:06+00:00,2026-10-03T22:01:06-05:00,2026-10-05,06:00 AM,1000,0,Ruta 1-A: Montaña Machupicchu,50,0,50
2026-10-04T03:01:06+00:00,2026-10-03T22:01:06-05:00,2026-10-05,06:00 AM,1000,0,Ruta 1-B: Terraza superior,100,0,100
2026-10-04T03:01:06+00:00,2026-10-03T22:01:06-05:00,2026-10-05,06:00 AM,1000,0,Ruta 2-A: Clásico Diseñada,600,0,600
2026-10-04T03:01:06+00:00,2026-10-03T22:01:06-05:00,2026-10-05,06:00 AM,1000,0,Ruta 2-B: Terraza Inferior,100,0,100
2026-10-04T03:01:06+00:00,2026-10-03T22:01:06-05:00,2026-10-05,06:00 AM,1000,0,Ruta 3-A: Montaña Waynapicchu,50,0,50
2026-10-04T03:01:06+00:00,2026-10-03T22:01:06-05:00,2026-10-05,06:00 AM,1000,0,Ruta 3-B: Realeza diseñada,100,0,100
2026-10-04T05:01:25+00:00,2026-10-04T00:01:25-05:00,2026-10-05,06:00 AM,1000,0,Ruta 1-A: Montaña Machupicchu,50,0,50
2026-10-04T05:01:25+00:00,2026-10-04T00:01:25-05:00,2026-10-05,06:00 AM,1000,0,Ruta 1-B: Terraza superior,100,0,100
2026-10-04T05:01:25+00:00,2026-10-04T00:01:25-05:00,2026-10-05,06:00 AM,1000,0,Ruta 2-A: Clásico Diseñada,600,0,600
2026-10-04T05:01:25+00:00,2026-10-04T00:01:25-05:00,2026-10-05,06:00 AM,1000,0,Ruta 2-B: Terraza Inferior,100,0,100
2026-10-04T05:01:25+00:00,2026-10-04T00:01:25-05:00,2026-10-05,06:00 AM,1000,0,Ruta 3-A: Montaña Waynapicchu,50,0,50
2026-10-04T05:01:25+00:00,2026-10-04T00:01:25-05:00,2026-10-05,06:00 AM,1000,0,Ruta 3-B: Realeza diseñada,100,0,100
2026-10-04T07:01:17+00:00,2026-10-04T02:01:17-05:00,2026-10-05,06:00 AM,1000,0,Ruta 1-A: Montaña Machupicchu,50,0,50
2026-10-04T07:01:17+00:00,2026-10-04T02:01:17-05:00,2026-10-05,06:00 AM,1000,0,Ruta 1-B: Terraza superior,100,0,100
2026-10-04T07:01:17+00:00,2026-10-04T02:01:17-05:00,2026-10-05,06:00 AM,1000,0,Ruta 2-A: Clásico Diseñada,600,0,600
2026-10-04T07:01:17+00:00,2026-10-04T02:01:17-05:00,2026-10-05,06:00 AM,1000,0,Ruta 2-B: Terraza Inferior,100,0,100
2026-10-04T07:01:17+00:00,2026-10-04T02:01:17-05:00,2026-10-05,06:00 AM,1000,0,Ruta 3-A: Montaña Waynapicchu,50,0,50
2026-10-04T07:01:17+00:00,2026-10-04T02:01:17-05:00,2026-10-05,06:00 AM,1000,0,Ruta 3-B: Realeza diseñada,100,0,100
2026-10-04T09:01:29+00:00,2026-10-04T04:01:29-05:00,2026-10-05,06:00 AM,1000,0,Ruta 1-A: Montaña Machupicchu,50,0,50
2026-10-04T09:01:29+00:00,2026-10-04T04:01:29-05:00,2026-10-05,06:00 AM,1000,0,Ruta 1-B: Terraza superior,100,0,100
2026-10-04T09:01:29+00:00,2026-10-04T04:01:29-05:00,2026-10-05,06:00 AM,1000,0,Ruta 2-A: Clásico Diseñada,600,0,600
2026-10-04T09:01:29+00:00,2026-10-04T04:01:29-05:00,2026-10-05,06:00 AM,1000,0,Ruta 2-B: Terraza Inferior,100,0,100
2026-10-04T09:01:29+00:00,2026-10-04T04:01:29-05:00,2026-10-05,06:00 AM,1000,0,Ruta 3-A: Montaña Waynapicchu,50,0,50
2026-10-04T09:01:29+00:00,2026-10-04T04:01:29-05:00,2026-10-05,06:00 AM,1000,0,Ruta 3-B: Realeza diseñada,100,0,100
2026-10-04T09:15:59+00:00,2026-10-04T04:15:59-05:00,2026-10-05,06:00 AM,1000,0,Ruta 1-A: Montaña Machupicchu,50,0,50
2026-10-04T09:15:59+00:00,2026-10-04T04:15:59-05:00,2026-10-05,06:00 AM,1000,0,Ruta 1-B: Terraza superior,100,0,100
2026-10-04T09:15:59+00:00,2026-10-04T04:15:59-05:00,2026-10-05,06:00 AM,1000,0,Ruta 2-A: Clásico Diseñada,600,0,600
2026-10-04T09:15:59+00:00,2026-10-04T04:15:59-05:00,2026-10-05,06:00 AM,1000,0,Ruta 2-B: Terraza Inferior,100,0,100
2026-10-04T09:15:59+00:00,2026-10-04T04:15:59-05:00,2026-10-05,06:00 AM,1000,0,Ruta 3-A: Montaña Waynapicchu,50,0,50
2026-10-04T09:15:59+00:00,2026-10-04T04:15:59-05:00,2026-10-05,06:00 AM,1000,0,Ruta 3-B: Realeza diseñada,100,0,100
2026-10-04T09:31:15+00:00,2026-10-04T04:31:15-05:00,2026-10-05,06:00 AM,1000,0,Ruta 1-A: Montaña Machupicchu,50,0,50
2026-10-04T09:31:15+00:00,2026-10-04T04:31:15-05:00,2026-10-05,06:00 AM,1000,0,Ruta 1-B: Terraza superior,100,0,100
2026-10-04T09:31:15+00:00,2026-10-04T04:31:15-05:00,2026-10-05,06:00 AM,1000,0,Ruta 2-A: Clásico Diseñada,600,0,600
2026-10-04T09:31:15+00:00,2026-10-04T04:31:15-05:00,2026-10-05,06:00 AM,1000,0,Ruta 2-B: Terraza Inferior,100,0,100
2026-10-04T09:31:15+00:00,2026-10-04T04:31:15-05:00,2026-10-05,06:00 AM,1000,0,Ruta 3-A: Montaña Waynapicchu,50,0,50
2026-10-04T09:31:15+00:00,2026-10-04T04:31:15-05:00,2026-10-05,06:00 AM,1000,0,Ruta 3-B: Realeza diseñada,100,0,100
2026-10-04T10:01:20+00:00,2026-10-04T05:01:20-05:00,2026-10-05,06:00 AM,1000,0,Ruta 1-A: Montaña Machupicchu,50,0,50
2026-10-04T10:01:20+00:00,2026-10-04T05:01:20-05:00,2026-10-05,06:00 AM,1000,0,Ruta 1-B: Terraza superior,100,0,100
2026-10-04T10:01:20+00:00,2026-10-04T05:01:20-05:00,2026-10-05,06:00 AM,1000,0,Ruta 2-A: Clásico Diseñada,600,0,600
2026-10-04T10:01:20+00:00,2026-10-04T05:01:20-05:00,2026-10-05,06:00 AM,1000,0,Ruta 2-B: Terraza Inferior,100,0,100
2026-10-04T10:01:20+00:00,2026-10-04T05:01:20-05:00,2026-10-05,06:00 AM,1000,0,Ruta 3-A: Montaña Waynapicchu,50,0,50
2026-10-04T10:01:20+00:00,2026-10-04T05:01:20-05:00,2026-10-05,06:00 AM,1000,0,Ruta 3-B: Realeza diseñada,100,0,100
2026-10-04T10:15:45+00:00,2026-10-04T05:15:45-05:00,2026-10-05,06:00 AM,1000,0,Ruta 1-A: Montaña Machupicchu,50,0,50
2026-10-04T10:15:45+00:00,2026-10-04T05:15:45-05:00,2026-10-05,06:00 AM,1000,0,Ruta 1-B: Terraza superior,100,0,100
2026-10-04T10:15:45+00:00,2026-10-04T05:15:45-05:00,2026-10-05,06:00 AM,1000,0,Ruta 2-A: Clásico Diseñada,600,0,600
2026-10-04T10:15:45+00:00,2026-10-04T05:15:45-05:00,2026-10-05,06:00 AM,1000,0,Ruta 2-B: Terraza Inferior,100,0,100
2026-10-04T10:15:45+00:00,2026-10-04T05:15:45-05:00,2026-10-05,06:00 AM,1000,0,Ruta 3-A: Montaña Waynapicchu,50,0,50
2026-10-04T10:15:45+00:00,2026-10-04T05:15:45-05:00,2026-10-05,06:00 AM,1000,0,Ruta 3-B: Realeza diseñada,100,0,100
2026-10-04T10:31:11+00:00,2026-10-04T05:31:11-05:00,2026-10-05,06:00 AM,1000,0,Ruta 1-A: Montaña Machupicchu,50,0,50
2026-10-04T10:31:11+00:00,2026-10-04T05:31:11-05:00,2026-10-05,06:00 AM,1000,0,Ruta 1-B: Terraza superior,100,0,100
2026-10-04T10:31:11+00:00,2026-10-04T05:31:11-05:00,2026-10-05,06:00 AM,1000,0,Ruta 2-A: Clásico Diseñada,600,0,600
2026-10-04T10:31:11+00:00,2026-10-04T05:31:11-05:00,2026-10-05,06:00 AM,1000,0,Ruta 2-B: Terraza Inferior,100,0,100
2026-10-04T10:31:11+00:00,2026-10-04T05:31:11-05:00,2026-10-05,06:00 AM,1000,0,Ruta 3-A: Montaña Waynapicchu,50,0,50
2026-10-04T10:31:11+00:00,2026-10-04T05:31:11-05:00,2026-10-05,06:00 AM,1000,0,Ruta 3-B: Realeza diseñada,100,0,100
2026-10-04T10:46:00+00:00,2026-10-04T05:46:00-05:00,2026-10-05,06:00 AM,1000,0,Ruta 1-A: Montaña Machupicchu,50,0,50
2026-10-04T10:46:00+00:00,2026-10-04T05:46:00-05:00,2026-10-05,06:00 AM,1000,0,Ruta 1-B: Terraza superior,100,0,100
2026-10-04T10:46:00+00:00,2026-10-04T05:46:00-05:00,2026-10-05,06:00 AM,1000,0,Ruta 2-A: Clásico Diseñada,600,0,600
2026-10-04T10:46:00+00:00,2026-10-04T05:46:00-05:00,2026-10-05,06:00 AM,1000,0,Ruta 2-B: Terraza Inferior,100,0,100
2026-10-04T10:46:00+00:00,2026-10-04T05:46:00-05:00,2026-10-05,06:00 AM,1000,0,Ruta 3-A: Montaña Waynapicchu,50,0,50
2026-10-04T10:46:00+00:00,2026-10-04T05:46:00-05:00,2026-10-05,06:00 AM,1000,0,Ruta 3-B: Realeza diseñada,100,0,100
2026-10-04T11:15:58+00:00,2026-10-04T06:15:58-05:00,2026-10-05,06:00 AM,947,53,Ruta 1-A: Montaña Machupicchu,50,0,50
2026-10-04T11:15:58+00:00,2026-10-04T06:15:58-05:00,2026-10-05,06:00 AM,947,53,Ruta 1-B: Terraza superior,100,0,100
2026-10-04T11:15:58+00:00,2026-10-04T06:15:58-05:00,2026-10-05,06:00 AM,947,53,Ruta 2-A: Clásico Diseñada,600,30,570
2026-10-04T11:15:58+00:00,2026-10-04T06:15:58-05:00,2026-10-05,06:00 AM,947,53,Ruta 2-B: Terraza Inferior,100,5,95
2026-10-04T11:15:58+00:00,2026-10-04T06:15:58-05:00,2026-10-05,06:00 AM,947,53,Ruta 3-A: Montaña Waynapicchu,50,0,50
2026-10-04T11:15:58+00:00,2026-10-04T06:15:58-05:00,2026-10-05,06:00 AM,947,53,Ruta 3-B: Realeza diseñada,100,0,100
2026-10-04T11:31:07+00:00,2026-10-04T06:31:07-05:00,2026-10-05,06:00 AM,886,114,Ruta 1-A: Montaña Machupicchu,50,0,50
2026-10-04T11:31:07+00:00,2026-10-04T06:31:07-05:00,2026-10-05,06:00 AM,886,114,Ruta 1-B: Terraza superior,100,0,100
2026-10-04T11:31:07+00:00,2026-10-04T06:31:07-05:00,2026-10-05,06:00 AM,886,114,Ruta 2-A: Clásico Diseñada,600,84,516
2026-10-04T11:31:07+00:00,2026-10-04T06:31:07-05:00,2026-10-05,06:00 AM,886,114,Ruta 2-B: Terraza Inferior,100,7,93
2026-10-04T11:31:07+00:00,2026-10-04T06:31:07-05:00,2026-10-05,06:00 AM,886,114,Ruta 3-A: Montaña Waynapicchu,50,5,45
2026-10-04T11:31:07+00:00,2026-10-04T06:31:07-05:00,2026-10-05,06:00 AM,886,114,Ruta 3-B: Realeza diseñada,100,0,100
2026-10-04T12:01:13+00:00,2026-10-04T07:01:13-05:00,2026-10-05,06:00 AM,865,135,Ruta 1-A: Montaña Machupicchu,50,2,48
2026-10-04T12:01:13+00:00,2026-10-04T07:01:13-05:00,2026-10-05,06:00 AM,865,135,Ruta 1-B: Terraza superior,100,0,100
2026-10-04T12:01:13+00:00,2026-10-04T07:01:13-05:00,2026-10-05,06:00 AM,865,135,Ruta 2-A: Clásico Diseñada,600,108,492
2026-10-04T12:01:13+00:00,2026-10-04T07:01:13-05:00,2026-10-05,06:00 AM,865,135,Ruta 2-B: Terraza Inferior,100,9,91
2026-10-04T12:01:13+00:00,2026-10-04T07:01:13-05:00,2026-10-05,06:00 AM,865,135,Ruta 3-A: Montaña Waynapicchu,50,8,42
2026-10-04T12:01:13+00:00,2026-10-04T07:01:13-05:00,2026-10-05,06:00 AM,865,135,Ruta 3-B: Realeza diseñada,100,0,100
2026-10-04T12:16:04+00:00,2026-10-04T07:16:04-05:00,2026-10-05,06:00 AM,856,144,Ruta 1-A: Montaña Machupicchu,50,2,48
2026-10-04T12:16:04+00:00,2026-10-04T07:16:04-05:00,2026-10-05,06:00 AM,856,144,Ruta 1-B: Terraza superior,100,0,100
2026-10-04T12:16:04+00:00,2026-10-04T07:16:04-05:00,2026-10-05,06:00 AM,856,144,Ruta 2-A: Clásico Diseñada,600,124,476
2026-10-04T12:16:04+00:00,2026-10-04T07:16:04-05:00,2026-10-05,06:00 AM,856,144,Ruta 2-B: Terraza Inferior,100,9,91
2026-10-04T12:16:04+00:00,2026-10-04T07:16:04-05:00,2026-10-05,06:00 AM,856,144,Ruta 3-A: Montaña Waynapicchu,50,8,42
2026-10-04T12:16:04+00:00,2026-10-04T07:16:04-05:00,2026-10-05,06:00 AM,856,144,Ruta 3-B: Realeza diseñada,100,0,100
2026-10-04T12:31:12+00:00,2026-10-04T07:31:12-05:00,2026-10-05,06:00 AM,851,149,Ruta 1-A: Montaña Machupicchu,50,2,48
2026-10-04T12:31:12+00:00,2026-10-04T07:31:12-05:00,2026-10-05,06:00 AM,851,149,Ruta 1-B: Terraza superior,100,1,99
2026-10-04T12:31:12+00:00,2026-10-04T07:31:12-05:00,2026-10-05,06:00 AM,851,149,Ruta 2-A: Clásico Diseñada,600,124,476
2026-10-04T12:31:12+00:00,2026-10-04T07:31:12-05:00,2026-10-05,06:00 AM,851,149,Ruta 2-B: Terraza Inferior,100,9,91
2026-10-04T12:31:12+00:00,2026-10-04T07:31:12-05:00,2026-10-05,06:00 AM,851,149,Ruta 3-A: Montaña Waynapicchu,50,8,42
2026-10-04T12:31:12+00:00,2026-10-04T07:31:12-05:00,2026-10-05,06:00 AM,851,149,Ruta 3-B: Realeza diseñada,100,0,100
2026-10-04T12:46:10+00:00,2026-10-04T07:46:10-05:00,2026-10-05,06:00 AM,851,149,Ruta 1-A: Montaña Machupicchu,50,2,48
2026-10-04T12:46:10+00:00,2026-10-04T07:46:10-05:00,2026-10-05,06:00 AM,851,149,Ruta 1-B: Terraza superior,100,1,99
2026-10-04T12:46:10+00:00,2026-10-04T07:46:10-05:00,2026-10-05,06:00 AM,851,149,Ruta 2-A: Clásico Diseñada,600,129,471
2026-10-04T12:46:10+00:00,2026-10-04T07:46:10-05:00,2026-10-05,06:00 AM,851,149,Ruta 2-B: Terraza Inferior,100,9,91
2026-10-04T12:46:10+00:00,2026-10-04T07:46:10-05:00,2026-10-05,06:00 AM,851,149,Ruta 3-A: Montaña Waynapicchu,50,8,42
2026-10-04T12:46:10+00:00,2026-10-04T07:46:10-05:00,2026-10-05,06:00 AM,851,149,Ruta 3-B: Realeza diseñada,100,0,100
2026-10-04T13:01:17+00:00,2026-10-04T08:01:17-05:00,2026-10-05,06:00 AM,809,191,Ruta 1-A: Montaña Machupicchu,50,2,48
2026-10-04T13:01:17+00:00,2026-10-04T08:01:17-05:00,2026-10-05,06:00 AM,809,191,Ruta 1-B: Terraza superior,100,1,99
2026-10-04T13:01:17+00:00,2026-10-04T08:01:17-05:00,2026-10-05,06:00 AM,809,191,Ruta 2-A: Clásico Diseñada,600,153,447
2026-10-04T13:01:17+00:00,2026-10-04T08:01:17-05:00,2026-10-05,06:00 AM,809,191,Ruta 2-B: Terraza Inferior,100,10,90
2026-10-04T13:01:17+00:00,2026-10-04T08:01:17-05:00,2026-10-05,06:00 AM,809,191,Ruta 3-A: Montaña Waynapicchu,50,8,42
2026-10-04T13:01:17+00:00,2026-10-04T08:01:17-05:00,2026-10-05,06:00 AM,809,191,Ruta 3-B: Realeza diseñada,100,0,100
2026-10-04T13:15:53+00:00,2026-10-04T08:15:53-05:00,2026-10-05,06:00 AM,786,214,Ruta 1-A: Montaña Machupicchu,50,2,48
2026-10-04T13:15:53+00:00,2026-10-04T08:15:53-05:00,2026-10-05,06:00 AM,786,214,Ruta 1-B: Terraza superior,100,1,99
2026-10-04T13:15:53+00:00,2026-10-04T08:15:53-05:00,2026-10-05,06:00 AM,786,214,Ruta 2-A: Clásico Diseñada,600,176,424
2026-10-04T13:15:53+00:00,2026-10-04T08:15:53-05:00,2026-10-05,06:00 AM,786,214,Ruta 2-B: Terraza Inferior,100,12,88
2026-10-04T13:15:53+00:00,2026-10-04T08:15:53-05:00,2026-10-05,06:00 AM,786,214,Ruta 3-A: Montaña Waynapicchu,50,8,42
2026-10-04T13:15:53+00:00,2026-10-04T08:15:53-05:00,2026-10-05,06:00 AM,786,214,Ruta 3-B: Realeza diseñada,100,0,100
2026-10-04T13:31:07+00:00,2026-10-04T08:31:07-05:00,2026-10-05,06:00 AM,751,249,Ruta 1-A: Montaña Machupicchu,50,3,47
2026-10-04T13:31:07+00:00,2026-10-04T08:31:07-05:00,2026-10-05,06:00 AM,751,249,Ruta 1-B: Terraza superior,100,1,99
2026-10-04T13:31:07+00:00,2026-10-04T08:31:07-05:00,2026-10-05,06:00 AM,751,249,Ruta 2-A: Clásico Diseñada,600,197,403
2026-10-04T13:31:07+00:00,2026-10-04T08:31:07-05:00,2026-10-05,06:00 AM,751,249,Ruta 2-B: Terraza Inferior,100,14,86
2026-10-04T13:31:07+00:00,2026-10-04T08:31:07-05:00,2026-10-05,06:00 AM,751,249,Ruta 3-A: Montaña Waynapicchu,50,8,42
2026-10-04T13:31:07+00:00,2026-10-04T08:31:07-05:00,2026-10-05,06:00 AM,751,249,Ruta 3-B: Realeza diseñada,100,0,100
2026-10-04T13:46:03+00:00,2026-10-04T08:46:03-05:00,2026-10-05,06:00 AM,735,265,Ruta 1-A: Montaña Machupicchu,50,3,47
2026-10-04T13:46:03+00:00,2026-10-04T08:46:03-05:00,2026-10-05,06:00 AM,735,265,Ruta 1-B: Terraza superior,100,1,99
2026-10-04T13:46:03+00:00,2026-10-04T08:46:03-05:00,2026-10-05,06:00 AM,735,265,Ruta 2-A: Clásico Diseñada,600,229,371
2026-10-04T13:46:03+00:00,2026-10-04T08:46:03-05:00,2026-10-05,06:00 AM,735,265,Ruta 2-B: Terraza Inferior,100,24,76
2026-10-04T13:46:03+00:00,2026-10-04T08:46:03-05:00,2026-10-05,06:00 AM,735,265,Ruta 3-A: Montaña Waynapicchu,50,8,42
2026-10-04T13:46:03+00:00,2026-10-04T08:46:03-05:00,2026-10-05,06:00 AM,735,265,Ruta 3-B: Realeza diseñada,100,0,100
2026-10-04T14:01:24+00:00,2026-10-04T09:01:24-05:00,2026-10-05,06:00 AM,725,275,Ruta 1-A: Montaña Machupicchu,50,3,47
2026-10-04T14:01:24+00:00,2026-10-04T09:01:24-05:00,2026-10-05,06:00 AM,725,275,Ruta 1-B: Terraza superior,100,1,99
2026-10-04T14:01:24+00:00,2026-10-04T09:01:24-05:00,2026-10-05,06:00 AM,725,275,Ruta 2-A: Clásico Diseñada,600,233,367
2026-10-04T14:01:24+00:00,2026-10-04T09:01:24-05:00,2026-10-05,06:00 AM,725,275,Ruta 2-B: Terraza Inferior,100,26,74
2026-10-04T14:01:24+00:00,2026-10-04T09:01:24-05:00,2026-10-05,06:00 AM,725,275,Ruta 3-A: Montaña Waynapicchu,50,8,42
2026-10-04T14:01:24+00:00,2026-10-04T09:01:24-05:00,2026-10-05,06:00 AM,725,275,Ruta 3-B: Realeza diseñada,100,0,100
2026-10-04T14:16:11+00:00,2026-10-04T09:16:11-05:00,2026-10-05,06:00 AM,715,285,Ruta 1-A: Montaña Machupicchu,50,3,47
2026-10-04T14:16:11+00:00,2026-10-04T09:16:11-05:00,2026-10-05,06:00 AM,715,285,Ruta 1-B: Terraza superior,100,1,99
2026-10-04T14:16:11+00:00,2026-10-04T09:16:11-05:00,2026-10-05,06:00 AM,715,285,Ruta 2-A: Clásico Diseñada,600,247,353
2026-10-04T14:16:11+00:00,2026-10-04T09:16:11-05:00,2026-10-05,06:00 AM,715,285,Ruta 2-B: Terraza Inferior,100,26,74
2026-10-04T14:16:11+00:00,2026-10-04T09:16:11-05:00,2026-10-05,06:00 AM,715,285,Ruta 3-A: Montaña Waynapicchu,50,8,42
2026-10-04T14:16:11+00:00,2026-10-04T09:16:11-05:00,2026-10-05,06:00 AM,715,285,Ruta 3-B: Realeza diseñada,100,0,100
2026-10-04T14:31:09+00:00,2026-10-04T09:31:09-05:00,2026-10-05,06:00 AM,710,290,Ruta 1-A: Montaña Machupicchu,50,3,47
2026-10-04T14:31:09+00:00,2026-10-04T09:31:09-05:00,2026-10-05,06:00 AM,710,290,Ruta 1-B: Terraza superior,100,1,99
2026-10-04T14:31:09+00:00,2026-10-04T09:31:09-05:00,2026-10-05,06:00 AM,710,290,Ruta 2-A: Clásico Diseñada,600,249,351
2026-10-04T14:31:09+00:00,2026-10-04T09:31:09-05:00,2026-10-05,06:00 AM,710,290,Ruta 2-B: Terraza Inferior,100,26,74
2026-10-04T14:31:09+00:00,2026-10-04T09:31:09-05:00,2026-10-05,06:00 AM,710,290,Ruta 3-A: Montaña Waynapicchu,50,8,42
2026-10-04T14:31:09+00:00,2026-10-04T09:31:09-05:00,2026-10-05,06:00 AM,710,290,Ruta 3-B: Realeza diseñada,100,0,100
2026-10-04T14:45:52+00:00,2026-10-04T09:45:52-05:00,2026-10-05,06:00 AM,703,297,Ruta 1-A: Montaña Machupicchu,50,3,47
2026-10-04T14:45:52+00:00,2026-10-04T09:45:52-05:00,2026-10-05,06:00 AM,703,297,Ruta 1-B: Terraza superior,100,1,99
2026-10-04T14:45:52+00:00,2026-10-04T09:45:52-05:00,2026-10-05,06:00 AM,703,297,Ruta 2-A: Clásico Diseñada,600,258,342
2026-10-04T14:45:52+00:00,2026-10-04T09:45:52-05:00,2026-10-05,06:00 AM,703,297,Ruta 2-B: Terraza Inferior,100,26,74
2026-10-04T14:45:52+00:00,2026-10-04T09:45:52-05:00,2026-10-05,06:00 AM,703,297,Ruta 3-A: Montaña Waynapicchu,50,8,42
2026-10-04T14:45:52+00:00,2026-10-04T09:45:52-05:00,2026-10-05,06:00 AM,703,297,Ruta 3-B: Realeza diseñada,100,0,100
2026-10-04T15:15:55+00:00,2026-10-04T10:15:55-05:00,2026-10-05,06:00 AM,681,319,Ruta 1-A: Montaña Machupicchu,50,3,47
2026-10-04T15:15:55+00:00,2026-10-04T10:15:55-05:00,2026-10-05,06:00 AM,681,319,Ruta 1-B: Terraza superior,100,1,99
2026-10-04T15:15:55+00:00,2026-10-04T10:15:55-05:00,2026-10-05,06:00 AM,681,319,Ruta 2-A: Clásico Diseñada,600,272,328
2026-10-04T15:15:55+00:00,2026-10-04T10:15:55-05:00,2026-10-05,06:00 AM,681,319,Ruta 2-B: Terraza Inferior,100,30,70
2026-10-04T15:15:55+00:00,2026-10-04T10:15:55-05:00,2026-10-05,06:00 AM,681,319,Ruta 3-A: Montaña Waynapicchu,50,8,42
2026-10-04T15:15:55+00:00,2026-10-04T10:15:55-05:00,2026-10-05,06:00 AM,681,319,Ruta 3-B: Realeza diseñada,100,0,100
2026-10-04T15:31:03+00:00,2026-10-04T10:31:03-05:00,2026-10-05,06:00 AM,672,328,Ruta 1-A: Montaña Machupicchu,50,3,47
2026-10-04T15:31:03+00:00,2026-10-04T10:31:03-05:00,2026-10-05,06:00 AM,672,328,Ruta 1-B: Terraza superior,100,2,98
2026-10-04T15:31:03+00:00,2026-10-04T10:31:03-05:00,2026-10-05,06:00 AM,672,328,Ruta 2-A: Clásico Diseñada,600,279,321
2026-10-04T15:31:03+00:00,2026-10-04T10:31:03-05:00,2026-10-05,06:00 AM,672,328,Ruta 2-B: Terraza Inferior,100,35,65
2026-10-04T15:31:03+00:00,2026-10-04T10:31:03-05:00,2026-10-05,06:00 AM,672,328,Ruta 3-A: Montaña Waynapicchu,50,8,42
2026-10-04T15:31:03+00:00,2026-10-04T10:31:03-05:00,2026-10-05,06:00 AM,672,328,Ruta 3-B: Realeza diseñada,100,0,100
2026-10-04T15:46:04+00:00,2026-10-04T10:46:04-05:00,2026-10-05,06:00 AM,663,337,Ruta 1-A: Montaña Machupicchu,50,3,47
2026-10-04T15:46:04+00:00,2026-10-04T10:46:04-05:00,2026-10-05,06:00 AM,663,337,Ruta 1-B: Terraza superior,100,2,98
2026-10-04T15:46:04+00:00,2026-10-04T10:46:04-05:00,2026-10-05,06:00 AM,663,337,Ruta 2-A: Clásico Diseñada,600,285,315
2026-10-04T15:46:04+00:00,2026-10-04T10:46:04-05:00,2026-10-05,06:00 AM,663,337,Ruta 2-B: Terraza Inferior,100,36,64
2026-10-04T15:46:04+00:00,2026-10-04T10:46:04-05:00,2026-10-05,06:00 AM,663,337,Ruta 3-A: Montaña Waynapicchu,50,8,42
2026-10-04T15:46:04+00:00,2026-10-04T10:46:04-05:00,2026-10-05,06:00 AM,663,337,Ruta 3-B: Realeza diseñada,100,0,100
2026-10-04T16:01:31+00:00,2026-10-04T11:01:31-05:00,2026-10-05,06:00 AM,657,343,Ruta 1-A: Montaña Machupicchu,50,5,45
2026-10-04T16:01:31+00:00,2026-10-04T11:01:31-05:00,2026-10-05,06:00 AM,657,343,Ruta 1-B: Terraza superior,100,2,98
2026-10-04T16:01:31+00:00,2026-10-04T11:01:31-05:00,2026-10-05,06:00 AM,657,343,Ruta 2-A: Clásico Diseñada,600,290,310
2026-10-04T16:01:31+00:00,2026-10-04T11:01:31-05:00,2026-10-05,06:00 AM,657,343,Ruta 2-B: Terraza Inferior,100,37,63
2026-10-04T16:01:31+00:00,2026-10-04T11:01:31-05:00,2026-10-05,06:00 AM,657,343,Ruta 3-A: Montaña Waynapicchu,50,8,42
2026-10-04T16:01:31+00:00,2026-10-04T11:01:31-05:00,2026-10-05,06:00 AM,657,343,Ruta 3-B: Realeza diseñada,100,0,100
2026-10-04T16:16:40+00:00,2026-10-04T11:16:40-05:00,2026-10-05,06:00 AM,655,345,Ruta 1-A: Montaña Machupicchu,50,5,45
2026-10-04T16:16:40+00:00,2026-10-04T11:16:40-05:00,2026-10-05,06:00 AM,655,345,Ruta 1-B: Terraza superior,100,2,98
2026-10-04T16:16:40+00:00,2026-10-04T11:16:40-05:00,2026-10-05,06:00 AM,655,345,Ruta 2-A: Clásico Diseñada,600,290,310
2026-10-04T16:16:40+00:00,2026-10-04T11:16:40-05:00,2026-10-05,06:00 AM,655,345,Ruta 2-B: Terraza Inferior,100,37,63
2026-10-04T16:16:40+00:00,2026-10-04T11:16:40-05:00,2026-10-05,06:00 AM,655,345,Ruta 3-A: Montaña Waynapicchu,50,8,42
2026-10-04T16:16:40+00:00,2026-10-04T11:16:40-05:00,2026-10-05,06:00 AM,655,345,Ruta 3-B: Realeza diseñada,100,0,100
2026-10-04T16:31:08+00:00,2026-10-04T11:31:08-05:00,2026-10-05,06:00 AM,629,371,Ruta 1-A: Montaña Machupicchu,50,5,45
2026-10-04T16:31:08+00:00,2026-10-04T11:31:08-05:00,2026-10-05,06:00 AM,629,371,Ruta 1-B: Terraza superior,100,5,95
2026-10-04T16:31:08+00:00,2026-10-04T11:31:08-05:00,2026-10-05,06:00 AM,629,371,Ruta 2-A: Clásico Diseñada,600,299,301
2026-10-04T16:31:08+00:00,2026-10-04T11:31:08-05:00,2026-10-05,06:00 AM,629,371,Ruta 2-B: Terraza Inferior,100,39,61
2026-10-04T16:31:08+00:00,2026-10-04T11:31:08-05:00,2026-10-05,06:00 AM,629,371,Ruta 3-A: Montaña Waynapicchu,50,15,35
2026-10-04T16:31:08+00:00,2026-10-04T11:31:08-05:00,2026-10-05,06:00 AM,629,371,Ruta 3-B: Realeza diseñada,100,0,100
2026-10-04T16:45:58+00:00,2026-10-04T11:45:58-05:00,2026-10-05,06:00 AM,615,385,Ruta 1-A: Montaña Machupicchu,50,5,45
2026-10-04T16:45:58+00:00,2026-10-04T11:45:58-05:00,2026-10-05,06:00 AM,615,385,Ruta 1-B: Terraza superior,100,7,93
2026-10-04T16:45:58+00:00,2026-10-04T11:45:58-05:00,2026-10-05,06:00 AM,615,385,Ruta 2-A: Clásico Diseñada,600,304,296
2026-10-04T16:45:58+00:00,2026-10-04T11:45:58-05:00,2026-10-05,06:00 AM,615,385,Ruta 2-B: Terraza Inferior,100,46,54
2026-10-04T16:45:58+00:00,2026-10-04T11:45:58-05:00,2026-10-05,06:00 AM,615,385,Ruta 3-A: Montaña Waynapicchu,50,15,35
2026-10-04T16:45:58+00:00,2026-10-04T11:45:58-05:00,2026-10-05,06:00 AM,615,385,Ruta 3-B: Realeza diseñada,100,0,100
2026-10-04T17:01:27+00:00,2026-10-04T12:01:27-05:00,2026-10-05,06:00 AM,603,397,Ruta 1-A: Montaña Machupicchu,50,5,45
2026-10-04T17:01:27+00:00,2026-10-04T12:01:27-05:00,2026-10-05,06:00 AM,603,397,Ruta 1-B: Terraza superior,100,7,93
2026-10-04T17:01:27+00:00,2026-10-04T12:01:27-05:00,2026-10-05,06:00 AM,603,397,Ruta 2-A: Clásico Diseñada,600,311,289
2026-10-04T17:01:27+00:00,2026-10-04T12:01:27-05:00,2026-10-05,06:00 AM,603,397,Ruta 2-B: Terraza Inferior,100,46,54
2026-10-04T17:01:27+00:00,2026-10-04T12:01:27-05:00,2026-10-05,06:00 AM,603,397,Ruta 3-A: Montaña Waynapicchu,50,15,35
2026-10-04T17:01:27+00:00,2026-10-04T12:01:27-05:00,2026-10-05,06:00 AM,603,397,Ruta 3-B: Realeza diseñada,100,0,100
2026-10-04T17:16:00+00:00,2026-10-04T12:16:00-05:00,2026-10-05,06:00 AM,603,397,Ruta 1-A: Montaña Machupicchu,50,5,45
2026-10-04T17:16:00+00:00,2026-10-04T12:16:00-05:00,2026-10-05,06:00 AM,603,397,Ruta 1-B: Terraza superior,100,7,93
2026-10-04T17:16:00+00:00,2026-10-04T12:16:00-05:00,2026-10-05,06:00 AM,603,397,Ruta 2-A: Clásico Diseñada,600,319,281
2026-10-04T17:16:00+00:00,2026-10-04T12:16:00-05:00,2026-10-05,06:00 AM,603,397,Ruta 2-B: Terraza Inferior,100,50,50
2026-10-04T17:16:00+00:00,2026-10-04T12:16:00-05:00,2026-10-05,06:00 AM,603,397,Ruta 3-A: Montaña Waynapicchu,50,15,35
2026-10-04T17:16:00+00:00,2026-10-04T12:16:00-05:00,2026-10-05,06:00 AM,603,397,Ruta 3-B: Realeza diseñada,100,0,100
2026-10-04T17:31:16+00:00,2026-10-04T12:31:16-05:00,2026-10-05,06:00 AM,564,436,Ruta 1-A: Montaña Machupicchu,50,5,45
2026-10-04T17:31:16+00:00,2026-10-04T12:31:16-05:00,2026-10-05,06:00 AM,564,436,Ruta 1-B: Terraza superior,100,7,93
2026-10-04T17:31:16+00:00,2026-10-04T12:31:16-05:00,2026-10-05,06:00 AM,564,436,Ruta 2-A: Clásico Diseñada,600,331,269
2026-10-04T17:31:16+00:00,2026-10-04T12:31:16-05:00,2026-10-05,06:00 AM,564,436,Ruta 2-B: Terraza Inferior,100,50,50
2026-10-04T17:31:16+00:00,2026-10-04T12:31:16-05:00,2026-10-05,06:00 AM,564,436,Ruta 3-A: Montaña Waynapicchu,50,16,34
2026-10-04T17:31:16+00:00,2026-10-04T12:31:16-05:00,2026-10-05,06:00 AM,564,436,Ruta 3-B: Realeza diseñada,100,0,100
2026-10-04T17:45:55+00:00,2026-10-04T12:45:55-05:00,2026-10-05,06:00 AM,563,437,Ruta 1-A: Montaña Machupicchu,50,5,45
2026-10-04T17:45:55+00:00,2026-10-04T12:45:55-05:00,2026-10-05,06:00 AM,563,437,Ruta 1-B: Terraza superior,100,7,93
2026-10-04T17:45:55+00:00,2026-10-04T12:45:55-05:00,2026-10-05,06:00 AM,563,437,Ruta 2-A: Clásico Diseñada,600,355,245
2026-10-04T17:45:55+00:00,2026-10-04T12:45:55-05:00,2026-10-05,06:00 AM,563,437,Ruta 2-B: Terraza Inferior,100,52,48
2026-10-04T17:45:55+00:00,2026-10-04T12:45:55-05:00,2026-10-05,06:00 AM,563,437,Ruta 3-A: Montaña Waynapicchu,50,16,34
2026-10-04T17:45:55+00:00,2026-10-04T12:45:55-05:00,2026-10-05,06:00 AM,563,437,Ruta 3-B: Realeza diseñada,100,0,100
2026-10-04T18:01:16+00:00,2026-10-04T13:01:16-05:00,2026-10-05,06:00 AM,546,454,Ruta 1-A: Montaña Machupicchu,50,5,45
2026-10-04T18:01:16+00:00,2026-10-04T13:01:16-05:00,2026-10-05,06:00 AM,546,454,Ruta 1-B: Terraza superior,100,7,93
2026-10-04T18:01:16+00:00,2026-10-04T13:01:16-05:00,2026-10-05,06:00 AM,546,454,Ruta 2-A: Clásico Diseñada,600,366,234
2026-10-04T18:01:16+00:00,2026-10-04T13:01:16-05:00,2026-10-05,06:00 AM,546,454,Ruta 2-B: Terraza Inferior,100,54,46
2026-10-04T18:01:16+00:00,2026-10-04T13:01:16-05:00,2026-10-05,06:00 AM,546,454,Ruta 3-A: Montaña Waynapicchu,50,16,34
2026-10-04T18:01:16+00:00,2026-10-04T13:01:16-05:00,2026-10-05,06:00 AM,546,454,Ruta 3-B: Realeza diseñada,100,0,100
2026-10-04T18:16:03+00:00,2026-10-04T13:16:03-05:00,2026-10-05,06:00 AM,536,464,Ruta 1-A: Montaña Machupicchu,50,5,45
2026-10-04T18:16:03+00:00,2026-10-04T13:16:03-05:00,2026-10-05,06:00 AM,536,464,Ruta 1-B: Terraza superior,100,7,93
2026-10-04T18:16:03+00:00,2026-10-04T13:16:03-05:00,2026-10-05,06:00 AM,536,464,Ruta 2-A: Clásico Diseñada,600,377,223
2026-10-04T18:16:03+00:00,2026-10-04T13:16:03-05:00,2026-10-05,06:00 AM,536,464,Ruta 2-B: Terraza Inferior,100,56,44
2026-10-04T18:16:03+00:00,2026-10-04T13:16:03-05:00,2026-10-05,06:00 AM,536,464,Ruta 3-A: Montaña Waynapicchu,50,16,34
2026-10-04T18:16:03+00:00,2026-10-04T13:16:03-05:00,2026-10-05,06:00 AM,536,464,Ruta 3-B: Realeza diseñada,100,0,100
2026-10-04T18:31:15+00:00,2026-10-04T13:31:15-05:00,2026-10-05,06:00 AM,533,467,Ruta 1-A: Montaña Machupicchu,50,5,45
2026-10-04T18:31:15+00:00,2026-10-04T13:31:15-05:00,2026-10-05,06:00 AM,533,467,Ruta 1-B: Terraza superior,100,7,93
2026-10-04T18:31:15+00:00,2026-10-04T13:31:15-05:00,2026-10-05,06:00 AM,533,467,Ruta 2-A: Clásico Diseñada,600,380,220
2026-10-04T18:31:15+00:00,2026-10-04T13:31:15-05:00,2026-10-05,06:00 AM,533,467,Ruta 2-B: Terraza Inferior,100,56,44
2026-10-04T18:31:15+00:00,2026-10-04T13:31:15-05:00,2026-10-05,06:00 AM,533,467,Ruta 3-A: Montaña Waynapicchu,50,16,34
2026-10-04T18:31:15+00:00,2026-10-04T13:31:15-05:00,2026-10-05,06:00 AM,533,467,Ruta 3-B: Realeza diseñada,100,0,100
2026-10-04T18:45:36+00:00,2026-10-04T13:45:36-05:00,2026-10-05,06:00 AM,517,483,Ruta 1-A: Montaña Machupicchu,50,5,45
2026-10-04T18:45:36+00:00,2026-10-04T13:45:36-05:00,2026-10-05,06:00 AM,517,483,Ruta 1-B: Terraza superior,100,7,93
2026-10-04T18:45:36+00:00,2026-10-04T13:45:36-05:00,2026-10-05,06:00 AM,517,483,Ruta 2-A: Clásico Diseñada,600,386,214
2026-10-04T18:45:36+00:00,2026-10-04T13:45:36-05:00,2026-10-05,06:00 AM,517,483,Ruta 2-B: Terraza Inferior,100,59,41
2026-10-04T18:45:36+00:00,2026-10-04T13:45:36-05:00,2026-10-05,06:00 AM,517,483,Ruta 3-A: Montaña Waynapicchu,50,16,34
2026-10-04T18:45:36+00:00,2026-10-04T13:45:36-05:00,2026-10-05,06:00 AM,517,483,Ruta 3-B: Realeza diseñada,100,0,100
2026-10-04T19:01:16+00:00,2026-10-04T14:01:16-05:00,2026-10-05,06:00 AM,495,505,Ruta 1-A: Montaña Machupicchu,50,5,45
2026-10-04T19:01:16+00:00,2026-10-04T14:01:16-05:00,2026-10-05,06:00 AM,495,505,Ruta 1-B: Terraza superior,100,10,90
2026-10-04T19:01:16+00:00,2026-10-04T14:01:16-05:00,2026-10-05,06:00 AM,495,505,Ruta 2-A: Clásico Diseñada,600,394,206
2026-10-04T19:01:16+00:00,2026-10-04T14:01:16-05:00,2026-10-05,06:00 AM,495,505,Ruta 2-B: Terraza Inferior,100,61,39
2026-10-04T19:01:16+00:00,2026-10-04T14:01:16-05:00,2026-10-05,06:00 AM,495,505,Ruta 3-A: Montaña Waynapicchu,50,17,33
2026-10-04T19:01:16+00:00,2026-10-04T14:01:16-05:00,2026-10-05,06:00 AM,495,505,Ruta 3-B: Realeza diseñada,100,6,94
2026-10-04T19:15:59+00:00,2026-10-04T14:15:59-05:00,2026-10-05,06:00 AM,484,516,Ruta 1-A: Montaña Machupicchu,50,5,45
2026-10-04T19:15:59+00:00,2026-10-04T14:15:59-05:00,2026-10-05,06:00 AM,484,516,Ruta 1-B: Terraza superior,100,10,90
2026-10-04T19:15:59+00:00,2026-10-04T14:15:59-05:00,2026-10-05,06:00 AM,484,516,Ruta 2-A: Clásico Diseñada,600,415,185
2026-10-04T19:15:59+00:00,2026-10-04T14:15:59-05:00,2026-10-05,06:00 AM,484,516,Ruta 2-B: Terraza Inferior,100,61,39
2026-10-04T19:15:59+00:00,2026-10-04T14:15:59-05:00,2026-10-05,06:00 AM,484,516,Ruta 3-A: Montaña Waynapicchu,50,17,33
2026-10-04T19:15:59+00:00,2026-10-04T14:15:59-05:00,2026-10-05,06:00 AM,484,516,Ruta 3-B: Realeza diseñada,100,6,94
2026-10-04T19:31:02+00:00,2026-10-04T14:31:02-05:00,2026-10-05,06:00 AM,472,528,Ruta 1-A: Montaña Machupicchu,50,5,45
2026-10-04T19:31:02+00:00,2026-10-04T14:31:02-05:00,2026-10-05,06:00 AM,472,528,Ruta 1-B: Terraza superior,100,10,90
2026-10-04T19:31:02+00:00,2026-10-04T14:31:02-05:00,2026-10-05,06:00 AM,472,528,Ruta 2-A: Clásico Diseñada,600,423,177
2026-10-04T19:31:02+00:00,2026-10-04T14:31:02-05:00,2026-10-05,06:00 AM,472,528,Ruta 2-B: Terraza Inferior,100,61,39
2026-10-04T19:31:02+00:00,2026-10-04T14:31:02-05:00,2026-10-05,06:00 AM,472,528,Ruta 3-A: Montaña Waynapicchu,50,18,32
2026-10-04T19:31:02+00:00,2026-10-04T14:31:02-05:00,2026-10-05,06:00 AM,472,528,Ruta 3-B: Realeza diseñada,100,6,94
2026-10-04T19:46:04+00:00,2026-10-04T14:46:04-05:00,2026-10-05,06:00 AM,436,564,Ruta 1-A: Montaña Machupicchu,50,5,45
2026-10-04T19:46:04+00:00,2026-10-04T14:46:04-05:00,2026-10-05,06:00 AM,436,564,Ruta 1-B: Terraza superior,100,10,90
2026-10-04T19:46:04+00:00,2026-10-04T14:46:04-05:00,2026-10-05,06:00 AM,436,564,Ruta 2-A: Clásico Diseñada,600,444,156
2026-10-04T19:46:04+00:00,2026-10-04T14:46:04-05:00,2026-10-05,06:00 AM,436,564,Ruta 2-B: Terraza Inferior,100,63,37
2026-10-04T19:46:04+00:00,2026-10-04T14:46:04-05:00,2026-10-05,06:00 AM,436,564,Ruta 3-A: Montaña Waynapicchu,50,25,25
2026-10-04T19:46:04+00:00,2026-10-04T14:46:04-05:00,2026-10-05,06:00 AM,436,564,Ruta 3-B: Realeza diseñada,100,6,94
2026-10-04T20:01:12+00:00,2026-10-04T15:01:12-05:00,2026-10-05,06:00 AM,414,586,Ruta 1-A: Montaña Machupicchu,50,5,45
2026-10-04T20:01:12+00:00,2026-10-04T15:01:12-05:00,2026-10-05,06:00 AM,414,586,Ruta 1-B: Terraza superior,100,13,87
2026-10-04T20:01:12+00:00,2026-10-04T15:01:12-05:00,2026-10-05,06:00 AM,414,586,Ruta 2-A: Clásico Diseñada,600,462,138
2026-10-04T20:01:12+00:00,2026-10-04T15:01:12-05:00,2026-10-05,06:00 AM,414,586,Ruta 2-B: Terraza Inferior,100,64,36
2026-10-04T20:01:12+00:00,2026-10-04T15:01:12-05:00,2026-10-05,06:00 AM,414,586,Ruta 3-A: Montaña Waynapicchu,50,25,25
2026-10-04T20:01:12+00:00,2026-10-04T15:01:12-05:00,2026-10-05,06:00 AM,414,586,Ruta 3-B: Realeza diseñada,100,8,92
2026-10-04T20:15:57+00:00,2026-10-04T15:15:57-05:00,2026-10-05,06:00 AM,391,609,Ruta 1-A: Montaña Machupicchu,50,5,45
2026-10-04T20:15:57+00:00,2026-10-04T15:15:57-05:00,2026-10-05,06:00 AM,391,609,Ruta 1-B: Terraza superior,100,13,87
2026-10-04T20:15:57+00:00,2026-10-04T15:15:57-05:00,2026-10-05,06:00 AM,391,609,Ruta 2-A: Clásico Diseñada,600,470,130
2026-10-04T20:15:57+00:00,2026-10-04T15:15:57-05:00,2026-10-05,06:00 AM,391,609,Ruta 2-B: Terraza Inferior,100,64,36
2026-10-04T20:15:57+00:00,2026-10-04T15:15:57-05:00,2026-10-05,06:00 AM,391,609,Ruta 3-A: Montaña Waynapicchu,50,26,24
2026-10-04T20:15:57+00:00,2026-10-04T15:15:57-05:00,2026-10-05,06:00 AM,391,609,Ruta 3-B: Realeza diseñada,100,8,92
2026-10-04T20:45:57+00:00,2026-10-04T15:45:57-05:00,2026-10-05,06:00 AM,331,669,Ruta 1-A: Montaña Machupicchu,50,5,45
2026-10-04T20:45:57+00:00,2026-10-04T15:45:57-05:00,2026-10-05,06:00 AM,331,669,Ruta 1-B: Terraza superior,100,16,84
2026-10-04T20:45:57+00:00,2026-10-04T15:45:57-05:00,2026-10-05,06:00 AM,331,669,Ruta 2-A: Clásico Diseñada,600,497,103
2026-10-04T20:45:57+00:00,2026-10-04T15:45:57-05:00,2026-10-05,06:00 AM,331,669,Ruta 2-B: Terraza Inferior,100,65,35
2026-10-04T20:45:57+00:00,2026-10-04T15:45:57-05:00,2026-10-05,06:00 AM,331,669,Ruta 3-A: Montaña Waynapicchu,50,28,22
2026-10-04T20:45:57+00:00,2026-10-04T15:45:57-05:00,2026-10-05,06:00 AM,331,669,Ruta 3-B: Realeza diseñada,100,8,92
2026-10-04T21:15:59+00:00,2026-10-04T16:15:59-05:00,2026-10-05,06:00 AM,308,692,Ruta 1-A: Montaña Machupicchu,50,5,45
2026-10-04T21:15:59+00:00,2026-10-04T16:15:59-05:00,2026-10-05,06:00 AM,308,692,Ruta 1-B: Terraza superior,100,19,81
2026-10-04T21:15:59+00:00,2026-10-04T16:15:59-05:00,2026-10-05,06:00 AM,308,692,Ruta 2-A: Clásico Diseñada,600,548,52
2026-10-04T21:15:59+00:00,2026-10-04T16:15:59-05:00,2026-10-05,06:00 AM,308,692,Ruta 2-B: Terraza Inferior,100,67,33
2026-10-04T21:15:59+00:00,2026-10-04T16:15:59-05:00,2026-10-05,06:00 AM,308,692,Ruta 3-A: Montaña Waynapicchu,50,30,20
2026-10-04T21:15:59+00:00,2026-10-04T16:15:59-05:00,2026-10-05,06:00 AM,308,692,Ruta 3-B: Realeza diseñada,100,11,89
2026-10-04T21:31:07+00:00,2026-10-04T16:31:07-05:00,2026-10-05,06:00 AM,299,701,Ruta 1-A: Montaña Machupicchu,50,5,45
2026-10-04T21:31:07+00:00,2026-10-04T16:31:07-05:00,2026-10-05,06:00 AM,299,701,Ruta 1-B: Terraza superior,100,19,81
2026-10-04T21:31:07+00:00,2026-10-04T16:31:07-05:00,2026-10-05,06:00 AM,299,701,Ruta 2-A: Clásico Diseñada,600,554,46
2026-10-04T21:31:07+00:00,2026-10-04T16:31:07-05:00,2026-10-05,06:00 AM,299,701,Ruta 2-B: Terraza Inferior,100,67,33
2026-10-04T21:31:07+00:00,2026-10-04T16:31:07-05:00,2026-10-05,06:00 AM,299,701,Ruta 3-A: Montaña Waynapicchu,50,30,20
2026-10-04T21:31:07+00:00,2026-10-04T16:31:07-05:00,2026-10-05,06:00 AM,299,701,Ruta 3-B: Realeza diseñada,100,13,87
2026-10-04T21:46:10+00:00,2026-10-04T16:46:10-05:00,2026-10-05,06:00 AM,290,710,Ruta 1-A: Montaña Machupicchu,50,5,45
2026-10-04T21:46:10+00:00,2026-10-04T16:46:10-05:00,2026-10-05,06:00 AM,290,710,Ruta 1-B: Terraza superior,100,19,81
2026-10-04T21:46:10+00:00,2026-10-04T16:46:10-05:00,2026-10-05,06:00 AM,290,710,Ruta 2-A: Clásico Diseñada,600,554,46
2026-10-04T21:46:10+00:00,2026-10-04T16:46:10-05:00,2026-10-05,06:00 AM,290,710,Ruta 2-B: Terraza Inferior,100,70,30
2026-10-04T21:46:10+00:00,2026-10-04T16:46:10-05:00,2026-10-05,06:00 AM,290,710,Ruta 3-A: Montaña Waynapicchu,50,31,19
2026-10-04T21:46:10+00:00,2026-10-04T16:46:10-05:00,2026-10-05,06:00 AM,290,710,Ruta 3-B: Realeza diseñada,100,17,83
2026-10-04T22:00:20+00:00,2026-10-04T17:00:20-05:00,2026-10-05,06:00 AM,282,718,Ruta 1-A: Montaña Machupicchu,50,5,45
2026-10-04T22:00:20+00:00,2026-10-04T17:00:20-05:00,2026-10-05,06:00 AM,282,718,Ruta 1-B: Terraza superior,100,21,79
2026-10-04T22:00:20+00:00,2026-10-04T17:00:20-05:00,2026-10-05,06:00 AM,282,718,Ruta 2-A: Clásico Diseñada,600,559,41
2026-10-04T22:00:20+00:00,2026-10-04T17:00:20-05:00,2026-10-05,06:00 AM,282,718,Ruta 2-B: Terraza Inferior,100,71,29
2026-10-04T22:00:20+00:00,2026-10-04T17:00:20-05:00,2026-10-05,06:00 AM,282,718,Ruta 3-A: Montaña Waynapicchu,50,33,17
2026-10-04T22:00:20+00:00,2026-10-04T17:00:20-05:00,2026-10-05,06:00 AM,282,718,Ruta 3-B: Realeza diseñada,100,17,83
2026-10-04T23:01:16+00:00,2026-10-04T18:01:16-05:00,2026-10-05,06:00 AM,245,755,Ruta 1-A: Montaña Machupicchu,50,5,45
2026-10-04T23:01:16+00:00,2026-10-04T18:01:16-05:00,2026-10-05,06:00 AM,245,755,Ruta 1-B: Terraza superior,100,23,77
2026-10-04T23:01:16+00:00,2026-10-04T18:01:16-05:00,2026-10-05,06:00 AM,245,755,Ruta 2-A: Clásico Diseñada,600,566,34
2026-10-04T23:01:16+00:00,2026-10-04T18:01:16-05:00,2026-10-05,06:00 AM,245,755,Ruta 2-B: Terraza Inferior,100,76,24
2026-10-04T23:01:16+00:00,2026-10-04T18:01:16-05:00,2026-10-05,06:00 AM,245,755,Ruta 3-A: Montaña Waynapicchu,50,33,17
2026-10-04T23:01:16+00:00,2026-10-04T18:01:16-05:00,2026-10-05,06:00 AM,245,755,Ruta 3-B: Realeza diseñada,100,33,67
2026-10-05T00:26:25+00:00,2026-10-04T19:26:25-05:00,2026-10-06,06:00 AM,1000,0,Ruta 1-A: Montaña Machupicchu,50,0,50
2026-10-05T00:26:25+00:00,2026-10-04T19:26:25-05:00,2026-10-06,06:00 AM,1000,0,Ruta 1-B: Terraza superior,100,0,100
2026-10-05T00:26:25+00:00,2026-10-04T19:26:25-05:00,2026-10-06,06:00 AM,1000,0,Ruta 2-A: Clásico Diseñada,600,0,600
2026-10-05T00:26:25+00:00,2026-10-04T19:26:25-05:00,2026-10-06,06:00 AM,1000,0,Ruta 2-B: Terraza Inferior,100,0,100
2026-10-05T00:26:25+00:00,2026-10-04T19:26:25-05:00,2026-10-06,06:00 AM,1000,0,Ruta 3-A: Montaña Waynapicchu,50,0,50
2026-10-05T00:26:25+00:00,2026-10-04T19:26:25-05:00,2026-10-06,06:00 AM,1000,0,Ruta 3-B: Realeza diseñada,100,0,100
2026-10-05T01:01:22+00:00,2026-10-04T20:01:22-05:00,2026-10-06,06:00 AM,1000,0,Ruta 1-A: Montaña Machupicchu,50,0,50
2026-10-05T01:01:22+00:00,2026-10-04T20:01:22-05:00,2026-10-06,06:00 AM,1000,0,Ruta 1-B: Terraza superior,100,0,100
2026-10-05T01:01:22+00:00,2026-10-04T20:01:22-05:00,2026-10-06,06:00 AM,1000,0,Ruta 2-A: Clásico Diseñada,600,0,600
2026-10-05T01:01:22+00:00,2026-10-04T20:01:22-05:00,2026-10-06,06:00 AM,1000,0,Ruta 2-B: Terraza Inferior,100,0,100
2026-10-05T01:01:22+00:00,2026-10-04T20:01:22-05:00,2026-10-06,06:00 AM,1000,0,Ruta 3-A: Montaña Waynapicchu,50,0,50
2026-10-05T01:01:22+00:00,2026-10-04T20:01:22-05:00,2026-10-06,06:00 AM,1000,0,Ruta 3-B: Realeza diseñada,100,0,100
2026-10-05T02:34:48+00:00,2026-10-04T21:34:48-05:00,2026-10-06,06:00 AM,1000,0,Ruta 1-A: Montaña Machupicchu,50,0,50
2026-10-05T02:34:48+00:00,2026-10-04T21:34:48-05:00,2026-10-06,06:00 AM,1000,0,Ruta 1-B: Terraza superior,100,0,100
2026-10-05T02:34:48+00:00,2026-10-04T21:34:48-05:00,2026-10-06,06:00 AM,1000,0,Ruta 2-A: Clásico Diseñada,600,0,600
2026-10-05T02:34:48+00:00,2026-10-04T21:34:48-05:00,2026-10-06,06:00 AM,1000,0,Ruta 2-B: Terraza Inferior,100,0,100
2026-10-05T02:34:48+00:00,2026-10-04T21:34:48-05:00,2026-10-06,06:00 AM,1000,0,Ruta 3-A: Montaña Waynapicchu,50,0,50
2026-10-05T02:34:48+00:00,2026-10-04T21:34:48-05:00,2026-10-06,06:00 AM,1000,0,Ruta 3-B: Realeza diseñada,100,0,100
2026-10-05T07:01:21+00:00,2026-10-05T02:01:21-05:00,2026-10-06,06:00 AM,1000,0,Ruta 1-A: Montaña Machupicchu,50,0,50
2026-10-05T07:01:21+00:00,2026-10-05T02:01:21-05:00,2026-10-06,06:00 AM,1000,0,Ruta 1-B: Terraza superior,100,0,100
2026-10-05T07:01:21+00:00,2026-10-05T02:01:21-05:00,2026-10-06,06:00 AM,1000,0,Ruta 2-A: Clásico Diseñada,600,0,600
2026-10-05T07:01:21+00:00,2026-10-05T02:01:21-05:00,2026-10-06,06:00 AM,1000,0,Ruta 2-B: Terraza Inferior,100,0,100
2026-10-05T07:01:21+00:00,2026-10-05T02:01:21-05:00,2026-10-06,06:00 AM,1000,0,Ruta 3-A: Montaña Waynapicchu,50,0,50
2026-10-05T07:01:21+00:00,2026-10-05T02:01:21-05:00,2026-10-06,06:00 AM,1000,0,Ruta 3-B: Realeza diseñada,100,0,100
2026-10-05T09:01:25+00:00,2026-10-05T04:01:25-05:00,2026-10-06,06:00 AM,1000,0,Ruta 1-A: Montaña Machupicchu,50,0,50
2026-10-05T09:01:25+00:00,2026-10-05T04:01:25-05:00,2026-10-06,06:00 AM,1000,0,Ruta 1-B: Terraza superior,100,0,100
2026-10-05T09:01:25+00:00,2026-10-05T04:01:25-05:00,2026-10-06,06:00 AM,1000,0,Ruta 2-A: Clásico Diseñada,600,0,600
2026-10-05T09:01:25+00:00,2026-10-05T04:01:25-05:00,2026-10-06,06:00 AM,1000,0,Ruta 2-B: Terraza Inferior,100,0,100
2026-10-05T09:01:25+00:00,2026-10-05T04:01:25-05:00,2026-10-06,06:00 AM,1000,0,Ruta 3-A: Montaña Waynapicchu,50,0,50
2026-10-05T09:01:25+00:00,2026-10-05T04:01:25-05:00,2026-10-06,06:00 AM,1000,0,Ruta 3-B: Realeza diseñada,100,0,100
2026-10-05T09:16:01+00:00,2026-10-05T04:16:01-05:00,2026-10-06,06:00 AM,1000,0,Ruta 1-A: Montaña Machupicchu,50,0,50
2026-10-05T09:16:01+00:00,2026-10-05T04:16:01-05:00,2026-10-06,06:00 AM,1000,0,Ruta 1-B: Terraza superior,100,0,100
2026-10-05T09:16:01+00:00,2026-10-05T04:16:01-05:00,2026-10-06,06:00 AM,1000,0,Ruta 2-A: Clásico Diseñada,600,0,600
2026-10-05T09:16:01+00:00,2026-10-05T04:16:01-05:00,2026-10-06,06:00 AM,1000,0,Ruta 2-B: Terraza Inferior,100,0,100
2026-10-05T09:16:01+00:00,2026-10-05T04:16:01-05:00,2026-10-06,06:00 AM,1000,0,Ruta 3-A: Montaña Waynapicchu,50,0,50
2026-10-05T09:16:01+00:00,2026-10-05T04:16:01-05:00,2026-10-06,06:00 AM,1000,0,Ruta 3-B: Realeza diseñada,100,0,100
2026-10-05T09:31:20+00:00,2026-10-05T04:31:20-05:00,2026-10-06,06:00 AM,1000,0,Ruta 1-A: Montaña Machupicchu,50,0,50
2026-10-05T09:31:20+00:00,2026-10-05T04:31:20-05:00,2026-10-06,06:00 AM,1000,0,Ruta 1-B: Terraza superior,100,0,100
2026-10-05T09:31:20+00:00,2026-10-05T04:31:20-05:00,2026-10-06,06:00 AM,1000,0,Ruta 2-A: Clásico Diseñada,600,0,600
2026-10-05T09:31:20+00:00,2026-10-05T04:31:20-05:00,2026-10-06,06:00 AM,1000,0,Ruta 2-B: Terraza Inferior,100,0,100
2026-10-05T09:31:20+00:00,2026-10-05T04:31:20-05:00,2026-10-06,06:00 AM,1000,0,Ruta 3-A: Montaña Waynapicchu,50,0,50
2026-10-05T09:31:20+00:00,2026-10-05T04:31:20-05:00,2026-10-06,06:00 AM,1000,0,Ruta 3-B: Realeza diseñada,100,0,100
2026-10-05T09:46:00+00:00,2026-10-05T04:46:00-05:00,2026-10-06,06:00 AM,1000,0,Ruta 1-A: Montaña Machupicchu,50,0,50
2026-10-05T09:46:00+00:00,2026-10-05T04:46:00-05:00,2026-10-06,06:00 AM,1000,0,Ruta 1-B: Terraza superior,100,0,100
2026-10-05T09:46:00+00:00,2026-10-05T04:46:00-05:00,2026-10-06,06:00 AM,1000,0,Ruta 2-A: Clásico Diseñada,600,0,600
2026-10-05T09:46:00+00:00,2026-10-05T04:46:00-05:00,2026-10-06,06:00 AM,1000,0,Ruta 2-B: Terraza Inferior,100,0,100
2026-10-05T09:46:00+00:00,2026-10-05T04:46:00-05:00,2026-10-06,06:00 AM,1000,0,Ruta 3-A: Montaña Waynapicchu,50,0,50
2026-10-05T09:46:00+00:00,2026-10-05T04:46:00-05:00,2026-10-06,06:00 AM,1000,0,Ruta 3-B: Realeza diseñada,100,0,100
2026-10-05T10:01:16+00:00,2026-10-05T05:01:16-05:00,2026-10-06,06:00 AM,1000,0,Ruta 1-A: Montaña Machupicchu,50,0,50
2026-10-05T10:01:16+00:00,2026-10-05T05:01:16-05:00,2026-10-06,06:00 AM,1000,0,Ruta 1-B: Terraza superior,100,0,100
2026-10-05T10:01:16+00:00,2026-10-05T05:01:16-05:00,2026-10-06,06:00 AM,1000,0,Ruta 2-A: Clásico Diseñada,600,0,600
2026-10-05T10:01:16+00:00,2026-10-05T05:01:16-05:00,2026-10-06,06:00 AM,1000,0,Ruta 2-B: Terraza Inferior,100,0,100
2026-10-05T10:01:16+00:00,2026-10-05T05:01:16-05:00,2026-10-06,06:00 AM,1000,0,Ruta 3-A: Montaña Waynapicchu,50,0,50
2026-10-05T10:01:16+00:00,2026-10-05T05:01:16-05:00,2026-10-06,06:00 AM,1000,0,Ruta 3-B: Realeza diseñada,100,0,100
2026-10-05T10:15:55+00:00,2026-10-05T05:15:55-05:00,2026-10-06,06:00 AM,1000,0,Ruta 1-A: Montaña Machupicchu,50,0,50
2026-10-05T10:15:55+00:00,2026-10-05T05:15:55-05:00,2026-10-06,06:00 AM,1000,0,Ruta 1-B: Terraza superior,100,0,100
2026-10-05T10:15:55+00:00,2026-10-05T05:15:55-05:00,2026-10-06,06:00 AM,1000,0,Ruta 2-A: Clásico Diseñada,600,0,600
2026-10-05T10:15:55+00:00,2026-10-05T05:15:55-05:00,2026-10-06,06:00 AM,1000,0,Ruta 2-B: Terraza Inferior,100,0,100
2026-10-05T10:15:55+00:00,2026-10-05T05:15:55-05:00,2026-10-06,06:00 AM,1000,0,Ruta 3-A: Montaña Waynapicchu,50,0,50
2026-10-05T10:15:55+00:00,2026-10-05T05:15:55-05:00,2026-10-06,06:00 AM,1000,0,Ruta 3-B: Realeza diseñada,100,0,100
2026-10-05T10:31:08+00:00,2026-10-05T05:31:08-05:00,2026-10-06,06:00 AM,1000,0,Ruta 1-A: Montaña Machupicchu,50,0,50
2026-10-05T10:31:08+00:00,2026-10-05T05:31:08-05:00,2026-10-06,06:00 AM,1000,0,Ruta 1-B: Terraza superior,100,0,100
2026-10-05T10:31:08+00:00,2026-10-05T05:31:08-05:00,2026-10-06,06:00 AM,1000,0,Ruta 2-A: Clásico Diseñada,600,0,600
2026-10-05T10:31:08+00:00,2026-10-05T05:31:08-05:00,2026-10-06,06:00 AM,1000,0,Ruta 2-B: Terraza Inferior,100,0,100
2026-10-05T10:31:08+00:00,2026-10-05T05:31:08-05:00,2026-10-06,06:00 AM,1000,0,Ruta 3-A: Montaña Waynapicchu,50,0,50
2026-10-05T10:31:08+00:00,2026-10-05T05:31:08-05:00,2026-10-06,06:00 AM,1000,0,Ruta 3-B: Realeza diseñada,100,0,100
2026-10-05T10:46:03+00:00,2026-10-05T05:46:03-05:00,2026-10-06,06:00 AM,1000,0,Ruta 1-A: Montaña Machupicchu,50,0,50
2026-10-05T10:46:03+00:00,2026-10-05T05:46:03-05:00,2026-10-06,06:00 AM,1000,0,Ruta 1-B: Terraza superior,100,0,100
2026-10-05T10:46:03+00:00,2026-10-05T05:46:03-05:00,2026-10-06,06:00 AM,1000,0,Ruta 2-A: Clásico Diseñada,600,0,600
2026-10-05T10:46:03+00:00,2026-10-05T05:46:03-05:00,2026-10-06,06:00 AM,1000,0,Ruta 2-B: Terraza Inferior,100,0,100
2026-10-05T10:46:03+00:00,2026-10-05T05:46:03-05:00,2026-10-06,06:00 AM,1000,0,Ruta 3-A: Montaña Waynapicchu,50,0,50
2026-10-05T10:46:03+00:00,2026-10-05T05:46:03-05:00,2026-10-06,06:00 AM,1000,0,Ruta 3-B: Realeza diseñada,100,0,100
2026-10-05T10:55:19+00:00,2026-10-05T05:55:19-05:00,2026-10-06,06:00 AM,1000,0,Ruta 1-A: Montaña Machupicchu,50,0,50
2026-10-05T10:55:19+00:00,2026-10-05T05:55:19-05:00,2026-10-06,06:00 AM,1000,0,Ruta 1-B: Terraza superior,100,0,100
2026-10-05T10:55:19+00:00,2026-10-05T05:55:19-05:00,2026-10-06,06:00 AM,1000,0,Ruta 2-A: Clásico Diseñada,600,0,600
2026-10-05T10:55:19+00:00,2026-10-05T05:55:19-05:00,2026-10-06,06:00 AM,1000,0,Ruta 2-B: Terraza Inferior,100,0,100
2026-10-05T10:55:19+00:00,2026-10-05T05:55:19-05:00,2026-10-06,06:00 AM,1000,0,Ruta 3-A: Montaña Waynapicchu,50,0,50
2026-10-05T10:55:19+00:00,2026-10-05T05:55:19-05:00,2026-10-06,06:00 AM,1000,0,Ruta 3-B: Realeza diseñada,100,0,100
2026-10-05T11:01:29+00:00,2026-10-05T06:01:29-05:00,2026-10-06,06:00 AM,1000,0,Ruta 1-A: Montaña Machupicchu,50,0,50
2026-10-05T11:01:29+00:00,2026-10-05T06:01:29-05:00,2026-10-06,06:00 AM,1000,0,Ruta 1-B: Terraza superior,100,0,100
2026-10-05T11:01:29+00:00,2026-10-05T06:01:29-05:00,2026-10-06,06:00 AM,1000,0,Ruta 2-A: Clásico Diseñada,600,0,600
2026-10-05T11:01:29+00:00,2026-10-05T06:01:29-05:00,2026-10-06,06:00 AM,1000,0,Ruta 2-B: Terraza Inferior,100,0,100
2026-10-05T11:01:29+00:00,2026-10-05T06:01:29-05:00,2026-10-06,06:00 AM,1000,0,Ruta 3-A: Montaña Waynapicchu,50,0,50
2026-10-05T11:01:29+00:00,2026-10-05T06:01:29-05:00,2026-10-06,06:00 AM,1000,0,Ruta 3-B: Realeza diseñada,100,0,100
2026-10-05T11:15:57+00:00,2026-10-05T06:15:57-05:00,2026-10-06,06:00 AM,954,46,Ruta 1-A: Montaña Machupicchu,50,0,50
2026-10-05T11:15:57+00:00,2026-10-05T06:15:57-05:00,2026-10-06,06:00 AM,954,46,Ruta 1-B: Terraza superior,100,0,100
2026-10-05T11:15:57+00:00,2026-10-05T06:15:57-05:00,2026-10-06,06:00 AM,954,46,Ruta 2-A: Clásico Diseñada,600,33,567
2026-10-05T11:15:57+00:00,2026-10-05T06:15:57-05:00,2026-10-06,06:00 AM,954,46,Ruta 2-B: Terraza Inferior,100,0,100
2026-10-05T11:15:57+00:00,2026-10-05T06:15:57-05:00,2026-10-06,06:00 AM,954,46,Ruta 3-A: Montaña Waynapicchu,50,2,48
2026-10-05T11:15:57+00:00,2026-10-05T06:15:57-05:00,2026-10-06,06:00 AM,954,46,Ruta 3-B: Realeza diseñada,100,0,100
2026-10-05T11:31:24+00:00,2026-10-05T06:31:24-05:00,2026-10-06,06:00 AM,899,101,Ruta 1-A: Montaña Machupicchu,50,0,50
2026-10-05T11:31:24+00:00,2026-10-05T06:31:24-05:00,2026-10-06,06:00 AM,899,101,Ruta 1-B: Terraza superior,100,2,98
2026-10-05T11:31:24+00:00,2026-10-05T06:31:24-05:00,2026-10-06,06:00 AM,899,101,Ruta 2-A: Clásico Diseñada,600,80,520
2026-10-05T11:31:24+00:00,2026-10-05T06:31:24-05:00,2026-10-06,06:00 AM,899,101,Ruta 2-B: Terraza Inferior,100,0,100
2026-10-05T11:31:24+00:00,2026-10-05T06:31:24-05:00,2026-10-06,06:00 AM,899,101,Ruta 3-A: Montaña Waynapicchu,50,12,38
2026-10-05T11:31:24+00:00,2026-10-05T06:31:24-05:00,2026-10-06,06:00 AM,899,101,Ruta 3-B: Realeza diseñada,100,1,99
2026-10-05T11:45:58+00:00,2026-10-05T06:45:58-05:00,2026-10-06,06:00 AM,882,118,Ruta 1-A: Montaña Machupicchu,50,0,50
2026-10-05T11:45:58+00:00,2026-10-05T06:45:58-05:00,2026-10-06,06:00 AM,882,118,Ruta 1-B: Terraza superior,100,2,98
2026-10-05T11:45:58+00:00,2026-10-05T06:45:58-05:00,2026-10-06,06:00 AM,882,118,Ruta 2-A: Clásico Diseñada,600,90,510
2026-10-05T11:45:58+00:00,2026-10-05T06:45:58-05:00,2026-10-06,06:00 AM,882,118,Ruta 2-B: Terraza Inferior,100,2,98
2026-10-05T11:45:58+00:00,2026-10-05T06:45:58-05:00,2026-10-06,06:00 AM,882,118,Ruta 3-A: Montaña Waynapicchu,50,12,38
2026-10-05T11:45:58+00:00,2026-10-05T06:45:58-05:00,2026-10-06,06:00 AM,882,118,Ruta 3-B: Realeza diseñada,100,1,99
2026-10-05T12:01:26+00:00,2026-10-05T07:01:26-05:00,2026-10-06,06:00 AM,815,185,Ruta 1-A: Montaña Machupicchu,50,0,50
2026-10-05T12:01:26+00:00,2026-10-05T07:01:26-05:00,2026-10-06,06:00 AM,815,185,Ruta 1-B: Terraza superior,100,2,98
2026-10-05T12:01:26+00:00,2026-10-05T07:01:26-05:00,2026-10-06,06:00 AM,815,185,Ruta 2-A: Clásico Diseñada,600,142,458
2026-10-05T12:01:26+00:00,2026-10-05T07:01:26-05:00,2026-10-06,06:00 AM,815,185,Ruta 2-B: Terraza Inferior,100,8,92
2026-10-05T12:01:26+00:00,2026-10-05T07:01:26-05:00,2026-10-06,06:00 AM,815,185,Ruta 3-A: Montaña Waynapicchu,50,13,37
2026-10-05T12:01:26+00:00,2026-10-05T07:01:26-05:00,2026-10-06,06:00 AM,815,185,Ruta 3-B: Realeza diseñada,100,1,99
2026-10-05T12:15:59+00:00,2026-10-05T07:15:59-05:00,2026-10-06,06:00 AM,808,192,Ruta 1-A: Montaña Machupicchu,50,0,50
2026-10-05T12:15:59+00:00,2026-10-05T07:15:59-05:00,2026-10-06,06:00 AM,808,192,Ruta 1-B: Terraza superior,100,2,98
2026-10-05T12:15:59+00:00,2026-10-05T07:15:59-05:00,2026-10-06,06:00 AM,808,192,Ruta 2-A: Clásico Diseñada,600,162,438
2026-10-05T12:15:59+00:00,2026-10-05T07:15:59-05:00,2026-10-06,06:00 AM,808,192,Ruta 2-B: Terraza Inferior,100,11,89
2026-10-05T12:15:59+00:00,2026-10-05T07:15:59-05:00,2026-10-06,06:00 AM,808,192,Ruta 3-A: Montaña Waynapicchu,50,13,37
2026-10-05T12:15:59+00:00,2026-10-05T07:15:59-05:00,2026-10-06,06:00 AM,808,192,Ruta 3-B: Realeza diseñada,100,1,99
2026-10-05T12:31:29+00:00,2026-10-05T07:31:29-05:00,2026-10-06,06:00 AM,808,192,Ruta 1-A: Montaña Machupicchu,50,0,50
2026-10-05T12:31:29+00:00,2026-10-05T07:31:29-05:00,2026-10-06,06:00 AM,808,192,Ruta 1-B: Terraza superior,100,2,98
2026-10-05T12:31:29+00:00,2026-10-05T07:31:29-05:00,2026-10-06,06:00 AM,808,192,Ruta 2-A: Clásico Diseñada,600,162,438
2026-10-05T12:31:29+00:00,2026-10-05T07:31:29-05:00,2026-10-06,06:00 AM,808,192,Ruta 2-B: Terraza Inferior,100,11,89
2026-10-05T12:31:29+00:00,2026-10-05T07:31:29-05:00,2026-10-06,06:00 AM,808,192,Ruta 3-A: Montaña Waynapicchu,50,13,37
2026-10-05T12:31:29+00:00,2026-10-05T07:31:29-05:00,2026-10-06,06:00 AM,808,192,Ruta 3-B: Realeza diseñada,100,1,99
2026-10-05T12:45:52+00:00,2026-10-05T07:45:52-05:00,2026-10-06,06:00 AM,804,196,Ruta 1-A: Montaña Machupicchu,50,0,50
2026-10-05T12:45:52+00:00,2026-10-05T07:45:52-05:00,2026-10-06,06:00 AM,804,196,Ruta 1-B: Terraza superior,100,2,98
2026-10-05T12:45:52+00:00,2026-10-05T07:45:52-05:00,2026-10-06,06:00 AM,804,196,Ruta 2-A: Clásico Diseñada,600,164,436
2026-10-05T12:45:52+00:00,2026-10-05T07:45:52-05:00,2026-10-06,06:00 AM,804,196,Ruta 2-B: Terraza Inferior,100,11,89
2026-10-05T12:45:52+00:00,2026-10-05T07:45:52-05:00,2026-10-06,06:00 AM,804,196,Ruta 3-A: Montaña Waynapicchu,50,13,37
2026-10-05T12:45:52+00:00,2026-10-05T07:45:52-05:00,2026-10-06,06:00 AM,804,196,Ruta 3-B: Realeza diseñada,100,1,99
2026-10-05T13:01:25+00:00,2026-10-05T08:01:25-05:00,2026-10-06,06:00 AM,785,215,Ruta 1-A: Montaña Machupicchu,50,0,50
2026-10-05T13:01:25+00:00,2026-10-05T08:01:25-05:00,2026-10-06,06:00 AM,785,215,Ruta 1-B: Terraza superior,100,2,98
2026-10-05T13:01:25+00:00,2026-10-05T08:01:25-05:00,2026-10-06,06:00 AM,785,215,Ruta 2-A: Clásico Diseñada,600,171,429
2026-10-05T13:01:25+00:00,2026-10-05T08:01:25-05:00,2026-10-06,06:00 AM,785,215,Ruta 2-B: Terraza Inferior,100,13,87
2026-10-05T13:01:25+00:00,2026-10-05T08:01:25-05:00,2026-10-06,06:00 AM,785,215,Ruta 3-A: Montaña Waynapicchu,50,13,37
2026-10-05T13:01:25+00:00,2026-10-05T08:01:25-05:00,2026-10-06,06:00 AM,785,215,Ruta 3-B: Realeza diseñada,100,1,99
2026-10-05T13:16:04+00:00,2026-10-05T08:16:04-05:00,2026-10-06,06:00 AM,781,219,Ruta 1-A: Montaña Machupicchu,50,0,50
2026-10-05T13:16:04+00:00,2026-10-05T08:16:04-05:00,2026-10-06,06:00 AM,781,219,Ruta 1-B: Terraza superior,100,2,98
2026-10-05T13:16:04+00:00,2026-10-05T08:16:04-05:00,2026-10-06,06:00 AM,781,219,Ruta 2-A: Clásico Diseñada,600,186,414
2026-10-05T13:16:04+00:00,2026-10-05T08:16:04-05:00,2026-10-06,06:00 AM,781,219,Ruta 2-B: Terraza Inferior,100,13,87
2026-10-05T13:16:04+00:00,2026-10-05T08:16:04-05:00,2026-10-06,06:00 AM,781,219,Ruta 3-A: Montaña Waynapicchu,50,13,37
2026-10-05T13:16:04+00:00,2026-10-05T08:16:04-05:00,2026-10-06,06:00 AM,781,219,Ruta 3-B: Realeza diseñada,100,1,99
2026-10-05T13:31:22+00:00,2026-10-05T08:31:22-05:00,2026-10-06,06:00 AM,724,276,Ruta 1-A: Montaña Machupicchu,50,0,50
2026-10-05T13:31:22+00:00,2026-10-05T08:31:22-05:00,2026-10-06,06:00 AM,724,276,Ruta 1-B: Terraza superior,100,2,98
2026-10-05T13:31:22+00:00,2026-10-05T08:31:22-05:00,2026-10-06,06:00 AM,724,276,Ruta 2-A: Clásico Diseñada,600,216,384
2026-10-05T13:31:22+00:00,2026-10-05T08:31:22-05:00,2026-10-06,06:00 AM,724,276,Ruta 2-B: Terraza Inferior,100,13,87
2026-10-05T13:31:22+00:00,2026-10-05T08:31:22-05:00,2026-10-06,06:00 AM,724,276,Ruta 3-A: Montaña Waynapicchu,50,13,37
2026-10-05T13:31:22+00:00,2026-10-05T08:31:22-05:00,2026-10-06,06:00 AM,724,276,Ruta 3-B: Realeza diseñada,100,1,99
2026-10-05T13:46:00+00:00,2026-10-05T08:46:00-05:00,2026-10-06,06:00 AM,681,319,Ruta 1-A: Montaña Machupicchu,50,0,50
2026-10-05T13:46:00+00:00,2026-10-05T08:46:00-05:00,2026-10-06,06:00 AM,681,319,Ruta 1-B: Terraza superior,100,2,98
2026-10-05T13:46:00+00:00,2026-10-05T08:46:00-05:00,2026-10-06,06:00 AM,681,319,Ruta 2-A: Clásico Diseñada,600,250,350
2026-10-05T13:46:00+00:00,2026-10-05T08:46:00-05:00,2026-10-06,06:00 AM,681,319,Ruta 2-B: Terraza Inferior,100,14,86
2026-10-05T13:46:00+00:00,2026-10-05T08:46:00-05:00,2026-10-06,06:00 AM,681,319,Ruta 3-A: Montaña Waynapicchu,50,14,36
2026-10-05T13:46:00+00:00,2026-10-05T08:46:00-05:00,2026-10-06,06:00 AM,681,319,Ruta 3-B: Realeza diseñada,100,6,94
2026-10-05T14:01:19+00:00,2026-10-05T09:01:19-05:00,2026-10-06,06:00 AM,645,355,Ruta 1-A: Montaña Machupicchu,50,0,50
2026-10-05T14:01:19+00:00,2026-10-05T09:01:19-05:00,2026-10-06,06:00 AM,645,355,Ruta 1-B: Terraza superior,100,2,98
2026-10-05T14:01:19+00:00,2026-10-05T09:01:19-05:00,2026-10-06,06:00 AM,645,355,Ruta 2-A: Clásico Diseñada,600,278,322
2026-10-05T14:01:19+00:00,2026-10-05T09:01:19-05:00,2026-10-06,06:00 AM,645,355,Ruta 2-B: Terraza Inferior,100,20,80
2026-10-05T14:01:19+00:00,2026-10-05T09:01:19-05:00,2026-10-06,06:00 AM,645,355,Ruta 3-A: Montaña Waynapicchu,50,14,36
2026-10-05T14:01:19+00:00,2026-10-05T09:01:19-05:00,2026-10-06,06:00 AM,645,355,Ruta 3-B: Realeza diseñada,100,10,90
2026-10-05T14:16:10+00:00,2026-10-05T09:16:10-05:00,2026-10-06,06:00 AM,596,404,Ruta 1-A: Montaña Machupicchu,50,0,50
2026-10-05T14:16:10+00:00,2026-10-05T09:16:10-05:00,2026-10-06,06:00 AM,596,404,Ruta 1-B: Terraza superior,100,12,88
2026-10-05T14:16:10+00:00,2026-10-05T09:16:10-05:00,2026-10-06,06:00 AM,596,404,Ruta 2-A: Clásico Diseñada,600,287,313
2026-10-05T14:16:10+00:00,2026-10-05T09:16:10-05:00,2026-10-06,06:00 AM,596,404,Ruta 2-B: Terraza Inferior,100,32,68
2026-10-05T14:16:10+00:00,2026-10-05T09:16:10-05:00,2026-10-06,06:00 AM,596,404,Ruta 3-A: Montaña Waynapicchu,50,16,34
2026-10-05T14:16:10+00:00,2026-10-05T09:16:10-05:00,2026-10-06,06:00 AM,596,404,Ruta 3-B: Realeza diseñada,100,22,78
2026-10-05T14:31:15+00:00,2026-10-05T09:31:15-05:00,2026-10-06,06:00 AM,582,418,Ruta 1-A: Montaña Machupicchu,50,0,50
2026-10-05T14:31:15+00:00,2026-10-05T09:31:15-05:00,2026-10-06,06:00 AM,582,418,Ruta 1-B: Terraza superior,100,31,69
2026-10-05T14:31:15+00:00,2026-10-05T09:31:15-05:00,2026-10-06,06:00 AM,582,418,Ruta 2-A: Clásico Diseñada,600,305,295
2026-10-05T14:31:15+00:00,2026-10-05T09:31:15-05:00,2026-10-06,06:00 AM,582,418,Ruta 2-B: Terraza Inferior,100,32,68
2026-10-05T14:31:15+00:00,2026-10-05T09:31:15-05:00,2026-10-06,06:00 AM,582,418,Ruta 3-A: Montaña Waynapicchu,50,16,34
2026-10-05T14:31:15+00:00,2026-10-05T09:31:15-05:00,2026-10-06,06:00 AM,582,418,Ruta 3-B: Realeza diseñada,100,22,78
2026-10-05T14:46:00+00:00,2026-10-05T09:46:00-05:00,2026-10-06,06:00 AM,554,446,Ruta 1-A: Montaña Machupicchu,50,0,50
2026-10-05T14:46:00+00:00,2026-10-05T09:46:00-05:00,2026-10-06,06:00 AM,554,446,Ruta 1-B: Terraza superior,100,33,67
2026-10-05T14:46:00+00:00,2026-10-05T09:46:00-05:00,2026-10-06,06:00 AM,554,446,Ruta 2-A: Clásico Diseñada,600,309,291
2026-10-05T14:46:00+00:00,2026-10-05T09:46:00-05:00,2026-10-06,06:00 AM,554,446,Ruta 2-B: Terraza Inferior,100,32,68
2026-10-05T14:46:00+00:00,2026-10-05T09:46:00-05:00,2026-10-06,06:00 AM,554,446,Ruta 3-A: Montaña Waynapicchu,50,16,34
2026-10-05T14:46:00+00:00,2026-10-05T09:46:00-05:00,2026-10-06,06:00 AM,554,446,Ruta 3-B: Realeza diseñada,100,22,78
2026-10-05T15:01:30+00:00,2026-10-05T10:01:30-05:00,2026-10-06,06:00 AM,519,481,Ruta 1-A: Montaña Machupicchu,50,0,50
2026-10-05T15:01:30+00:00,2026-10-05T10:01:30-05:00,2026-10-06,06:00 AM,519,481,Ruta 1-B: Terraza superior,100,33,67
2026-10-05T15:01:30+00:00,2026-10-05T10:01:30-05:00,2026-10-06,06:00 AM,519,481,Ruta 2-A: Clásico Diseñada,600,329,271
2026-10-05T15:01:30+00:00,2026-10-05T10:01:30-05:00,2026-10-06,06:00 AM,519,481,Ruta 2-B: Terraza Inferior,100,38,62
2026-10-05T15:01:30+00:00,2026-10-05T10:01:30-05:00,2026-10-06,06:00 AM,519,481,Ruta 3-A: Montaña Waynapicchu,50,16,34
2026-10-05T15:01:30+00:00,2026-10-05T10:01:30-05:00,2026-10-06,06:00 AM,519,481,Ruta 3-B: Realeza diseñada,100,22,78
2026-10-05T15:15:58+00:00,2026-10-05T10:15:58-05:00,2026-10-06,06:00 AM,497,503,Ruta 1-A: Montaña Machupicchu,50,0,50
2026-10-05T15:15:58+00:00,2026-10-05T10:15:58-05:00,2026-10-06,06:00 AM,497,503,Ruta 1-B: Terraza superior,100,33,67
2026-10-05T15:15:58+00:00,2026-10-05T10:15:58-05:00,2026-10-06,06:00 AM,497,503,Ruta 2-A: Clásico Diseñada,600,358,242
2026-10-05T15:15:58+00:00,2026-10-05T10:15:58-05:00,2026-10-06,06:00 AM,497,503,Ruta 2-B: Terraza Inferior,100,42,58
2026-10-05T15:15:58+00:00,2026-10-05T10:15:58-05:00,2026-10-06,06:00 AM,497,503,Ruta 3-A: Montaña Waynapicchu,50,16,34
2026-10-05T15:15:58+00:00,2026-10-05T10:15:58-05:00,2026-10-06,06:00 AM,497,503,Ruta 3-B: Realeza diseñada,100,22,78
2026-10-05T15:31:10+00:00,2026-10-05T10:31:10-05:00,2026-10-06,06:00 AM,496,504,Ruta 1-A: Montaña Machupicchu,50,0,50
2026-10-05T15:31:10+00:00,2026-10-05T10:31:10-05:00,2026-10-06,06:00 AM,496,504,Ruta 1-B: Terraza superior,100,33,67
2026-10-05T15:31:10+00:00,2026-10-05T10:31:10-05:00,2026-10-06,06:00 AM,496,504,Ruta 2-A: Clásico Diseñada,600,381,219
2026-10-05T15:31:10+00:00,2026-10-05T10:31:10-05:00,2026-10-06,06:00 AM,496,504,Ruta 2-B: Terraza Inferior,100,44,56
2026-10-05T15:31:10+00:00,2026-10-05T10:31:10-05:00,2026-10-06,06:00 AM,496,504,Ruta 3-A: Montaña Waynapicchu,50,17,33
2026-10-05T15:31:10+00:00,2026-10-05T10:31:10-05:00,2026-10-06,06:00 AM,496,504,Ruta 3-B: Realeza diseñada,100,22,78
2026-10-05T15:46:02+00:00,2026-10-05T10:46:02-05:00,2026-10-06,06:00 AM,491,509,Ruta 1-A: Montaña Machupicchu,50,0,50
2026-10-05T15:46:02+00:00,2026-10-05T10:46:02-05:00,2026-10-06,06:00 AM,491,509,Ruta 1-B: Terraza superior,100,33,67
2026-10-05T15:46:02+00:00,2026-10-05T10:46:02-05:00,2026-10-06,06:00 AM,491,509,Ruta 2-A: Clásico Diseñada,600,381,219
2026-10-05T15:46:02+00:00,2026-10-05T10:46:02-05:00,2026-10-06,06:00 AM,491,509,Ruta 2-B: Terraza Inferior,100,44,56
2026-10-05T15:46:02+00:00,2026-10-05T10:46:02-05:00,2026-10-06,06:00 AM,491,509,Ruta 3-A: Montaña Waynapicchu,50,21,29
2026-10-05T15:46:02+00:00,2026-10-05T10:46:02-05:00,2026-10-06,06:00 AM,491,509,Ruta 3-B: Realeza diseñada,100,22,78
2026-10-05T16:01:26+00:00,2026-10-05T11:01:26-05:00,2026-10-06,06:00 AM,489,511,Ruta 1-A: Montaña Machupicchu,50,0,50
2026-10-05T16:01:26+00:00,2026-10-05T11:01:26-05:00,2026-10-06,06:00 AM,489,511,Ruta 1-B: Terraza superior,100,33,67
2026-10-05T16:01:26+00:00,2026-10-05T11:01:26-05:00,2026-10-06,06:00 AM,489,511,Ruta 2-A: Clásico Diseñada,600,383,217
2026-10-05T16:01:26+00:00,2026-10-05T11:01:26-05:00,2026-10-06,06:00 AM,489,511,Ruta 2-B: Terraza Inferior,100,44,56
2026-10-05T16:01:26+00:00,2026-10-05T11:01:26-05:00,2026-10-06,06:00 AM,489,511,Ruta 3-A: Montaña Waynapicchu,50,22,28
2026-10-05T16:01:26+00:00,2026-10-05T11:01:26-05:00,2026-10-06,06:00 AM,489,511,Ruta 3-B: Realeza diseñada,100,22,78
2026-10-05T16:16:03+00:00,2026-10-05T11:16:03-05:00,2026-10-06,06:00 AM,487,513,Ruta 1-A: Montaña Machupicchu,50,0,50
2026-10-05T16:16:03+00:00,2026-10-05T11:16:03-05:00,2026-10-06,06:00 AM,487,513,Ruta 1-B: Terraza superior,100,33,67
2026-10-05T16:16:03+00:00,2026-10-05T11:16:03-05:00,2026-10-06,06:00 AM,487,513,Ruta 2-A: Clásico Diseñada,600,385,215
2026-10-05T16:16:03+00:00,2026-10-05T11:16:03-05:00,2026-10-06,06:00 AM,487,513,Ruta 2-B: Terraza Inferior,100,44,56
2026-10-05T16:16:03+00:00,2026-10-05T11:16:03-05:00,2026-10-06,06:00 AM,487,513,Ruta 3-A: Montaña Waynapicchu,50,22,28
2026-10-05T16:16:03+00:00,2026-10-05T11:16:03-05:00,2026-10-06,06:00 AM,487,513,Ruta 3-B: Realeza diseñada,100,22,78
2026-10-05T16:31:18+00:00,2026-10-05T11:31:18-05:00,2026-10-06,06:00 AM,486,514,Ruta 1-A: Montaña Machupicchu,50,0,50
2026-10-05T16:31:18+00:00,2026-10-05T11:31:18-05:00,2026-10-06,06:00 AM,486,514,Ruta 1-B: Terraza superior,100,33,67
2026-10-05T16:31:18+00:00,2026-10-05T11:31:18-05:00,2026-10-06,06:00 AM,486,514,Ruta 2-A: Clásico Diseñada,600,385,215
2026-10-05T16:31:18+00:00,2026-10-05T11:31:18-05:00,2026-10-06,06:00 AM,486,514,Ruta 2-B: Terraza Inferior,100,44,56
2026-10-05T16:31:18+00:00,2026-10-05T11:31:18-05:00,2026-10-06,06:00 AM,486,514,Ruta 3-A: Montaña Waynapicchu,50,22,28
2026-10-05T16:31:18+00:00,2026-10-05T11:31:18-05:00,2026-10-06,06:00 AM,486,514,Ruta 3-B: Realeza diseñada,100,22,78
2026-10-05T16:45:58+00:00,2026-10-05T11:45:58-05:00,2026-10-06,06:00 AM,482,518,Ruta 1-A: Montaña Machupicchu,50,0,50
2026-10-05T16:45:58+00:00,2026-10-05T11:45:58-05:00,2026-10-06,06:00 AM,482,518,Ruta 1-B: Terraza superior,100,33,67
2026-10-05T16:45:58+00:00,2026-10-05T11:45:58-05:00,2026-10-06,06:00 AM,482,518,Ruta 2-A: Clásico Diseñada,600,389,211
2026-10-05T16:45:58+00:00,2026-10-05T11:45:58-05:00,2026-10-06,06:00 AM,482,518,Ruta 2-B: Terraza Inferior,100,45,55
2026-10-05T16:45:58+00:00,2026-10-05T11:45:58-05:00,2026-10-06,06:00 AM,482,518,Ruta 3-A: Montaña Waynapicchu,50,22,28
2026-10-05T16:45:58+00:00,2026-10-05T11:45:58-05:00,2026-10-06,06:00 AM,482,518,Ruta 3-B: Realeza diseñada,100,22,78
2026-10-05T17:15:55+00:00,2026-10-05T12:15:55-05:00,2026-10-06,06:00 AM,457,543,Ruta 1-A: Montaña Machupicchu,50,2,48
2026-10-05T17:15:55+00:00,2026-10-05T12:15:55-05:00,2026-10-06,06:00 AM,457,543,Ruta 1-B: Terraza superior,100,33,67
2026-10-05T17:15:55+00:00,2026-10-05T12:15:55-05:00,2026-10-06,06:00 AM,457,543,Ruta 2-A: Clásico Diseñada,600,398,202
2026-10-05T17:15:55+00:00,2026-10-05T12:15:55-05:00,2026-10-06,06:00 AM,457,543,Ruta 2-B: Terraza Inferior,100,45,55
2026-10-05T17:15:55+00:00,2026-10-05T12:15:55-05:00,2026-10-06,06:00 AM,457,543,Ruta 3-A: Montaña Waynapicchu,50,24,26
2026-10-05T17:15:55+00:00,2026-10-05T12:15:55-05:00,2026-10-06,06:00 AM,457,543,Ruta 3-B: Realeza diseñada,100,22,78
2026-10-05T17:31:20+00:00,2026-10-05T12:31:20-05:00,2026-10-06,06:00 AM,395,605,Ruta 1-A: Montaña Machupicchu,50,3,47
2026-10-05T17:31:20+00:00,2026-10-05T12:31:20-05:00,2026-10-06,06:00 AM,395,605,Ruta 1-B: Terraza superior,100,33,67
2026-10-05T17:31:20+00:00,2026-10-05T12:31:20-05:00,2026-10-06,06:00 AM,395,605,Ruta 2-A: Clásico Diseñada,600,435,165
2026-10-05T17:31:20+00:00,2026-10-05T12:31:20-05:00,2026-10-06,06:00 AM,395,605,Ruta 2-B: Terraza Inferior,100,51,49
2026-10-05T17:31:20+00:00,2026-10-05T12:31:20-05:00,2026-10-06,06:00 AM,395,605,Ruta 3-A: Montaña Waynapicchu,50,24,26
2026-10-05T17:31:20+00:00,2026-10-05T12:31:20-05:00,2026-10-06,06:00 AM,395,605,Ruta 3-B: Realeza diseñada,100,42,58
2026-10-05T17:46:00+00:00,2026-10-05T12:46:00-05:00,2026-10-06,06:00 AM,370,630,Ruta 1-A: Montaña Machupicchu,50,3,47
2026-10-05T17:46:00+00:00,2026-10-05T12:46:00-05:00,2026-10-06,06:00 AM,370,630,Ruta 1-B: Terraza superior,100,33,67
2026-10-05T17:46:00+00:00,2026-10-05T12:46:00-05:00,2026-10-06,06:00 AM,370,630,Ruta 2-A: Clásico Diseñada,600,449,151
2026-10-05T17:46:00+00:00,2026-10-05T12:46:00-05:00,2026-10-06,06:00 AM,370,630,Ruta 2-B: Terraza Inferior,100,64,36
2026-10-05T17:46:00+00:00,2026-10-05T12:46:00-05:00,2026-10-06,06:00 AM,370,630,Ruta 3-A: Montaña Waynapicchu,50,25,25
2026-10-05T17:46:00+00:00,2026-10-05T12:46:00-05:00,2026-10-06,06:00 AM,370,630,Ruta 3-B: Realeza diseñada,100,42,58
2026-10-05T18:01:28+00:00,2026-10-05T13:01:28-05:00,2026-10-06,06:00 AM,363,637,Ruta 1-A: Montaña Machupicchu,50,3,47
2026-10-05T18:01:28+00:00,2026-10-05T13:01:28-05:00,2026-10-06,06:00 AM,363,637,Ruta 1-B: Terraza superior,100,33,67
2026-10-05T18:01:28+00:00,2026-10-05T13:01:28-05:00,2026-10-06,06:00 AM,363,637,Ruta 2-A: Clásico Diseñada,600,462,138
2026-10-05T18:01:28+00:00,2026-10-05T13:01:28-05:00,2026-10-06,06:00 AM,363,637,Ruta 2-B: Terraza Inferior,100,64,36
2026-10-05T18:01:28+00:00,2026-10-05T13:01:28-05:00,2026-10-06,06:00 AM,363,637,Ruta 3-A: Montaña Waynapicchu,50,25,25
2026-10-05T18:01:28+00:00,2026-10-05T13:01:28-05:00,2026-10-06,06:00 AM,363,637,Ruta 3-B: Realeza diseñada,100,42,58
2026-10-05T18:16:00+00:00,2026-10-05T13:16:00-05:00,2026-10-06,06:00 AM,362,638,Ruta 1-A: Montaña Machupicchu,50,3,47
2026-10-05T18:16:00+00:00,2026-10-05T13:16:00-05:00,2026-10-06,06:00 AM,362,638,Ruta 1-B: Terraza superior,100,33,67
2026-10-05T18:16:00+00:00,2026-10-05T13:16:00-05:00,2026-10-06,06:00 AM,362,638,Ruta 2-A: Clásico Diseñada,600,463,137
2026-10-05T18:16:00+00:00,2026-10-05T13:16:00-05:00,2026-10-06,06:00 AM,362,638,Ruta 2-B: Terraza Inferior,100,64,36
2026-10-05T18:16:00+00:00,2026-10-05T13:16:00-05:00,2026-10-06,06:00 AM,362,638,Ruta 3-A: Montaña Waynapicchu,50,25,25
2026-10-05T18:16:00+00:00,2026-10-05T13:16:00-05:00,2026-10-06,06:00 AM,362,638,Ruta 3-B: Realeza diseñada,100,42,58
2026-10-05T18:31:13+00:00,2026-10-05T13:31:13-05:00,2026-10-06,06:00 AM,360,640,Ruta 1-A: Montaña Machupicchu,50,3,47
2026-10-05T18:31:13+00:00,2026-10-05T13:31:13-05:00,2026-10-06,06:00 AM,360,640,Ruta 1-B: Terraza superior,100,33,67
2026-10-05T18:31:13+00:00,2026-10-05T13:31:13-05:00,2026-10-06,06:00 AM,360,640,Ruta 2-A: Clásico Diseñada,600,463,137
2026-10-05T18:31:13+00:00,2026-10-05T13:31:13-05:00,2026-10-06,06:00 AM,360,640,Ruta 2-B: Terraza Inferior,100,66,34
2026-10-05T18:31:13+00:00,2026-10-05T13:31:13-05:00,2026-10-06,06:00 AM,360,640,Ruta 3-A: Montaña Waynapicchu,50,25,25
2026-10-05T18:31:13+00:00,2026-10-05T13:31:13-05:00,2026-10-06,06:00 AM,360,640,Ruta 3-B: Realeza diseñada,100,42,58
2026-10-05T18:46:02+00:00,2026-10-05T13:46:02-05:00,2026-10-06,06:00 AM,358,642,Ruta 1-A: Montaña Machupicchu,50,3,47
2026-10-05T18:46:02+00:00,2026-10-05T13:46:02-05:00,2026-10-06,06:00 AM,358,642,Ruta 1-B: Terraza superior,100,33,67
2026-10-05T18:46:02+00:00,2026-10-05T13:46:02-05:00,2026-10-06,06:00 AM,358,642,Ruta 2-A: Clásico Diseñada,600,465,135
2026-10-05T18:46:02+00:00,2026-10-05T13:46:02-05:00,2026-10-06,06:00 AM,358,642,Ruta 2-B: Terraza Inferior,100,66,34
2026-10-05T18:46:02+00:00,2026-10-05T13:46:02-05:00,2026-10-06,06:00 AM,358,642,Ruta 3-A: Montaña Waynapicchu,50,25,25
2026-10-05T18:46:02+00:00,2026-10-05T13:46:02-05:00,2026-10-06,06:00 AM,358,642,Ruta 3-B: Realeza diseñada,100,42,58
2026-10-05T19:01:21+00:00,2026-10-05T14:01:21-05:00,2026-10-06,06:00 AM,352,648,Ruta 1-A: Montaña Machupicchu,50,3,47
2026-10-05T19:01:21+00:00,2026-10-05T14:01:21-05:00,2026-10-06,06:00 AM,352,648,Ruta 1-B: Terraza superior,100,33,67
2026-10-05T19:01:21+00:00,2026-10-05T14:01:21-05:00,2026-10-06,06:00 AM,352,648,Ruta 2-A: Clásico Diseñada,600,469,131
2026-10-05T19:01:21+00:00,2026-10-05T14:01:21-05:00,2026-10-06,06:00 AM,352,648,Ruta 2-B: Terraza Inferior,100,66,34
2026-10-05T19:01:21+00:00,2026-10-05T14:01:21-05:00,2026-10-06,06:00 AM,352,648,Ruta 3-A: Montaña Waynapicchu,50,25,25
2026-10-05T19:01:21+00:00,2026-10-05T14:01:21-05:00,2026-10-06,06:00 AM,352,648,Ruta 3-B: Realeza diseñada,100,42,58
2026-10-05T19:12:00+00:00,2026-10-05T14:12:00-05:00,2026-10-06,06:00 AM,347,653,Ruta 1-A: Montaña Machupicchu,50,3,47
2026-10-05T19:12:00+00:00,2026-10-05T14:12:00-05:00,2026-10-06,06:00 AM,347,653,Ruta 1-B: Terraza superior,100,33,67
2026-10-05T19:12:00+00:00,2026-10-05T14:12:00-05:00,2026-10-06,06:00 AM,347,653,Ruta 2-A: Clásico Diseñada,600,471,129
2026-10-05T19:12:00+00:00,2026-10-05T14:12:00-05:00,2026-10-06,06:00 AM,347,653,Ruta 2-B: Terraza Inferior,100,66,34
2026-10-05T19:12:00+00:00,2026-10-05T14:12:00-05:00,2026-10-06,06:00 AM,347,653,Ruta 3-A: Montaña Waynapicchu,50,25,25
2026-10-05T19:12:00+00:00,2026-10-05T14:12:00-05:00,2026-10-06,06:00 AM,347,653,Ruta 3-B: Realeza diseñada,100,42,58
2026-10-05T19:21:30+00:00,2026-10-05T14:21:30-05:00,2026-10-06,06:00 AM,326,674,Ruta 1-A: Montaña Machupicchu,50,4,46
2026-10-05T19:21:30+00:00,2026-10-05T14:21:30-05:00,2026-10-06,06:00 AM,326,674,Ruta 1-B: Terraza superior,100,35,65
2026-10-05T19:21:30+00:00,2026-10-05T14:21:30-05:00,2026-10-06,06:00 AM,326,674,Ruta 2-A: Clásico Diseñada,600,479,121
2026-10-05T19:21:30+00:00,2026-10-05T14:21:30-05:00,2026-10-06,06:00 AM,326,674,Ruta 2-B: Terraza Inferior,100,68,32
2026-10-05T19:21:30+00:00,2026-10-05T14:21:30-05:00,2026-10-06,06:00 AM,326,674,Ruta 3-A: Montaña Waynapicchu,50,25,25
2026-10-05T19:21:30+00:00,2026-10-05T14:21:30-05:00,2026-10-06,06:00 AM,326,674,Ruta 3-B: Realeza diseñada,100,42,58
2026-10-05T19:48:24+00:00,2026-10-05T14:48:24-05:00,2026-10-06,06:00 AM,309,691,Ruta 1-A: Montaña Machupicchu,50,4,46
2026-10-05T19:48:24+00:00,2026-10-05T14:48:24-05:00,2026-10-06,06:00 AM,309,691,Ruta 1-B: Terraza superior,100,35,65
2026-10-05T19:48:24+00:00,2026-10-05T14:48:24-05:00,2026-10-06,06:00 AM,309,691,Ruta 2-A: Clásico Diseñada,600,484,116
2026-10-05T19:48:24+00:00,2026-10-05T14:48:24-05:00,2026-10-06,06:00 AM,309,691,Ruta 2-B: Terraza Inferior,100,76,24
2026-10-05T19:48:24+00:00,2026-10-05T14:48:24-05:00,2026-10-06,06:00 AM,309,691,Ruta 3-A: Montaña Waynapicchu,50,28,22
2026-10-05T19:48:24+00:00,2026-10-05T14:48:24-05:00,2026-10-06,06:00 AM,309,691,Ruta 3-B: Realeza diseñada,100,44,56
2026-10-05T21:14:28+00:00,2026-10-05T16:14:28-05:00,2026-10-06,06:00 AM,274,726,Ruta 1-A: Montaña Machupicchu,50,7,43
2026-10-05T21:14:28+00:00,2026-10-05T16:14:28-05:00,2026-10-06,06:00 AM,274,726,Ruta 1-B: Terraza superior,100,41,59
2026-10-05T21:14:28+00:00,2026-10-05T16:14:28-05:00,2026-10-06,06:00 AM,274,726,Ruta 2-A: Clásico Diseñada,600,498,102
2026-10-05T21:14:28+00:00,2026-10-05T16:14:28-05:00,2026-10-06,06:00 AM,274,726,Ruta 2-B: Terraza Inferior,100,90,10
2026-10-05T21:14:28+00:00,2026-10-05T16:14:28-05:00,2026-10-06,06:00 AM,274,726,Ruta 3-A: Montaña Waynapicchu,50,34,16
2026-10-05T21:14:28+00:00,2026-10-05T16:14:28-05:00,2026-10-06,06:00 AM,274,726,Ruta 3-B: Realeza diseñada,100,45,55
2026-10-05T21:26:18+00:00,2026-10-05T16:26:18-05:00,2026-10-06,06:00 AM,260,740,Ruta 1-A: Montaña Machupicchu,50,7,43
2026-10-05T21:26:18+00:00,2026-10-05T16:26:18-05:00,2026-10-06,06:00 AM,260,740,Ruta 1-B: Terraza superior,100,41,59
2026-10-05T21:26:18+00:00,2026-10-05T16:26:18-05:00,2026-10-06,06:00 AM,260,740,Ruta 2-A: Clásico Diseñada,600,506,94
2026-10-05T21:26:18+00:00,2026-10-05T16:26:18-05:00,2026-10-06,06:00 AM,260,740,Ruta 2-B: Terraza Inferior,100,92,8
2026-10-05T21:26:18+00:00,2026-10-05T16:26:18-05:00,2026-10-06,06:00 AM,260,740,Ruta 3-A: Montaña Waynapicchu,50,34,16
2026-10-05T21:26:18+00:00,2026-10-05T16:26:18-05:00,2026-10-06,06:00 AM,260,740,Ruta 3-B: Realeza diseñada,100,45,55
2026-10-05T21:31:10+00:00,2026-10-05T16:31:10-05:00,2026-10-06,06:00 AM,258,742,Ruta 1-A: Montaña Machupicchu,50,7,43
2026-10-05T21:31:10+00:00,2026-10-05T16:31:10-05:00,2026-10-06,06:00 AM,258,742,Ruta 1-B: Terraza superior,100,43,57
2026-10-05T21:31:10+00:00,2026-10-05T16:31:10-05:00,2026-10-06,06:00 AM,258,742,Ruta 2-A: Clásico Diseñada,600,510,90
2026-10-05T21:31:10+00:00,2026-10-05T16:31:10-05:00,2026-10-06,06:00 AM,258,742,Ruta 2-B: Terraza Inferior,100,92,8
2026-10-05T21:31:10+00:00,2026-10-05T16:31:10-05:00,2026-10-06,06:00 AM,258,742,Ruta 3-A: Montaña Waynapicchu,50,36,14
2026-10-05T21:31:10+00:00,2026-10-05T16:31:10-05:00,2026-10-06,06:00 AM,258,742,Ruta 3-B: Realeza diseñada,100,45,55
2026-10-05T21:46:15+00:00,2026-10-05T16:46:15-05:00,2026-10-06,06:00 AM,252,748,Ruta 1-A: Montaña Machupicchu,50,7,43
2026-10-05T21:46:15+00:00,2026-10-05T16:46:15-05:00,2026-10-06,06:00 AM,252,748,Ruta 1-B: Terraza superior,100,43,57
2026-10-05T21:46:15+00:00,2026-10-05T16:46:15-05:00,2026-10-06,06:00 AM,252,748,Ruta 2-A: Clásico Diseñada,600,516,84
2026-10-05T21:46:15+00:00,2026-10-05T16:46:15-05:00,2026-10-06,06:00 AM,252,748,Ruta 2-B: Terraza Inferior,100,92,8
2026-10-05T21:46:15+00:00,2026-10-05T16:46:15-05:00,2026-10-06,06:00 AM,252,748,Ruta 3-A: Montaña Waynapicchu,50,36,14
2026-10-05T21:46:15+00:00,2026-10-05T16:46:15-05:00,2026-10-06,06:00 AM,252,748,Ruta 3-B: Realeza diseñada,100,45,55
2026-10-05T23:01:20+00:00,2026-10-05T18:01:20-05:00,2026-10-06,06:00 AM,151,849,Ruta 1-A: Montaña Machupicchu,50,7,43
2026-10-05T23:01:20+00:00,2026-10-05T18:01:20-05:00,2026-10-06,06:00 AM,151,849,Ruta 1-B: Terraza superior,100,45,55
2026-10-05T23:01:20+00:00,2026-10-05T18:01:20-05:00,2026-10-06,06:00 AM,151,849,Ruta 2-A: Clásico Diseñada,600,555,45
2026-10-05T23:01:20+00:00,2026-10-05T18:01:20-05:00,2026-10-06,06:00 AM,151,849,Ruta 2-B: Terraza Inferior,100,97,3
2026-10-05T23:01:20+00:00,2026-10-05T18:01:20-05:00,2026-10-06,06:00 AM,151,849,Ruta 3-A: Montaña Waynapicchu,50,47,3
2026-10-05T23:01:20+00:00,2026-10-05T18:01:20-05:00,2026-10-06,06:00 AM,151,849,Ruta 3-B: Realeza diseñada,100,55,45
2026-10-06T00:51:29+00:00,2026-10-05T19:51:29-05:00,2026-10-07,06:00 AM,1000,0,Ruta 1-A: Montaña Machupicchu,50,0,50
2026-10-06T00:51:29+00:00,2026-10-05T19:51:29-05:00,2026-10-07,06:00 AM,1000,0,Ruta 1-B: Terraza superior,100,0,100
2026-10-06T00:51:29+00:00,2026-10-05T19:51:29-05:00,2026-10-07,06:00 AM,1000,0,Ruta 2-A: Clásico Diseñada,600,0,600
2026-10-06T00:51:29+00:00,2026-10-05T19:51:29-05:00,2026-10-07,06:00 AM,1000,0,Ruta 2-B: Terraza Inferior,100,0,100
2026-10-06T00:51:29+00:00,2026-10-05T19:51:29-05:00,2026-10-07,06:00 AM,1000,0,Ruta 3-A: Montaña Waynapicchu,50,0,50
2026-10-06T00:51:29+00:00,2026-10-05T19:51:29-05:00,2026-10-07,06:00 AM,1000,0,Ruta 3-B: Realeza diseñada,100,0,100
2026-10-06T02:04:02+00:00,2026-10-05T21:04:02-05:00,2026-10-07,06:00 AM,1000,0,Ruta 1-A: Montaña Machupicchu,50,0,50
2026-10-06T02:04:02+00:00,2026-10-05T21:04:02-05:00,2026-10-07,06:00 AM,1000,0,Ruta 1-B: Terraza superior,100,0,100
2026-10-06T02:04:02+00:00,2026-10-05T21:04:02-05:00,2026-10-07,06:00 AM,1000,0,Ruta 2-A: Clásico Diseñada,600,0,600
2026-10-06T02:04:02+00:00,2026-10-05T21:04:02-05:00,2026-10-07,06:00 AM,1000,0,Ruta 2-B: Terraza Inferior,100,0,100
2026-10-06T02:04:02+00:00,2026-10-05T21:04:02-05:00,2026-10-07,06:00 AM,1000,0,Ruta 3-A: Montaña Waynapicchu,50,0,50
2026-10-06T02:04:02+00:00,2026-10-05T21:04:02-05:00,2026-10-07,06:00 AM,1000,0,Ruta 3-B: Realeza diseñada,100,0,100
2026-10-06T03:01:25+00:00,2026-10-05T22:01:25-05:00,2026-10-07,06:00 AM,1000,0,Ruta 1-A: Montaña Machupicchu,50,0,50
2026-10-06T03:01:25+00:00,2026-10-05T22:01:25-05:00,2026-10-07,06:00 AM,1000,0,Ruta 1-B: Terraza superior,100,0,100
2026-10-06T03:01:25+00:00,2026-10-05T22:01:25-05:00,2026-10-07,06:00 AM,1000,0,Ruta 2-A: Clásico Diseñada,600,0,600
2026-10-06T03:01:25+00:00,2026-10-05T22:01:25-05:00,2026-10-07,06:00 AM,1000,0,Ruta 2-B: Terraza Inferior,100,0,100
2026-10-06T03:01:25+00:00,2026-10-05T22:01:25-05:00,2026-10-07,06:00 AM,1000,0,Ruta 3-A: Montaña Waynapicchu,50,0,50
2026-10-06T03:01:25+00:00,2026-10-05T22:01:25-05:00,2026-10-07,06:00 AM,1000,0,Ruta 3-B: Realeza diseñada,100,0,100
2026-10-06T03:28:34+00:00,2026-10-05T22:28:34-05:00,2026-10-07,06:00 AM,1000,0,Ruta 1-A: Montaña Machupicchu,50,0,50
2026-10-06T03:28:34+00:00,2026-10-05T22:28:34-05:00,2026-10-07,06:00 AM,1000,0,Ruta 1-B: Terraza superior,100,0,100
2026-10-06T03:28:34+00:00,2026-10-05T22:28:34-05:00,2026-10-07,06:00 AM,1000,0,Ruta 2-A: Clásico Diseñada,600,0,600
2026-10-06T03:28:34+00:00,2026-10-05T22:28:34-05:00,2026-10-07,06:00 AM,1000,0,Ruta 2-B: Terraza Inferior,100,0,100
2026-10-06T03:28:34+00:00,2026-10-05T22:28:34-05:00,2026-10-07,06:00 AM,1000,0,Ruta 3-A: Montaña Waynapicchu,50,0,50
2026-10-06T03:28:34+00:00,2026-10-05T22:28:34-05:00,2026-10-07,06:00 AM,1000,0,Ruta 3-B: Realeza diseñada,100,0,100
2026-10-06T05:01:17+00:00,2026-10-06T00:01:17-05:00,2026-10-07,06:00 AM,1000,0,Ruta 1-A: Montaña Machupicchu,50,0,50
2026-10-06T05:01:17+00:00,2026-10-06T00:01:17-05:00,2026-10-07,06:00 AM,1000,0,Ruta 1-B: Terraza superior,100,0,100
2026-10-06T05:01:17+00:00,2026-10-06T00:01:17-05:00,2026-10-07,06:00 AM,1000,0,Ruta 2-A: Clásico Diseñada,600,0,600
2026-10-06T05:01:17+00:00,2026-10-06T00:01:17-05:00,2026-10-07,06:00 AM,1000,0,Ruta 2-B: Terraza Inferior,100,0,100
2026-10-06T05:01:17+00:00,2026-10-06T00:01:17-05:00,2026-10-07,06:00 AM,1000,0,Ruta 3-A: Montaña Waynapicchu,50,0,50
2026-10-06T05:01:17+00:00,2026-10-06T00:01:17-05:00,2026-10-07,06:00 AM,1000,0,Ruta 3-B: Realeza diseñada,100,0,100
2026-10-06T07:01:30+00:00,2026-10-06T02:01:30-05:00,2026-10-07,06:00 AM,1000,0,Ruta 1-A: Montaña Machupicchu,50,0,50
2026-10-06T07:01:30+00:00,2026-10-06T02:01:30-05:00,2026-10-07,06:00 AM,1000,0,Ruta 1-B: Terraza superior,100,0,100
2026-10-06T07:01:30+00:00,2026-10-06T02:01:30-05:00,2026-10-07,06:00 AM,1000,0,Ruta 2-A: Clásico Diseñada,600,0,600
2026-10-06T07:01:30+00:00,2026-10-06T02:01:30-05:00,2026-10-07,06:00 AM,1000,0,Ruta 2-B: Terraza Inferior,100,0,100
2026-10-06T07:01:30+00:00,2026-10-06T02:01:30-05:00,2026-10-07,06:00 AM,1000,0,Ruta 3-A: Montaña Waynapicchu,50,0,50
2026-10-06T07:01:30+00:00,2026-10-06T02:01:30-05:00,2026-10-07,06:00 AM,1000,0,Ruta 3-B: Realeza diseñada,100,0,100
2026-10-06T09:01:31+00:00,2026-10-06T04:01:31-05:00,2026-10-07,06:00 AM,1000,0,Ruta 1-A: Montaña Machupicchu,50,0,50
2026-10-06T09:01:31+00:00,2026-10-06T04:01:31-05:00,2026-10-07,06:00 AM,1000,0,Ruta 1-B: Terraza superior,100,0,100
2026-10-06T09:01:31+00:00,2026-10-06T04:01:31-05:00,2026-10-07,06:00 AM,1000,0,Ruta 2-A: Clásico Diseñada,600,0,600
2026-10-06T09:01:31+00:00,2026-10-06T04:01:31-05:00,2026-10-07,06:00 AM,1000,0,Ruta 2-B: Terraza Inferior,100,0,100
2026-10-06T09:01:31+00:00,2026-10-06T04:01:31-05:00,2026-10-07,06:00 AM,1000,0,Ruta 3-A: Montaña Waynapicchu,50,0,50
2026-10-06T09:01:31+00:00,2026-10-06T04:01:31-05:00,2026-10-07,06:00 AM,1000,0,Ruta 3-B: Realeza diseñada,100,0,100
2026-10-06T09:15:59+00:00,2026-10-06T04:15:59-05:00,2026-10-07,06:00 AM,1000,0,Ruta 1-A: Montaña Machupicchu,50,0,50
2026-10-06T09:15:59+00:00,2026-10-06T04:15:59-05:00,2026-10-07,06:00 AM,1000,0,Ruta 1-B: Terraza superior,100,0,100
2026-10-06T09:15:59+00:00,2026-10-06T04:15:59-05:00,2026-10-07,06:00 AM,1000,0,Ruta 2-A: Clásico Diseñada,600,0,600
2026-10-06T09:15:59+00:00,2026-10-06T04:15:59-05:00,2026-10-07,06:00 AM,1000,0,Ruta 2-B: Terraza Inferior,100,0,100
2026-10-06T09:15:59+00:00,2026-10-06T04:15:59-05:00,2026-10-07,06:00 AM,1000,0,Ruta 3-A: Montaña Waynapicchu,50,0,50
2026-10-06T09:15:59+00:00,2026-10-06T04:15:59-05:00,2026-10-07,06:00 AM,1000,0,Ruta 3-B: Realeza diseñada,100,0,100
2026-10-06T09:31:17+00:00,2026-10-06T04:31:17-05:00,2026-10-07,06:00 AM,1000,0,Ruta 1-A: Montaña Machupicchu,50,0,50
2026-10-06T09:31:17+00:00,2026-10-06T04:31:17-05:00,2026-10-07,06:00 AM,1000,0,Ruta 1-B: Terraza superior,100,0,100
2026-10-06T09:31:17+00:00,2026-10-06T04:31:17-05:00,2026-10-07,06:00 AM,1000,0,Ruta 2-A: Clásico Diseñada,600,0,600
2026-10-06T09:31:17+00:00,2026-10-06T04:31:17-05:00,2026-10-07,06:00 AM,1000,0,Ruta 2-B: Terraza Inferior,100,0,100
2026-10-06T09:31:17+00:00,2026-10-06T04:31:17-05:00,2026-10-07,06:00 AM,1000,0,Ruta 3-A: Montaña Waynapicchu,50,0,50
2026-10-06T09:31:17+00:00,2026-10-06T04:31:17-05:00,2026-10-07,06:00 AM,1000,0,Ruta 3-B: Realeza diseñada,100,0,100
2026-10-06T09:46:09+00:00,2026-10-06T04:46:09-05:00,2026-10-07,06:00 AM,1000,0,Ruta 1-A: Montaña Machupicchu,50,0,50
2026-10-06T09:46:09+00:00,2026-10-06T04:46:09-05:00,2026-10-07,06:00 AM,1000,0,Ruta 1-B: Terraza superior,100,0,100
2026-10-06T09:46:09+00:00,2026-10-06T04:46:09-05:00,2026-10-07,06:00 AM,1000,0,Ruta 2-A: Clásico Diseñada,600,0,600
2026-10-06T09:46:09+00:00,2026-10-06T04:46:09-05:00,2026-10-07,06:00 AM,1000,0,Ruta 2-B: Terraza Inferior,100,0,100
2026-10-06T09:46:09+00:00,2026-10-06T04:46:09-05:00,2026-10-07,06:00 AM,1000,0,Ruta 3-A: Montaña Waynapicchu,50,0,50
2026-10-06T09:46:09+00:00,2026-10-06T04:46:09-05:00,2026-10-07,06:00 AM,1000,0,Ruta 3-B: Realeza diseñada,100,0,100
2026-10-06T10:01:26+00:00,2026-10-06T05:01:26-05:00,2026-10-07,06:00 AM,1000,0,Ruta 1-A: Montaña Machupicchu,50,0,50
2026-10-06T10:01:26+00:00,2026-10-06T05:01:26-05:00,2026-10-07,06:00 AM,1000,0,Ruta 1-B: Terraza superior,100,0,100
2026-10-06T10:01:26+00:00,2026-10-06T05:01:26-05:00,2026-10-07,06:00 AM,1000,0,Ruta 2-A: Clásico Diseñada,600,0,600
2026-10-06T10:01:26+00:00,2026-10-06T05:01:26-05:00,2026-10-07,06:00 AM,1000,0,Ruta 2-B: Terraza Inferior,100,0,100
2026-10-06T10:01:26+00:00,2026-10-06T05:01:26-05:00,2026-10-07,06:00 AM,1000,0,Ruta 3-A: Montaña Waynapicchu,50,0,50
2026-10-06T10:01:26+00:00,2026-10-06T05:01:26-05:00,2026-10-07,06:00 AM,1000,0,Ruta 3-B: Realeza diseñada,100,0,100
2026-10-06T10:16:11+00:00,2026-10-06T05:16:11-05:00,2026-10-07,06:00 AM,1000,0,Ruta 1-A: Montaña Machupicchu,50,0,50
2026-10-06T10:16:11+00:00,2026-10-06T05:16:11-05:00,2026-10-07,06:00 AM,1000,0,Ruta 1-B: Terraza superior,100,0,100
2026-10-06T10:16:11+00:00,2026-10-06T05:16:11-05:00,2026-10-07,06:00 AM,1000,0,Ruta 2-A: Clásico Diseñada,600,0,600
2026-10-06T10:16:11+00:00,2026-10-06T05:16:11-05:00,2026-10-07,06:00 AM,1000,0,Ruta 2-B: Terraza Inferior,100,0,100
2026-10-06T10:16:11+00:00,2026-10-06T05:16:11-05:00,2026-10-07,06:00 AM,1000,0,Ruta 3-A: Montaña Waynapicchu,50,0,50
2026-10-06T10:16:11+00:00,2026-10-06T05:16:11-05:00,2026-10-07,06:00 AM,1000,0,Ruta 3-B: Realeza diseñada,100,0,100
2026-10-06T10:31:10+00:00,2026-10-06T05:31:10-05:00,2026-10-07,06:00 AM,1000,0,Ruta 1-A: Montaña Machupicchu,50,0,50
2026-10-06T10:31:10+00:00,2026-10-06T05:31:10-05:00,2026-10-07,06:00 AM,1000,0,Ruta 1-B: Terraza superior,100,0,100
2026-10-06T10:31:10+00:00,2026-10-06T05:31:10-05:00,2026-10-07,06:00 AM,1000,0,Ruta 2-A: Clásico Diseñada,600,0,600
2026-10-06T10:31:10+00:00,2026-10-06T05:31:10-05:00,2026-10-07,06:00 AM,1000,0,Ruta 2-B: Terraza Inferior,100,0,100
2026-10-06T10:31:10+00:00,2026-10-06T05:31:10-05:00,2026-10-07,06:00 AM,1000,0,Ruta 3-A: Montaña Waynapicchu,50,0,50
2026-10-06T10:31:10+00:00,2026-10-06T05:31:10-05:00,2026-10-07,06:00 AM,1000,0,Ruta 3-B: Realeza diseñada,100,0,100
2026-10-06T10:46:04+00:00,2026-10-06T05:46:04-05:00,2026-10-07,06:00 AM,1000,0,Ruta 1-A: Montaña Machupicchu,50,0,50
2026-10-06T10:46:04+00:00,2026-10-06T05:46:04-05:00,2026-10-07,06:00 AM,1000,0,Ruta 1-B: Terraza superior,100,0,100
2026-10-06T10:46:04+00:00,2026-10-06T05:46:04-05:00,2026-10-07,06:00 AM,1000,0,Ruta 2-A: Clásico Diseñada,600,0,600
2026-10-06T10:46:04+00:00,2026-10-06T05:46:04-05:00,2026-10-07,06:00 AM,1000,0,Ruta 2-B: Terraza Inferior,100,0,100
2026-10-06T10:46:04+00:00,2026-10-06T05:46:04-05:00,2026-10-07,06:00 AM,1000,0,Ruta 3-A: Montaña Waynapicchu,50,0,50
2026-10-06T10:46:04+00:00,2026-10-06T05:46:04-05:00,2026-10-07,06:00 AM,1000,0,Ruta 3-B: Realeza diseñada,100,0,100
2026-10-06T10:50:48+00:00,2026-10-06T05:50:48-05:00,2026-10-07,06:00 AM,1000,0,Ruta 1-A: Montaña Machupicchu,50,0,50
2026-10-06T10:50:48+00:00,2026-10-06T05:50:48-05:00,2026-10-07,06:00 AM,1000,0,Ruta 1-B: Terraza superior,100,0,100
2026-10-06T10:50:48+00:00,2026-10-06T05:50:48-05:00,2026-10-07,06:00 AM,1000,0,Ruta 2-A: Clásico Diseñada,600,0,600
2026-10-06T10:50:48+00:00,2026-10-06T05:50:48-05:00,2026-10-07,06:00 AM,1000,0,Ruta 2-B: Terraza Inferior,100,0,100
2026-10-06T10:50:48+00:00,2026-10-06T05:50:48-05:00,2026-10-07,06:00 AM,1000,0,Ruta 3-A: Montaña Waynapicchu,50,0,50
2026-10-06T10:50:48+00:00,2026-10-06T05:50:48-05:00,2026-10-07,06:00 AM,1000,0,Ruta 3-B: Realeza diseñada,100,0,100
2026-10-06T11:16:01+00:00,2026-10-06T06:16:01-05:00,2026-10-07,06:00 AM,951,49,Ruta 1-A: Montaña Machupicchu,50,0,50
2026-10-06T11:16:01+00:00,2026-10-06T06:16:01-05:00,2026-10-07,06:00 AM,951,49,Ruta 1-B: Terraza superior,100,0,100
2026-10-06T11:16:01+00:00,2026-10-06T06:16:01-05:00,2026-10-07,06:00 AM,951,49,Ruta 2-A: Clásico Diseñada,600,25,575
2026-10-06T11:16:01+00:00,2026-10-06T06:16:01-05:00,2026-10-07,06:00 AM,951,49,Ruta 2-B: Terraza Inferior,100,0,100
2026-10-06T11:16:01+00:00,2026-10-06T06:16:01-05:00,2026-10-07,06:00 AM,951,49,Ruta 3-A: Montaña Waynapicchu,50,0,50
2026-10-06T11:16:01+00:00,2026-10-06T06:16:01-05:00,2026-10-07,06:00 AM,951,49,Ruta 3-B: Realeza diseñada,100,0,100
2026-10-06T11:31:04+00:00,2026-10-06T06:31:04-05:00,2026-10-07,06:00 AM,887,113,Ruta 1-A: Montaña Machupicchu,50,0,50
2026-10-06T11:31:04+00:00,2026-10-06T06:31:04-05:00,2026-10-07,06:00 AM,887,113,Ruta 1-B: Terraza superior,100,0,100
2026-10-06T11:31:04+00:00,2026-10-06T06:31:04-05:00,2026-10-07,06:00 AM,887,113,Ruta 2-A: Clásico Diseñada,600,66,534
2026-10-06T11:31:04+00:00,2026-10-06T06:31:04-05:00,2026-10-07,06:00 AM,887,113,Ruta 2-B: Terraza Inferior,100,3,97
2026-10-06T11:31:04+00:00,2026-10-06T06:31:04-05:00,2026-10-07,06:00 AM,887,113,Ruta 3-A: Montaña Waynapicchu,50,1,49
2026-10-06T11:31:04+00:00,2026-10-06T06:31:04-05:00,2026-10-07,06:00 AM,887,113,Ruta 3-B: Realeza diseñada,100,0,100
2026-10-06T11:45:59+00:00,2026-10-06T06:45:59-05:00,2026-10-07,06:00 AM,832,168,Ruta 1-A: Montaña Machupicchu,50,0,50
2026-10-06T11:45:59+00:00,2026-10-06T06:45:59-05:00,2026-10-07,06:00 AM,832,168,Ruta 1-B: Terraza superior,100,0,100
2026-10-06T11:45:59+00:00,2026-10-06T06:45:59-05:00,2026-10-07,06:00 AM,832,168,Ruta 2-A: Clásico Diseñada,600,112,488
2026-10-06T11:45:59+00:00,2026-10-06T06:45:59-05:00,2026-10-07,06:00 AM,832,168,Ruta 2-B: Terraza Inferior,100,7,93
2026-10-06T11:45:59+00:00,2026-10-06T06:45:59-05:00,2026-10-07,06:00 AM,832,168,Ruta 3-A: Montaña Waynapicchu,50,1,49
2026-10-06T11:45:59+00:00,2026-10-06T06:45:59-05:00,2026-10-07,06:00 AM,832,168,Ruta 3-B: Realeza diseñada,100,0,100
2026-10-06T12:01:27+00:00,2026-10-06T07:01:27-05:00,2026-10-07,06:00 AM,743,257,Ruta 1-A: Montaña Machupicchu,50,0,50
2026-10-06T12:01:27+00:00,2026-10-06T07:01:27-05:00,2026-10-07,06:00 AM,743,257,Ruta 1-B: Terraza superior,100,0,100
2026-10-06T12:01:27+00:00,2026-10-06T07:01:27-05:00,2026-10-07,06:00 AM,743,257,Ruta 2-A: Clásico Diseñada,600,157,443
2026-10-06T12:01:27+00:00,2026-10-06T07:01:27-05:00,2026-10-07,06:00 AM,743,257,Ruta 2-B: Terraza Inferior,100,7,93
2026-10-06T12:01:27+00:00,2026-10-06T07:01:27-05:00,2026-10-07,06:00 AM,743,257,Ruta 3-A: Montaña Waynapicchu,50,3,47
2026-10-06T12:01:27+00:00,2026-10-06T07:01:27-05:00,2026-10-07,06:00 AM,743,257,Ruta 3-B: Realeza diseñada,100,0,100
2026-10-06T12:16:05+00:00,2026-10-06T07:16:05-05:00,2026-10-07,06:00 AM,689,311,Ruta 1-A: Montaña Machupicchu,50,0,50
2026-10-06T12:16:05+00:00,2026-10-06T07:16:05-05:00,2026-10-07,06:00 AM,689,311,Ruta 1-B: Terraza superior,100,0,100
2026-10-06T12:16:05+00:00,2026-10-06T07:16:05-05:00,2026-10-07,06:00 AM,689,311,Ruta 2-A: Clásico Diseñada,600,226,374
2026-10-06T12:16:05+00:00,2026-10-06T07:16:05-05:00,2026-10-07,06:00 AM,689,311,Ruta 2-B: Terraza Inferior,100,13,87
2026-10-06T12:16:05+00:00,2026-10-06T07:16:05-05:00,2026-10-07,06:00 AM,689,311,Ruta 3-A: Montaña Waynapicchu,50,3,47
2026-10-06T12:16:05+00:00,2026-10-06T07:16:05-05:00,2026-10-07,06:00 AM,689,311,Ruta 3-B: Realeza diseñada,100,0,100
2026-10-06T12:31:09+00:00,2026-10-06T07:31:09-05:00,2026-10-07,06:00 AM,649,351,Ruta 1-A: Montaña Machupicchu,50,0,50
2026-10-06T12:31:09+00:00,2026-10-06T07:31:09-05:00,2026-10-07,06:00 AM,649,351,Ruta 1-B: Terraza superior,100,0,100
2026-10-06T12:31:09+00:00,2026-10-06T07:31:09-05:00,2026-10-07,06:00 AM,649,351,Ruta 2-A: Clásico Diseñada,600,272,328
2026-10-06T12:31:09+00:00,2026-10-06T07:31:09-05:00,2026-10-07,06:00 AM,649,351,Ruta 2-B: Terraza Inferior,100,19,81
2026-10-06T12:31:09+00:00,2026-10-06T07:31:09-05:00,2026-10-07,06:00 AM,649,351,Ruta 3-A: Montaña Waynapicchu,50,6,44
2026-10-06T12:31:09+00:00,2026-10-06T07:31:09-05:00,2026-10-07,06:00 AM,649,351,Ruta 3-B: Realeza diseñada,100,0,100
2026-10-06T13:01:33+00:00,2026-10-06T08:01:33-05:00,2026-10-07,06:00 AM,521,479,Ruta 1-A: Montaña Machupicchu,50,0,50
2026-10-06T13:01:33+00:00,2026-10-06T08:01:33-05:00,2026-10-07,06:00 AM,521,479,Ruta 1-B: Terraza superior,100,0,100
2026-10-06T13:01:33+00:00,2026-10-06T08:01:33-05:00,2026-10-07,06:00 AM,521,479,Ruta 2-A: Clásico Diseñada,600,382,218
2026-10-06T13:01:33+00:00,2026-10-06T08:01:33-05:00,2026-10-07,06:00 AM,521,479,Ruta 2-B: Terraza Inferior,100,47,53
2026-10-06T13:01:33+00:00,2026-10-06T08:01:33-05:00,2026-10-07,06:00 AM,521,479,Ruta 3-A: Montaña Waynapicchu,50,8,42
2026-10-06T13:01:33+00:00,2026-10-06T08:01:33-05:00,2026-10-07,06:00 AM,521,479,Ruta 3-B: Realeza diseñada,100,0,100
2026-10-06T13:16:04+00:00,2026-10-06T08:16:04-05:00,2026-10-07,06:00 AM,511,489,Ruta 1-A: Montaña Machupicchu,50,0,50
2026-10-06T13:16:04+00:00,2026-10-06T08:16:04-05:00,2026-10-07,06:00 AM,511,489,Ruta 1-B: Terraza superior,100,0,100
2026-10-06T13:16:04+00:00,2026-10-06T08:16:04-05:00,2026-10-07,06:00 AM,511,489,Ruta 2-A: Clásico Diseñada,600,417,183
2026-10-06T13:16:04+00:00,2026-10-06T08:16:04-05:00,2026-10-07,06:00 AM,511,489,Ruta 2-B: Terraza Inferior,100,60,40
2026-10-06T13:16:04+00:00,2026-10-06T08:16:04-05:00,2026-10-07,06:00 AM,511,489,Ruta 3-A: Montaña Waynapicchu,50,12,38
2026-10-06T13:16:04+00:00,2026-10-06T08:16:04-05:00,2026-10-07,06:00 AM,511,489,Ruta 3-B: Realeza diseñada,100,1,99
2026-10-06T13:31:12+00:00,2026-10-06T08:31:12-05:00,2026-10-07,06:00 AM,486,514,Ruta 1-A: Montaña Machupicchu,50,0,50
2026-10-06T13:31:12+00:00,2026-10-06T08:31:12-05:00,2026-10-07,06:00 AM,486,514,Ruta 1-B: Terraza superior,100,2,98
2026-10-06T13:31:12+00:00,2026-10-06T08:31:12-05:00,2026-10-07,06:00 AM,486,514,Ruta 2-A: Clásico Diseñada,600,427,173
2026-10-06T13:31:12+00:00,2026-10-06T08:31:12-05:00,2026-10-07,06:00 AM,486,514,Ruta 2-B: Terraza Inferior,100,62,38
2026-10-06T13:31:12+00:00,2026-10-06T08:31:12-05:00,2026-10-07,06:00 AM,486,514,Ruta 3-A: Montaña Waynapicchu,50,12,38
2026-10-06T13:31:12+00:00,2026-10-06T08:31:12-05:00,2026-10-07,06:00 AM,486,514,Ruta 3-B: Realeza diseñada,100,1,99
2026-10-06T13:46:16+00:00,2026-10-06T08:46:16-05:00,2026-10-07,06:00 AM,474,526,Ruta 1-A: Montaña Machupicchu,50,0,50
2026-10-06T13:46:16+00:00,2026-10-06T08:46:16-05:00,2026-10-07,06:00 AM,474,526,Ruta 1-B: Terraza superior,100,2,98
2026-10-06T13:46:16+00:00,2026-10-06T08:46:16-05:00,2026-10-07,06:00 AM,474,526,Ruta 2-A: Clásico Diseñada,600,436,164
2026-10-06T13:46:16+00:00,2026-10-06T08:46:16-05:00,2026-10-07,06:00 AM,474,526,Ruta 2-B: Terraza Inferior,100,68,32
2026-10-06T13:46:16+00:00,2026-10-06T08:46:16-05:00,2026-10-07,06:00 AM,474,526,Ruta 3-A: Montaña Waynapicchu,50,12,38
2026-10-06T13:46:16+00:00,2026-10-06T08:46:16-05:00,2026-10-07,06:00 AM,474,526,Ruta 3-B: Realeza diseñada,100,4,96
2026-10-06T14:01:31+00:00,2026-10-06T09:01:31-05:00,2026-10-07,06:00 AM,454,546,Ruta 1-A: Montaña Machupicchu,50,0,50
2026-10-06T14:01:31+00:00,2026-10-06T09:01:31-05:00,2026-10-07,06:00 AM,454,546,Ruta 1-B: Terraza superior,100,2,98
2026-10-06T14:01:31+00:00,2026-10-06T09:01:31-05:00,2026-10-07,06:00 AM,454,546,Ruta 2-A: Clásico Diseñada,600,445,155
2026-10-06T14:01:31+00:00,2026-10-06T09:01:31-05:00,2026-10-07,06:00 AM,454,546,Ruta 2-B: Terraza Inferior,100,73,27
2026-10-06T14:01:31+00:00,2026-10-06T09:01:31-05:00,2026-10-07,06:00 AM,454,546,Ruta 3-A: Montaña Waynapicchu,50,13,37
2026-10-06T14:01:31+00:00,2026-10-06T09:01:31-05:00,2026-10-07,06:00 AM,454,546,Ruta 3-B: Realeza diseñada,100,4,96
2026-10-06T14:15:58+00:00,2026-10-06T09:15:58-05:00,2026-10-07,06:00 AM,420,580,Ruta 1-A: Montaña Machupicchu,50,0,50
2026-10-06T14:15:58+00:00,2026-10-06T09:15:58-05:00,2026-10-07,06:00 AM,420,580,Ruta 1-B: Terraza superior,100,2,98
2026-10-06T14:15:58+00:00,2026-10-06T09:15:58-05:00,2026-10-07,06:00 AM,420,580,Ruta 2-A: Clásico Diseñada,600,461,139
2026-10-06T14:15:58+00:00,2026-10-06T09:15:58-05:00,2026-10-07,06:00 AM,420,580,Ruta 2-B: Terraza Inferior,100,79,21
2026-10-06T14:15:58+00:00,2026-10-06T09:15:58-05:00,2026-10-07,06:00 AM,420,580,Ruta 3-A: Montaña Waynapicchu,50,15,35
2026-10-06T14:15:58+00:00,2026-10-06T09:15:58-05:00,2026-10-07,06:00 AM,420,580,Ruta 3-B: Realeza diseñada,100,9,91
2026-10-06T14:31:46+00:00,2026-10-06T09:31:46-05:00,2026-10-07,06:00 AM,402,598,Ruta 1-A: Montaña Machupicchu,50,0,50
2026-10-06T14:31:46+00:00,2026-10-06T09:31:46-05:00,2026-10-07,06:00 AM,402,598,Ruta 1-B: Terraza superior,100,6,94
2026-10-06T14:31:46+00:00,2026-10-06T09:31:46-05:00,2026-10-07,06:00 AM,402,598,Ruta 2-A: Clásico Diseñada,600,483,117
2026-10-06T14:31:46+00:00,2026-10-06T09:31:46-05:00,2026-10-07,06:00 AM,402,598,Ruta 2-B: Terraza Inferior,100,81,19
2026-10-06T14:31:46+00:00,2026-10-06T09:31:46-05:00,2026-10-07,06:00 AM,402,598,Ruta 3-A: Montaña Waynapicchu,50,17,33
2026-10-06T14:31:46+00:00,2026-10-06T09:31:46-05:00,2026-10-07,06:00 AM,402,598,Ruta 3-B: Realeza diseñada,100,9,91
2026-10-06T14:46:04+00:00,2026-10-06T09:46:04-05:00,2026-10-07,06:00 AM,401,599,Ruta 1-A: Montaña Machupicchu,50,0,50
2026-10-06T14:46:04+00:00,2026-10-06T09:46:04-05:00,2026-10-07,06:00 AM,401,599,Ruta 1-B: Terraza superior,100,6,94
2026-10-06T14:46:04+00:00,2026-10-06T09:46:04-05:00,2026-10-07,06:00 AM,401,599,Ruta 2-A: Clásico Diseñada,600,483,117
2026-10-06T14:46:04+00:00,2026-10-06T09:46:04-05:00,2026-10-07,06:00 AM,401,599,Ruta 2-B: Terraza Inferior,100,81,19
2026-10-06T14:46:04+00:00,2026-10-06T09:46:04-05:00,2026-10-07,06:00 AM,401,599,Ruta 3-A: Montaña Waynapicchu,50,18,32
2026-10-06T14:46:04+00:00,2026-10-06T09:46:04-05:00,2026-10-07,06:00 AM,401,599,Ruta 3-B: Realeza diseñada,100,9,91
2026-10-06T15:01:28+00:00,2026-10-06T10:01:28-05:00,2026-10-07,06:00 AM,391,609,Ruta 1-A: Montaña Machupicchu,50,0,50
2026-10-06T15:01:28+00:00,2026-10-06T10:01:28-05:00,2026-10-07,06:00 AM,391,609,Ruta 1-B: Terraza superior,100,6,94
2026-10-06T15:01:28+00:00,2026-10-06T10:01:28-05:00,2026-10-07,06:00 AM,391,609,Ruta 2-A: Clásico Diseñada,600,488,112
2026-10-06T15:01:28+00:00,2026-10-06T10:01:28-05:00,2026-10-07,06:00 AM,391,609,Ruta 2-B: Terraza Inferior,100,81,19
2026-10-06T15:01:28+00:00,2026-10-06T10:01:28-05:00,2026-10-07,06:00 AM,391,609,Ruta 3-A: Montaña Waynapicchu,50,18,32
2026-10-06T15:01:28+00:00,2026-10-06T10:01:28-05:00,2026-10-07,06:00 AM,391,609,Ruta 3-B: Realeza diseñada,100,9,91
2026-10-06T15:24:13+00:00,2026-10-06T10:24:13-05:00,2026-10-07,06:00 AM,390,610,Ruta 1-A: Montaña Machupicchu,50,0,50
2026-10-06T15:24:13+00:00,2026-10-06T10:24:13-05:00,2026-10-07,06:00 AM,390,610,Ruta 1-B: Terraza superior,100,6,94
2026-10-06T15:24:13+00:00,2026-10-06T10:24:13-05:00,2026-10-07,06:00 AM,390,610,Ruta 2-A: Clásico Diseñada,600,488,112
2026-10-06T15:24:13+00:00,2026-10-06T10:24:13-05:00,2026-10-07,06:00 AM,390,610,Ruta 2-B: Terraza Inferior,100,81,19
2026-10-06T15:24:13+00:00,2026-10-06T10:24:13-05:00,2026-10-07,06:00 AM,390,610,Ruta 3-A: Montaña Waynapicchu,50,18,32
2026-10-06T15:24:13+00:00,2026-10-06T10:24:13-05:00,2026-10-07,06:00 AM,390,610,Ruta 3-B: Realeza diseñada,100,9,91
2026-10-06T15:31:12+00:00,2026-10-06T10:31:12-05:00,2026-10-07,06:00 AM,388,612,Ruta 1-A: Montaña Machupicchu,50,0,50
2026-10-06T15:31:12+00:00,2026-10-06T10:31:12-05:00,2026-10-07,06:00 AM,388,612,Ruta 1-B: Terraza superior,100,6,94
2026-10-06T15:31:12+00:00,2026-10-06T10:31:12-05:00,2026-10-07,06:00 AM,388,612,Ruta 2-A: Clásico Diseñada,600,488,112
2026-10-06T15:31:12+00:00,2026-10-06T10:31:12-05:00,2026-10-07,06:00 AM,388,612,Ruta 2-B: Terraza Inferior,100,81,19
2026-10-06T15:31:12+00:00,2026-10-06T10:31:12-05:00,2026-10-07,06:00 AM,388,612,Ruta 3-A: Montaña Waynapicchu,50,19,31
2026-10-06T15:31:12+00:00,2026-10-06T10:31:12-05:00,2026-10-07,06:00 AM,388,612,Ruta 3-B: Realeza diseñada,100,9,91
2026-10-06T15:46:00+00:00,2026-10-06T10:46:00-05:00,2026-10-07,06:00 AM,385,615,Ruta 1-A: Montaña Machupicchu,50,0,50
2026-10-06T15:46:00+00:00,2026-10-06T10:46:00-05:00,2026-10-07,06:00 AM,385,615,Ruta 1-B: Terraza superior,100,6,94
2026-10-06T15:46:00+00:00,2026-10-06T10:46:00-05:00,2026-10-07,06:00 AM,385,615,Ruta 2-A: Clásico Diseñada,600,491,109
2026-10-06T15:46:00+00:00,2026-10-06T10:46:00-05:00,2026-10-07,06:00 AM,385,615,Ruta 2-B: Terraza Inferior,100,81,19
2026-10-06T15:46:00+00:00,2026-10-06T10:46:00-05:00,2026-10-07,06:00 AM,385,615,Ruta 3-A: Montaña Waynapicchu,50,19,31
2026-10-06T15:46:00+00:00,2026-10-06T10:46:00-05:00,2026-10-07,06:00 AM,385,615,Ruta 3-B: Realeza diseñada,100,11,89
2026-10-06T16:01:27+00:00,2026-10-06T11:01:27-05:00,2026-10-07,06:00 AM,385,615,Ruta 1-A: Montaña Machupicchu,50,0,50
2026-10-06T16:01:27+00:00,2026-10-06T11:01:27-05:00,2026-10-07,06:00 AM,385,615,Ruta 1-B: Terraza superior,100,6,94
2026-10-06T16:01:27+00:00,2026-10-06T11:01:27-05:00,2026-10-07,06:00 AM,385,615,Ruta 2-A: Clásico Diseñada,600,491,109
2026-10-06T16:01:27+00:00,2026-10-06T11:01:27-05:00,2026-10-07,06:00 AM,385,615,Ruta 2-B: Terraza Inferior,100,81,19
2026-10-06T16:01:27+00:00,2026-10-06T11:01:27-05:00,2026-10-07,06:00 AM,385,615,Ruta 3-A: Montaña Waynapicchu,50,19,31
2026-10-06T16:01:27+00:00,2026-10-06T11:01:27-05:00,2026-10-07,06:00 AM,385,615,Ruta 3-B: Realeza diseñada,100,11,89
2026-10-06T16:16:07+00:00,2026-10-06T11:16:07-05:00,2026-10-07,06:00 AM,361,639,Ruta 1-A: Montaña Machupicchu,50,0,50
2026-10-06T16:16:07+00:00,2026-10-06T11:16:07-05:00,2026-10-07,06:00 AM,361,639,Ruta 1-B: Terraza superior,100,6,94
2026-10-06T16:16:07+00:00,2026-10-06T11:16:07-05:00,2026-10-07,06:00 AM,361,639,Ruta 2-A: Clásico Diseñada,600,501,99
2026-10-06T16:16:07+00:00,2026-10-06T11:16:07-05:00,2026-10-07,06:00 AM,361,639,Ruta 2-B: Terraza Inferior,100,82,18
2026-10-06T16:16:07+00:00,2026-10-06T11:16:07-05:00,2026-10-07,06:00 AM,361,639,Ruta 3-A: Montaña Waynapicchu,50,19,31
2026-10-06T16:16:07+00:00,2026-10-06T11:16:07-05:00,2026-10-07,06:00 AM,361,639,Ruta 3-B: Realeza diseñada,100,13,87
2026-10-06T16:31:07+00:00,2026-10-06T11:31:07-05:00,2026-10-07,06:00 AM,336,664,Ruta 1-A: Montaña Machupicchu,50,0,50
2026-10-06T16:31:07+00:00,2026-10-06T11:31:07-05:00,2026-10-07,06:00 AM,336,664,Ruta 1-B: Terraza superior,100,7,93
2026-10-06T16:31:07+00:00,2026-10-06T11:31:07-05:00,2026-10-07,06:00 AM,336,664,Ruta 2-A: Clásico Diseñada,600,523,77
2026-10-06T16:31:07+00:00,2026-10-06T11:31:07-05:00,2026-10-07,06:00 AM,336,664,Ruta 2-B: Terraza Inferior,100,92,8
2026-10-06T16:31:07+00:00,2026-10-06T11:31:07-05:00,2026-10-07,06:00 AM,336,664,Ruta 3-A: Montaña Waynapicchu,50,25,25
2026-10-06T16:31:07+00:00,2026-10-06T11:31:07-05:00,2026-10-07,06:00 AM,336,664,Ruta 3-B: Realeza diseñada,100,13,87
2026-10-06T16:46:10+00:00,2026-10-06T11:46:10-05:00,2026-10-07,06:00 AM,321,679,Ruta 1-A: Montaña Machupicchu,50,0,50
2026-10-06T16:46:10+00:00,2026-10-06T11:46:10-05:00,2026-10-07,06:00 AM,321,679,Ruta 1-B: Terraza superior,100,7,93
2026-10-06T16:46:10+00:00,2026-10-06T11:46:10-05:00,2026-10-07,06:00 AM,321,679,Ruta 2-A: Clásico Diseñada,600,531,69
2026-10-06T16:46:10+00:00,2026-10-06T11:46:10-05:00,2026-10-07,06:00 AM,321,679,Ruta 2-B: Terraza Inferior,100,92,8
2026-10-06T16:46:10+00:00,2026-10-06T11:46:10-05:00,2026-10-07,06:00 AM,321,679,Ruta 3-A: Montaña Waynapicchu,50,25,25
2026-10-06T16:46:10+00:00,2026-10-06T11:46:10-05:00,2026-10-07,06:00 AM,321,679,Ruta 3-B: Realeza diseñada,100,15,85
2026-10-06T17:01:56+00:00,2026-10-06T12:01:56-05:00,2026-10-07,06:00 AM,298,702,Ruta 1-A: Montaña Machupicchu,50,2,48
2026-10-06T17:01:56+00:00,2026-10-06T12:01:56-05:00,2026-10-07,06:00 AM,298,702,Ruta 1-B: Terraza superior,100,7,93
2026-10-06T17:01:56+00:00,2026-10-06T12:01:56-05:00,2026-10-07,06:00 AM,298,702,Ruta 2-A: Clásico Diseñada,600,545,55
2026-10-06T17:01:56+00:00,2026-10-06T12:01:56-05:00,2026-10-07,06:00 AM,298,702,Ruta 2-B: Terraza Inferior,100,93,7
2026-10-06T17:01:56+00:00,2026-10-06T12:01:56-05:00,2026-10-07,06:00 AM,298,702,Ruta 3-A: Montaña Waynapicchu,50,30,20
2026-10-06T17:01:56+00:00,2026-10-06T12:01:56-05:00,2026-10-07,06:00 AM,298,702,Ruta 3-B: Realeza diseñada,100,19,81
2026-10-06T17:31:06+00:00,2026-10-06T12:31:06-05:00,2026-10-07,06:00 AM,292,708,Ruta 1-A: Montaña Machupicchu,50,2,48
2026-10-06T17:31:06+00:00,2026-10-06T12:31:06-05:00,2026-10-07,06:00 AM,292,708,Ruta 1-B: Terraza superior,100,7,93
2026-10-06T17:31:06+00:00,2026-10-06T12:31:06-05:00,2026-10-07,06:00 AM,292,708,Ruta 2-A: Clásico Diseñada,600,549,51
2026-10-06T17:31:06+00:00,2026-10-06T12:31:06-05:00,2026-10-07,06:00 AM,292,708,Ruta 2-B: Terraza Inferior,100,93,7
2026-10-06T17:31:06+00:00,2026-10-06T12:31:06-05:00,2026-10-07,06:00 AM,292,708,Ruta 3-A: Montaña Waynapicchu,50,31,19
2026-10-06T17:31:06+00:00,2026-10-06T12:31:06-05:00,2026-10-07,06:00 AM,292,708,Ruta 3-B: Realeza diseñada,100,20,80
2026-10-06T17:46:30+00:00,2026-10-06T12:46:30-05:00,2026-10-07,06:00 AM,286,714,Ruta 1-A: Montaña Machupicchu,50,2,48
2026-10-06T17:46:30+00:00,2026-10-06T12:46:30-05:00,2026-10-07,06:00 AM,286,714,Ruta 1-B: Terraza superior,100,7,93
2026-10-06T17:46:30+00:00,2026-10-06T12:46:30-05:00,2026-10-07,06:00 AM,286,714,Ruta 2-A: Clásico Diseñada,600,549,51
2026-10-06T17:46:30+00:00,2026-10-06T12:46:30-05:00,2026-10-07,06:00 AM,286,714,Ruta 2-B: Terraza Inferior,100,93,7
2026-10-06T17:46:30+00:00,2026-10-06T12:46:30-05:00,2026-10-07,06:00 AM,286,714,Ruta 3-A: Montaña Waynapicchu,50,31,19
2026-10-06T17:46:30+00:00,2026-10-06T12:46:30-05:00,2026-10-07,06:00 AM,286,714,Ruta 3-B: Realeza diseñada,100,20,80
2026-10-06T18:01:26+00:00,2026-10-06T13:01:26-05:00,2026-10-07,06:00 AM,231,769,Ruta 1-A: Montaña Machupicchu,50,4,46
2026-10-06T18:01:26+00:00,2026-10-06T13:01:26-05:00,2026-10-07,06:00 AM,231,769,Ruta 1-B: Terraza superior,100,7,93
2026-10-06T18:01:26+00:00,2026-10-06T13:01:26-05:00,2026-10-07,06:00 AM,231,769,Ruta 2-A: Clásico Diseñada,600,580,20
2026-10-06T18:01:26+00:00,2026-10-06T13:01:26-05:00,2026-10-07,06:00 AM,231,769,Ruta 2-B: Terraza Inferior,100,100,0
2026-10-06T18:01:26+00:00,2026-10-06T13:01:26-05:00,2026-10-07,06:00 AM,231,769,Ruta 3-A: Montaña Waynapicchu,50,34,16
2026-10-06T18:01:26+00:00,2026-10-06T13:01:26-05:00,2026-10-07,06:00 AM,231,769,Ruta 3-B: Realeza diseñada,100,24,76
2026-10-06T18:16:03+00:00,2026-10-06T13:16:03-05:00,2026-10-07,06:00 AM,223,777,Ruta 1-A: Montaña Machupicchu,50,4,46
2026-10-06T18:16:03+00:00,2026-10-06T13:16:03-05:00,2026-10-07,06:00 AM,223,777,Ruta 1-B: Terraza superior,100,11,89
2026-10-06T18:16:03+00:00,2026-10-06T13:16:03-05:00,2026-10-07,06:00 AM,223,777,Ruta 2-A: Clásico Diseñada,600,586,14
2026-10-06T18:16:03+00:00,2026-10-06T13:16:03-05:00,2026-10-07,06:00 AM,223,777,Ruta 2-B: Terraza Inferior,100,100,0
2026-10-06T18:16:03+00:00,2026-10-06T13:16:03-05:00,2026-10-07,06:00 AM,223,777,Ruta 3-A: Montaña Waynapicchu,50,34,16
2026-10-06T18:16:03+00:00,2026-10-06T13:16:03-05:00,2026-10-07,06:00 AM,223,777,Ruta 3-B: Realeza diseñada,100,34,66
2026-10-06T18:31:15+00:00,2026-10-06T13:31:15-05:00,2026-10-07,06:00 AM,197,803,Ruta 1-A: Montaña Machupicchu,50,4,46
2026-10-06T18:31:15+00:00,2026-10-06T13:31:15-05:00,2026-10-07,06:00 AM,197,803,Ruta 1-B: Terraza superior,100,11,89
2026-10-06T18:31:15+00:00,2026-10-06T13:31:15-05:00,2026-10-07,06:00 AM,197,803,Ruta 2-A: Clásico Diseñada,600,595,5
2026-10-06T18:31:15+00:00,2026-10-06T13:31:15-05:00,2026-10-07,06:00 AM,197,803,Ruta 2-B: Terraza Inferior,100,100,0
2026-10-06T18:31:15+00:00,2026-10-06T13:31:15-05:00,2026-10-07,06:00 AM,197,803,Ruta 3-A: Montaña Waynapicchu,50,34,16
2026-10-06T18:31:15+00:00,2026-10-06T13:31:15-05:00,2026-10-07,06:00 AM,197,803,Ruta 3-B: Realeza diseñada,100,34,66
2026-10-06T18:46:05+00:00,2026-10-06T13:46:05-05:00,2026-10-07,06:00 AM,178,822,Ruta 1-A: Montaña Machupicchu,50,4,46
2026-10-06T18:46:05+00:00,2026-10-06T13:46:05-05:00,2026-10-07,06:00 AM,178,822,Ruta 1-B: Terraza superior,100,19,81
2026-10-06T18:46:05+00:00,2026-10-06T13:46:05-05:00,2026-10-07,06:00 AM,178,822,Ruta 2-A: Clásico Diseñada,600,599,1
2026-10-06T18:46:05+00:00,2026-10-06T13:46:05-05:00,2026-10-07,06:00 AM,178,822,Ruta 2-B: Terraza Inferior,100,100,0
2026-10-06T18:46:05+00:00,2026-10-06T13:46:05-05:00,2026-10-07,06:00 AM,178,822,Ruta 3-A: Montaña Waynapicchu,50,38,12
2026-10-06T18:46:05+00:00,2026-10-06T13:46:05-05:00,2026-10-07,06:00 AM,178,822,Ruta 3-B: Realeza diseñada,100,48,52
2026-10-06T19:01:29+00:00,2026-10-06T14:01:29-05:00,2026-10-07,06:00 AM,177,823,Ruta 1-A: Montaña Machupicchu,50,4,46
2026-10-06T19:01:29+00:00,2026-10-06T14:01:29-05:00,2026-10-07,06:00 AM,177,823,Ruta 1-B: Terraza superior,100,19,81
2026-10-06T19:01:29+00:00,2026-10-06T14:01:29-05:00,2026-10-07,06:00 AM,177,823,Ruta 2-A: Clásico Diseñada,600,600,0
2026-10-06T19:01:29+00:00,2026-10-06T14:01:29-05:00,2026-10-07,06:00 AM,177,823,Ruta 2-B: Terraza Inferior,100,100,0
2026-10-06T19:01:29+00:00,2026-10-06T14:01:29-05:00,2026-10-07,06:00 AM,177,823,Ruta 3-A: Montaña Waynapicchu,50,40,10
2026-10-06T19:01:29+00:00,2026-10-06T14:01:29-05:00,2026-10-07,06:00 AM,177,823,Ruta 3-B: Realeza diseñada,100,48,52
2026-10-06T19:15:55+00:00,2026-10-06T14:15:55-05:00,2026-10-07,06:00 AM,168,832,Ruta 1-A: Montaña Machupicchu,50,4,46
2026-10-06T19:15:55+00:00,2026-10-06T14:15:55-05:00,2026-10-07,06:00 AM,168,832,Ruta 1-B: Terraza superior,100,19,81
2026-10-06T19:15:55+00:00,2026-10-06T14:15:55-05:00,2026-10-07,06:00 AM,168,832,Ruta 2-A: Clásico Diseñada,600,600,0
2026-10-06T19:15:55+00:00,2026-10-06T14:15:55-05:00,2026-10-07,06:00 AM,168,832,Ruta 2-B: Terraza Inferior,100,100,0
2026-10-06T19:15:55+00:00,2026-10-06T14:15:55-05:00,2026-10-07,06:00 AM,168,832,Ruta 3-A: Montaña Waynapicchu,50,40,10
2026-10-06T19:15:55+00:00,2026-10-06T14:15:55-05:00,2026-10-07,06:00 AM,168,832,Ruta 3-B: Realeza diseñada,100,48,52
2026-10-06T19:46:32+00:00,2026-10-06T14:46:32-05:00,2026-10-07,06:00 AM,127,873,Ruta 1-A: Montaña Machupicchu,50,5,45
2026-10-06T19:46:32+00:00,2026-10-06T14:46:32-05:00,2026-10-07,06:00 AM,127,873,Ruta 1-B: Terraza superior,100,29,71
2026-10-06T19:46:32+00:00,2026-10-06T14:46:32-05:00,2026-10-07,06:00 AM,127,873,Ruta 2-A: Clásico Diseñada,600,600,0
2026-10-06T19:46:32+00:00,2026-10-06T14:46:32-05:00,2026-10-07,06:00 AM,127,873,Ruta 2-B: Terraza Inferior,100,100,0
2026-10-06T19:46:32+00:00,2026-10-06T14:46:32-05:00,2026-10-07,06:00 AM,127,873,Ruta 3-A: Montaña Waynapicchu,50,45,5
2026-10-06T19:46:32+00:00,2026-10-06T14:46:32-05:00,2026-10-07,06:00 AM,127,873,Ruta 3-B: Realeza diseñada,100,82,18
2026-10-06T20:01:29+00:00,2026-10-06T15:01:29-05:00,2026-10-07,06:00 AM,116,884,Ruta 1-A: Montaña Machupicchu,50,5,45
2026-10-06T20:01:29+00:00,2026-10-06T15:01:29-05:00,2026-10-07,06:00 AM,116,884,Ruta 1-B: Terraza superior,100,29,71
2026-10-06T20:01:29+00:00,2026-10-06T15:01:29-05:00,2026-10-07,06:00 AM,116,884,Ruta 2-A: Clásico Diseñada,600,600,0
2026-10-06T20:01:29+00:00,2026-10-06T15:01:29-05:00,2026-10-07,06:00 AM,116,884,Ruta 2-B: Terraza Inferior,100,100,0
2026-10-06T20:01:29+00:00,2026-10-06T15:01:29-05:00,2026-10-07,06:00 AM,116,884,Ruta 3-A: Montaña Waynapicchu,50,48,2
2026-10-06T20:01:29+00:00,2026-10-06T15:01:29-05:00,2026-10-07,06:00 AM,116,884,Ruta 3-B: Realeza diseñada,100,85,15
2026-10-06T20:15:54+00:00,2026-10-06T15:15:54-05:00,2026-10-07,06:00 AM,116,884,Ruta 1-A: Montaña Machupicchu,50,5,45
2026-10-06T20:15:54+00:00,2026-10-06T15:15:54-05:00,2026-10-07,06:00 AM,116,884,Ruta 1-B: Terraza superior,100,29,71
2026-10-06T20:15:54+00:00,2026-10-06T15:15:54-05:00,2026-10-07,06:00 AM,116,884,Ruta 2-A: Clásico Diseñada,600,600,0
2026-10-06T20:15:54+00:00,2026-10-06T15:15:54-05:00,2026-10-07,06:00 AM,116,884,Ruta 2-B: Terraza Inferior,100,100,0
2026-10-06T20:15:54+00:00,2026-10-06T15:15:54-05:00,2026-10-07,06:00 AM,116,884,Ruta 3-A: Montaña Waynapicchu,50,48,2
2026-10-06T20:15:54+00:00,2026-10-06T15:15:54-05:00,2026-10-07,06:00 AM,116,884,Ruta 3-B: Realeza diseñada,100,85,15
2026-10-06T20:31:18+00:00,2026-10-06T15:31:18-05:00,2026-10-07,06:00 AM,106,894,Ruta 1-A: Montaña Machupicchu,50,5,45
2026-10-06T20:31:18+00:00,2026-10-06T15:31:18-05:00,2026-10-07,06:00 AM,106,894,Ruta 1-B: Terraza superior,100,30,70
2026-10-06T20:31:18+00:00,2026-10-06T15:31:18-05:00,2026-10-07,06:00 AM,106,894,Ruta 2-A: Clásico Diseñada,600,600,0
2026-10-06T20:31:18+00:00,2026-10-06T15:31:18-05:00,2026-10-07,06:00 AM,106,894,Ruta 2-B: Terraza Inferior,100,100,0
2026-10-06T20:31:18+00:00,2026-10-06T15:31:18-05:00,2026-10-07,06:00 AM,106,894,Ruta 3-A: Montaña Waynapicchu,50,48,2
2026-10-06T20:31:18+00:00,2026-10-06T15:31:18-05:00,2026-10-07,06:00 AM,106,894,Ruta 3-B: Realeza diseñada,100,88,12
2026-10-06T20:46:09+00:00,2026-10-06T15:46:09-05:00,2026-10-07,06:00 AM,70,930,Ruta 1-A: Montaña Machupicchu,50,8,42
2026-10-06T20:46:09+00:00,2026-10-06T15:46:09-05:00,2026-10-07,06:00 AM,70,930,Ruta 1-B: Terraza superior,100,44,56
2026-10-06T20:46:09+00:00,2026-10-06T15:46:09-05:00,2026-10-07,06:00 AM,70,930,Ruta 2-A: Clásico Diseñada,600,600,0
2026-10-06T20:46:09+00:00,2026-10-06T15:46:09-05:00,2026-10-07,06:00 AM,70,930,Ruta 2-B: Terraza Inferior,100,100,0
2026-10-06T20:46:09+00:00,2026-10-06T15:46:09-05:00,2026-10-07,06:00 AM,70,930,Ruta 3-A: Montaña Waynapicchu,50,48,2
2026-10-06T20:46:09+00:00,2026-10-06T15:46:09-05:00,2026-10-07,06:00 AM,70,930,Ruta 3-B: Realeza diseñada,100,88,12
2026-10-06T21:16:01+00:00,2026-10-06T16:16:01-05:00,2026-10-07,06:00 AM,18,982,Ruta 1-A: Montaña Machupicchu,50,20,30
2026-10-06T21:16:01+00:00,2026-10-06T16:16:01-05:00,2026-10-07,06:00 AM,18,982,Ruta 1-B: Terraza superior,100,81,19
2026-10-06T21:16:01+00:00,2026-10-06T16:16:01-05:00,2026-10-07,06:00 AM,18,982,Ruta 2-A: Clásico Diseñada,600,600,0
2026-10-06T21:16:01+00:00,2026-10-06T16:16:01-05:00,2026-10-07,06:00 AM,18,982,Ruta 2-B: Terraza Inferior,100,100,0
2026-10-06T21:16:01+00:00,2026-10-06T16:16:01-05:00,2026-10-07,06:00 AM,18,982,Ruta 3-A: Montaña Waynapicchu,50,50,0
2026-10-06T21:16:01+00:00,2026-10-06T16:16:01-05:00,2026-10-07,06:00 AM,18,982,Ruta 3-B: Realeza diseñada,100,95,5
2026-10-06T21:31:07+00:00,2026-10-06T16:31:07-05:00,2026-10-07,06:00 AM,14,986,Ruta 1-A: Montaña Machupicchu,50,24,26
2026-10-06T21:31:07+00:00,2026-10-06T16:31:07-05:00,2026-10-07,06:00 AM,14,986,Ruta 1-B: Terraza superior,100,91,9
2026-10-06T21:31:07+00:00,2026-10-06T16:31:07-05:00,2026-10-07,06:00 AM,14,986,Ruta 2-A: Clásico Diseñada,600,600,0
2026-10-06T21:31:07+00:00,2026-10-06T16:31:07-05:00,2026-10-07,06:00 AM,14,986,Ruta 2-B: Terraza Inferior,100,100,0
2026-10-06T21:31:07+00:00,2026-10-06T16:31:07-05:00,2026-10-07,06:00 AM,14,986,Ruta 3-A: Montaña Waynapicchu,50,50,0
2026-10-06T21:31:07+00:00,2026-10-06T16:31:07-05:00,2026-10-07,06:00 AM,14,986,Ruta 3-B: Realeza diseñada,100,95,5
2026-10-06T21:45:55+00:00,2026-10-06T16:45:55-05:00,2026-10-07,06:00 AM,13,987,Ruta 1-A: Montaña Machupicchu,50,24,26
2026-10-06T21:45:55+00:00,2026-10-06T16:45:55-05:00,2026-10-07,06:00 AM,13,987,Ruta 1-B: Terraza superior,100,92,8
2026-10-06T21:45:55+00:00,2026-10-06T16:45:55-05:00,2026-10-07,06:00 AM,13,987,Ruta 2-A: Clásico Diseñada,600,600,0
2026-10-06T21:45:55+00:00,2026-10-06T16:45:55-05:00,2026-10-07,06:00 AM,13,987,Ruta 2-B: Terraza Inferior,100,100,0
2026-10-06T21:45:55+00:00,2026-10-06T16:45:55-05:00,2026-10-07,06:00 AM,13,987,Ruta 3-A: Montaña Waynapicchu,50,50,0
2026-10-06T21:45:55+00:00,2026-10-06T16:45:55-05:00,2026-10-07,06:00 AM,13,987,Ruta 3-B: Realeza diseñada,100,96,4
2026-10-06T23:01:26+00:00,2026-10-06T18:01:26-05:00,2026-10-07,06:00 AM,0,1000,Ruta 1-A: Montaña Machupicchu,50,31,19
2026-10-06T23:01:26+00:00,2026-10-06T18:01:26-05:00,2026-10-07,06:00 AM,0,1000,Ruta 1-B: Terraza superior,100,97,3
2026-10-06T23:01:26+00:00,2026-10-06T18:01:26-05:00,2026-10-07,06:00 AM,0,1000,Ruta 2-A: Clásico Diseñada,600,600,0
2026-10-06T23:01:26+00:00,2026-10-06T18:01:26-05:00,2026-10-07,06:00 AM,0,1000,Ruta 2-B: Terraza Inferior,100,100,0
2026-10-06T23:01:26+00:00,2026-10-06T18:01:26-05:00,2026-10-07,06:00 AM,0,1000,Ruta 3-A: Montaña Waynapicchu,50,50,0
2026-10-06T23:01:26+00:00,2026-10-06T18:01:26-05:00,2026-10-07,06:00 AM,0,1000,Ruta 3-B: Realeza diseñada,100,98,2
2026-10-07T00:58:41+00:00,2026-10-06T19:58:41-05:00,2026-10-08,06:00 AM,1000,0,Ruta 1-A: Montaña Machupicchu,50,0,50
2026-10-07T00:58:41+00:00,2026-10-06T19:58:41-05:00,2026-10-08,06:00 AM,1000,0,Ruta 1-B: Terraza superior,100,0,100
2026-10-07T00:58:41+00:00,2026-10-06T19:58:41-05:00,2026-10-08,06:00 AM,1000,0,Ruta 2-A: Clásico Diseñada,600,0,600
2026-10-07T00:58:41+00:00,2026-10-06T19:58:41-05:00,2026-10-08,06:00 AM,1000,0,Ruta 2-B: Terraza Inferior,100,0,100
2026-10-07T00:58:41+00:00,2026-10-06T19:58:41-05:00,2026-10-08,06:00 AM,1000,0,Ruta 3-A: Montaña Waynapicchu,50,0,50
2026-10-07T00:58:41+00:00,2026-10-06T19:58:41-05:00,2026-10-08,06:00 AM,1000,0,Ruta 3-B: Realeza diseñada,100,0,100
2026-10-07T01:01:16+00:00,2026-10-06T20:01:16-05:00,2026-10-08,06:00 AM,1000,0,Ruta 1-A: Montaña Machupicchu,50,0,50
2026-10-07T01:01:16+00:00,2026-10-06T20:01:16-05:00,2026-10-08,06:00 AM,1000,0,Ruta 1-B: Terraza superior,100,0,100
2026-10-07T01:01:16+00:00,2026-10-06T20:01:16-05:00,2026-10-08,06:00 AM,1000,0,Ruta 2-A: Clásico Diseñada,600,0,600
2026-10-07T01:01:16+00:00,2026-10-06T20:01:16-05:00,2026-10-08,06:00 AM,1000,0,Ruta 2-B: Terraza Inferior,100,0,100
2026-10-07T01:01:16+00:00,2026-10-06T20:01:16-05:00,2026-10-08,06:00 AM,1000,0,Ruta 3-A: Montaña Waynapicchu,50,0,50
2026-10-07T01:01:16+00:00,2026-10-06T20:01:16-05:00,2026-10-08,06:00 AM,1000,0,Ruta 3-B: Realeza diseñada,100,0,100
2026-10-07T01:13:11+00:00,2026-10-06T20:13:11-05:00,2026-10-08,06:00 AM,1000,0,Ruta 1-A: Montaña Machupicchu,50,0,50
2026-10-07T01:13:11+00:00,2026-10-06T20:13:11-05:00,2026-10-08,06:00 AM,1000,0,Ruta 1-B: Terraza superior,100,0,100
2026-10-07T01:13:11+00:00,2026-10-06T20:13:11-05:00,2026-10-08,06:00 AM,1000,0,Ruta 2-A: Clásico Diseñada,600,0,600
2026-10-07T01:13:11+00:00,2026-10-06T20:13:11-05:00,2026-10-08,06:00 AM,1000,0,Ruta 2-B: Terraza Inferior,100,0,100
2026-10-07T01:13:11+00:00,2026-10-06T20:13:11-05:00,2026-10-08,06:00 AM,1000,0,Ruta 3-A: Montaña Waynapicchu,50,0,50
2026-10-07T01:13:11+00:00,2026-10-06T20:13:11-05:00,2026-10-08,06:00 AM,1000,0,Ruta 3-B: Realeza diseñada,100,0,100
2026-10-07T02:52:56+00:00,2026-10-06T21:52:56-05:00,2026-10-08,06:00 AM,1000,0,Ruta 1-A: Montaña Machupicchu,50,0,50
2026-10-07T02:52:56+00:00,2026-10-06T21:52:56-05:00,2026-10-08,06:00 AM,1000,0,Ruta 1-B: Terraza superior,100,0,100
2026-10-07T02:52:56+00:00,2026-10-06T21:52:56-05:00,2026-10-08,06:00 AM,1000,0,Ruta 2-A: Clásico Diseñada,600,0,600
2026-10-07T02:52:56+00:00,2026-10-06T21:52:56-05:00,2026-10-08,06:00 AM,1000,0,Ruta 2-B: Terraza Inferior,100,0,100
2026-10-07T02:52:56+00:00,2026-10-06T21:52:56-05:00,2026-10-08,06:00 AM,1000,0,Ruta 3-A: Montaña Waynapicchu,50,0,50
2026-10-07T02:52:56+00:00,2026-10-06T21:52:56-05:00,2026-10-08,06:00 AM,1000,0,Ruta 3-B: Realeza diseñada,100,0,100
2026-10-07T03:01:26+00:00,2026-10-06T22:01:26-05:00,2026-10-08,06:00 AM,1000,0,Ruta 1-A: Montaña Machupicchu,50,0,50
2026-10-07T03:01:26+00:00,2026-10-06T22:01:26-05:00,2026-10-08,06:00 AM,1000,0,Ruta 1-B: Terraza superior,100,0,100
2026-10-07T03:01:26+00:00,2026-10-06T22:01:26-05:00,2026-10-08,06:00 AM,1000,0,Ruta 2-A: Clásico Diseñada,600,0,600
2026-10-07T03:01:26+00:00,2026-10-06T22:01:26-05:00,2026-10-08,06:00 AM,1000,0,Ruta 2-B: Terraza Inferior,100,0,100
2026-10-07T03:01:26+00:00,2026-10-06T22:01:26-05:00,2026-10-08,06:00 AM,1000,0,Ruta 3-A: Montaña Waynapicchu,50,0,50
2026-10-07T03:01:26+00:00,2026-10-06T22:01:26-05:00,2026-10-08,06:00 AM,1000,0,Ruta 3-B: Realeza diseñada,100,0,100
2026-10-07T05:01:26+00:00,2026-10-07T00:01:26-05:00,2026-10-08,06:00 AM,1000,0,Ruta 1-A: Montaña Machupicchu,50,0,50
2026-10-07T05:01:26+00:00,2026-10-07T00:01:26-05:00,2026-10-08,06:00 AM,1000,0,Ruta 1-B: Terraza superior,100,0,100
2026-10-07T05:01:26+00:00,2026-10-07T00:01:26-05:00,2026-10-08,06:00 AM,1000,0,Ruta 2-A: Clásico Diseñada,600,0,600
2026-10-07T05:01:26+00:00,2026-10-07T00:01:26-05:00,2026-10-08,06:00 AM,1000,0,Ruta 2-B: Terraza Inferior,100,0,100
2026-10-07T05:01:26+00:00,2026-10-07T00:01:26-05:00,2026-10-08,06:00 AM,1000,0,Ruta 3-A: Montaña Waynapicchu,50,0,50
2026-10-07T05:01:26+00:00,2026-10-07T00:01:26-05:00,2026-10-08,06:00 AM,1000,0,Ruta 3-B: Realeza diseñada,100,0,100
2026-10-07T07:01:32+00:00,2026-10-07T02:01:32-05:00,2026-10-08,06:00 AM,1000,0,Ruta 1-A: Montaña Machupicchu,50,0,50
2026-10-07T07:01:32+00:00,2026-10-07T02:01:32-05:00,2026-10-08,06:00 AM,1000,0,Ruta 1-B: Terraza superior,100,0,100
2026-10-07T07:01:32+00:00,2026-10-07T02:01:32-05:00,2026-10-08,06:00 AM,1000,0,Ruta 2-A: Clásico Diseñada,600,0,600
2026-10-07T07:01:32+00:00,2026-10-07T02:01:32-05:00,2026-10-08,06:00 AM,1000,0,Ruta 2-B: Terraza Inferior,100,0,100
2026-10-07T07:01:32+00:00,2026-10-07T02:01:32-05:00,2026-10-08,06:00 AM,1000,0,Ruta 3-A: Montaña Waynapicchu,50,0,50
2026-10-07T07:01:32+00:00,2026-10-07T02:01:32-05:00,2026-10-08,06:00 AM,1000,0,Ruta 3-B: Realeza diseñada,100,0,100
2026-10-07T09:01:17+00:00,2026-10-07T04:01:17-05:00,2026-10-08,06:00 AM,1000,0,Ruta 1-A: Montaña Machupicchu,50,0,50
2026-10-07T09:01:17+00:00,2026-10-07T04:01:17-05:00,2026-10-08,06:00 AM,1000,0,Ruta 1-B: Terraza superior,100,0,100
2026-10-07T09:01:17+00:00,2026-10-07T04:01:17-05:00,2026-10-08,06:00 AM,1000,0,Ruta 2-A: Clásico Diseñada,600,0,600
2026-10-07T09:01:17+00:00,2026-10-07T04:01:17-05:00,2026-10-08,06:00 AM,1000,0,Ruta 2-B: Terraza Inferior,100,0,100
2026-10-07T09:01:17+00:00,2026-10-07T04:01:17-05:00,2026-10-08,06:00 AM,1000,0,Ruta 3-A: Montaña Waynapicchu,50,0,50
2026-10-07T09:01:17+00:00,2026-10-07T04:01:17-05:00,2026-10-08,06:00 AM,1000,0,Ruta 3-B: Realeza diseñada,100,0,100
2026-10-07T09:15:54+00:00,2026-10-07T04:15:54-05:00,2026-10-08,06:00 AM,1000,0,Ruta 1-A: Montaña Machupicchu,50,0,50
2026-10-07T09:15:54+00:00,2026-10-07T04:15:54-05:00,2026-10-08,06:00 AM,1000,0,Ruta 1-B: Terraza superior,100,0,100
2026-10-07T09:15:54+00:00,2026-10-07T04:15:54-05:00,2026-10-08,06:00 AM,1000,0,Ruta 2-A: Clásico Diseñada,600,0,600
2026-10-07T09:15:54+00:00,2026-10-07T04:15:54-05:00,2026-10-08,06:00 AM,1000,0,Ruta 2-B: Terraza Inferior,100,0,100
2026-10-07T09:15:54+00:00,2026-10-07T04:15:54-05:00,2026-10-08,06:00 AM,1000,0,Ruta 3-A: Montaña Waynapicchu,50,0,50
2026-10-07T09:15:54+00:00,2026-10-07T04:15:54-05:00,2026-10-08,06:00 AM,1000,0,Ruta 3-B: Realeza diseñada,100,0,100
2026-10-07T09:31:21+00:00,2026-10-07T04:31:21-05:00,2026-10-08,06:00 AM,1000,0,Ruta 1-A: Montaña Machupicchu,50,0,50
2026-10-07T09:31:21+00:00,2026-10-07T04:31:21-05:00,2026-10-08,06:00 AM,1000,0,Ruta 1-B: Terraza superior,100,0,100
2026-10-07T09:31:21+00:00,2026-10-07T04:31:21-05:00,2026-10-08,06:00 AM,1000,0,Ruta 2-A: Clásico Diseñada,600,0,600
2026-10-07T09:31:21+00:00,2026-10-07T04:31:21-05:00,2026-10-08,06:00 AM,1000,0,Ruta 2-B: Terraza Inferior,100,0,100
2026-10-07T09:31:21+00:00,2026-10-07T04:31:21-05:00,2026-10-08,06:00 AM,1000,0,Ruta 3-A: Montaña Waynapicchu,50,0,50
2026-10-07T09:31:21+00:00,2026-10-07T04:31:21-05:00,2026-10-08,06:00 AM,1000,0,Ruta 3-B: Realeza diseñada,100,0,100
2026-10-07T09:45:55+00:00,2026-10-07T04:45:55-05:00,2026-10-08,06:00 AM,1000,0,Ruta 1-A: Montaña Machupicchu,50,0,50
2026-10-07T09:45:55+00:00,2026-10-07T04:45:55-05:00,2026-10-08,06:00 AM,1000,0,Ruta 1-B: Terraza superior,100,0,100
2026-10-07T09:45:55+00:00,2026-10-07T04:45:55-05:00,2026-10-08,06:00 AM,1000,0,Ruta 2-A: Clásico Diseñada,600,0,600
2026-10-07T09:45:55+00:00,2026-10-07T04:45:55-05:00,2026-10-08,06:00 AM,1000,0,Ruta 2-B: Terraza Inferior,100,0,100
2026-10-07T09:45:55+00:00,2026-10-07T04:45:55-05:00,2026-10-08,06:00 AM,1000,0,Ruta 3-A: Montaña Waynapicchu,50,0,50
2026-10-07T09:45:55+00:00,2026-10-07T04:45:55-05:00,2026-10-08,06:00 AM,1000,0,Ruta 3-B: Realeza diseñada,100,0,100
2026-10-07T10:01:17+00:00,2026-10-07T05:01:17-05:00,2026-10-08,06:00 AM,1000,0,Ruta 1-A: Montaña Machupicchu,50,0,50
2026-10-07T10:01:17+00:00,2026-10-07T05:01:17-05:00,2026-10-08,06:00 AM,1000,0,Ruta 1-B: Terraza superior,100,0,100
2026-10-07T10:01:17+00:00,2026-10-07T05:01:17-05:00,2026-10-08,06:00 AM,1000,0,Ruta 2-A: Clásico Diseñada,600,0,600
2026-10-07T10:01:17+00:00,2026-10-07T05:01:17-05:00,2026-10-08,06:00 AM,1000,0,Ruta 2-B: Terraza Inferior,100,0,100
2026-10-07T10:01:17+00:00,2026-10-07T05:01:17-05:00,2026-10-08,06:00 AM,1000,0,Ruta 3-A: Montaña Waynapicchu,50,0,50
2026-10-07T10:01:17+00:00,2026-10-07T05:01:17-05:00,2026-10-08,06:00 AM,1000,0,Ruta 3-B: Realeza diseñada,100,0,100
2026-10-07T10:16:10+00:00,2026-10-07T05:16:10-05:00,2026-10-08,06:00 AM,1000,0,Ruta 1-A: Montaña Machupicchu,50,0,50
2026-10-07T10:16:10+00:00,2026-10-07T05:16:10-05:00,2026-10-08,06:00 AM,1000,0,Ruta 1-B: Terraza superior,100,0,100
2026-10-07T10:16:10+00:00,2026-10-07T05:16:10-05:00,2026-10-08,06:00 AM,1000,0,Ruta 2-A: Clásico Diseñada,600,0,600
2026-10-07T10:16:10+00:00,2026-10-07T05:16:10-05:00,2026-10-08,06:00 AM,1000,0,Ruta 2-B: Terraza Inferior,100,0,100
2026-10-07T10:16:10+00:00,2026-10-07T05:16:10-05:00,2026-10-08,06:00 AM,1000,0,Ruta 3-A: Montaña Waynapicchu,50,0,50
2026-10-07T10:16:10+00:00,2026-10-07T05:16:10-05:00,2026-10-08,06:00 AM,1000,0,Ruta 3-B: Realeza diseñada,100,0,100
2026-10-07T10:31:18+00:00,2026-10-07T05:31:18-05:00,2026-10-08,06:00 AM,1000,0,Ruta 1-A: Montaña Machupicchu,50,0,50
2026-10-07T10:31:18+00:00,2026-10-07T05:31:18-05:00,2026-10-08,06:00 AM,1000,0,Ruta 1-B: Terraza superior,100,0,100
2026-10-07T10:31:18+00:00,2026-10-07T05:31:18-05:00,2026-10-08,06:00 AM,1000,0,Ruta 2-A: Clásico Diseñada,600,0,600
2026-10-07T10:31:18+00:00,2026-10-07T05:31:18-05:00,2026-10-08,06:00 AM,1000,0,Ruta 2-B: Terraza Inferior,100,0,100
2026-10-07T10:31:18+00:00,2026-10-07T05:31:18-05:00,2026-10-08,06:00 AM,1000,0,Ruta 3-A: Montaña Waynapicchu,50,0,50
2026-10-07T10:31:18+00:00,2026-10-07T05:31:18-05:00,2026-10-08,06:00 AM,1000,0,Ruta 3-B: Realeza diseñada,100,0,100
2026-10-07T10:37:55+00:00,2026-10-07T05:37:55-05:00,2026-10-08,06:00 AM,1000,0,Ruta 1-A: Montaña Machupicchu,50,0,50
2026-10-07T10:37:55+00:00,2026-10-07T05:37:55-05:00,2026-10-08,06:00 AM,1000,0,Ruta 1-B: Terraza superior,100,0,100
2026-10-07T10:37:55+00:00,2026-10-07T05:37:55-05:00,2026-10-08,06:00 AM,1000,0,Ruta 2-A: Clásico Diseñada,600,0,600
2026-10-07T10:37:55+00:00,2026-10-07T05:37:55-05:00,2026-10-08,06:00 AM,1000,0,Ruta 2-B: Terraza Inferior,100,0,100
2026-10-07T10:37:55+00:00,2026-10-07T05:37:55-05:00,2026-10-08,06:00 AM,1000,0,Ruta 3-A: Montaña Waynapicchu,50,0,50
2026-10-07T10:37:55+00:00,2026-10-07T05:37:55-05:00,2026-10-08,06:00 AM,1000,0,Ruta 3-B: Realeza diseñada,100,0,100
2026-10-07T10:46:11+00:00,2026-10-07T05:46:11-05:00,2026-10-08,06:00 AM,1000,0,Ruta 1-A: Montaña Machupicchu,50,0,50
2026-10-07T10:46:11+00:00,2026-10-07T05:46:11-05:00,2026-10-08,06:00 AM,1000,0,Ruta 1-B: Terraza superior,100,0,100
2026-10-07T10:46:11+00:00,2026-10-07T05:46:11-05:00,2026-10-08,06:00 AM,1000,0,Ruta 2-A: Clásico Diseñada,600,0,600
2026-10-07T10:46:11+00:00,2026-10-07T05:46:11-05:00,2026-10-08,06:00 AM,1000,0,Ruta 2-B: Terraza Inferior,100,0,100
2026-10-07T10:46:11+00:00,2026-10-07T05:46:11-05:00,2026-10-08,06:00 AM,1000,0,Ruta 3-A: Montaña Waynapicchu,50,0,50
2026-10-07T10:46:11+00:00,2026-10-07T05:46:11-05:00,2026-10-08,06:00 AM,1000,0,Ruta 3-B: Realeza diseñada,100,0,100
2026-10-07T11:01:27+00:00,2026-10-07T06:01:27-05:00,2026-10-08,06:00 AM,999,1,Ruta 1-A: Montaña Machupicchu,50,0,50
2026-10-07T11:01:27+00:00,2026-10-07T06:01:27-05:00,2026-10-08,06:00 AM,999,1,Ruta 1-B: Terraza superior,100,0,100
2026-10-07T11:01:27+00:00,2026-10-07T06:01:27-05:00,2026-10-08,06:00 AM,999,1,Ruta 2-A: Clásico Diseñada,600,0,600
2026-10-07T11:01:27+00:00,2026-10-07T06:01:27-05:00,2026-10-08,06:00 AM,999,1,Ruta 2-B: Terraza Inferior,100,0,100
2026-10-07T11:01:27+00:00,2026-10-07T06:01:27-05:00,2026-10-08,06:00 AM,999,1,Ruta 3-A: Montaña Waynapicchu,50,0,50
2026-10-07T11:01:27+00:00,2026-10-07T06:01:27-05:00,2026-10-08,06:00 AM,999,1,Ruta 3-B: Realeza diseñada,100,0,100
2026-10-07T11:16:01+00:00,2026-10-07T06:16:01-05:00,2026-10-08,06:00 AM,928,72,Ruta 1-A: Montaña Machupicchu,50,0,50
2026-10-07T11:16:01+00:00,2026-10-07T06:16:01-05:00,2026-10-08,06:00 AM,928,72,Ruta 1-B: Terraza superior,100,0,100
2026-10-07T11:16:01+00:00,2026-10-07T06:16:01-05:00,2026-10-08,06:00 AM,928,72,Ruta 2-A: Clásico Diseñada,600,26,574
2026-10-07T11:16:01+00:00,2026-10-07T06:16:01-05:00,2026-10-08,06:00 AM,928,72,Ruta 2-B: Terraza Inferior,100,10,90
2026-10-07T11:16:01+00:00,2026-10-07T06:16:01-05:00,2026-10-08,06:00 AM,928,72,Ruta 3-A: Montaña Waynapicchu,50,0,50
2026-10-07T11:16:01+00:00,2026-10-07T06:16:01-05:00,2026-10-08,06:00 AM,928,72,Ruta 3-B: Realeza diseñada,100,0,100
2026-10-07T11:31:08+00:00,2026-10-07T06:31:08-05:00,2026-10-08,06:00 AM,835,165,Ruta 1-A: Montaña Machupicchu,50,0,50
2026-10-07T11:31:08+00:00,2026-10-07T06:31:08-05:00,2026-10-08,06:00 AM,835,165,Ruta 1-B: Terraza superior,100,0,100
2026-10-07T11:31:08+00:00,2026-10-07T06:31:08-05:00,2026-10-08,06:00 AM,835,165,Ruta 2-A: Clásico Diseñada,600,70,530
2026-10-07T11:31:08+00:00,2026-10-07T06:31:08-05:00,2026-10-08,06:00 AM,835,165,Ruta 2-B: Terraza Inferior,100,14,86
2026-10-07T11:31:08+00:00,2026-10-07T06:31:08-05:00,2026-10-08,06:00 AM,835,165,Ruta 3-A: Montaña Waynapicchu,50,2,48
2026-10-07T11:31:08+00:00,2026-10-07T06:31:08-05:00,2026-10-08,06:00 AM,835,165,Ruta 3-B: Realeza diseñada,100,0,100
2026-10-07T11:45:53+00:00,2026-10-07T06:45:53-05:00,2026-10-08,06:00 AM,750,250,Ruta 1-A: Montaña Machupicchu,50,0,50
2026-10-07T11:45:53+00:00,2026-10-07T06:45:53-05:00,2026-10-08,06:00 AM,750,250,Ruta 1-B: Terraza superior,100,0,100
2026-10-07T11:45:53+00:00,2026-10-07T06:45:53-05:00,2026-10-08,06:00 AM,750,250,Ruta 2-A: Clásico Diseñada,600,124,476
2026-10-07T11:45:53+00:00,2026-10-07T06:45:53-05:00,2026-10-08,06:00 AM,750,250,Ruta 2-B: Terraza Inferior,100,27,73
2026-10-07T11:45:53+00:00,2026-10-07T06:45:53-05:00,2026-10-08,06:00 AM,750,250,Ruta 3-A: Montaña Waynapicchu,50,2,48
2026-10-07T11:45:53+00:00,2026-10-07T06:45:53-05:00,2026-10-08,06:00 AM,750,250,Ruta 3-B: Realeza diseñada,100,2,98
2026-10-07T12:01:35+00:00,2026-10-07T07:01:35-05:00,2026-10-08,06:00 AM,679,321,Ruta 1-A: Montaña Machupicchu,50,0,50
2026-10-07T12:01:35+00:00,2026-10-07T07:01:35-05:00,2026-10-08,06:00 AM,679,321,Ruta 1-B: Terraza superior,100,0,100
2026-10-07T12:01:35+00:00,2026-10-07T07:01:35-05:00,2026-10-08,06:00 AM,679,321,Ruta 2-A: Clásico Diseñada,600,181,419
2026-10-07T12:01:35+00:00,2026-10-07T07:01:35-05:00,2026-10-08,06:00 AM,679,321,Ruta 2-B: Terraza Inferior,100,27,73
2026-10-07T12:01:35+00:00,2026-10-07T07:01:35-05:00,2026-10-08,06:00 AM,679,321,Ruta 3-A: Montaña Waynapicchu,50,2,48
2026-10-07T12:01:35+00:00,2026-10-07T07:01:35-05:00,2026-10-08,06:00 AM,679,321,Ruta 3-B: Realeza diseñada,100,3,97
2026-10-07T12:16:05+00:00,2026-10-07T07:16:05-05:00,2026-10-08,06:00 AM,634,366,Ruta 1-A: Montaña Machupicchu,50,0,50
2026-10-07T12:16:05+00:00,2026-10-07T07:16:05-05:00,2026-10-08,06:00 AM,634,366,Ruta 1-B: Terraza superior,100,0,100
2026-10-07T12:16:05+00:00,2026-10-07T07:16:05-05:00,2026-10-08,06:00 AM,634,366,Ruta 2-A: Clásico Diseñada,600,222,378
2026-10-07T12:16:05+00:00,2026-10-07T07:16:05-05:00,2026-10-08,06:00 AM,634,366,Ruta 2-B: Terraza Inferior,100,33,67
2026-10-07T12:16:05+00:00,2026-10-07T07:16:05-05:00,2026-10-08,06:00 AM,634,366,Ruta 3-A: Montaña Waynapicchu,50,2,48
2026-10-07T12:16:05+00:00,2026-10-07T07:16:05-05:00,2026-10-08,06:00 AM,634,366,Ruta 3-B: Realeza diseñada,100,3,97
2026-10-07T12:31:18+00:00,2026-10-07T07:31:18-05:00,2026-10-08,06:00 AM,598,402,Ruta 1-A: Montaña Machupicchu,50,0,50
2026-10-07T12:31:18+00:00,2026-10-07T07:31:18-05:00,2026-10-08,06:00 AM,598,402,Ruta 1-B: Terraza superior,100,0,100
2026-10-07T12:31:18+00:00,2026-10-07T07:31:18-05:00,2026-10-08,06:00 AM,598,402,Ruta 2-A: Clásico Diseñada,600,257,343
2026-10-07T12:31:18+00:00,2026-10-07T07:31:18-05:00,2026-10-08,06:00 AM,598,402,Ruta 2-B: Terraza Inferior,100,35,65
2026-10-07T12:31:18+00:00,2026-10-07T07:31:18-05:00,2026-10-08,06:00 AM,598,402,Ruta 3-A: Montaña Waynapicchu,50,8,42
2026-10-07T12:31:18+00:00,2026-10-07T07:31:18-05:00,2026-10-08,06:00 AM,598,402,Ruta 3-B: Realeza diseñada,100,24,76
2026-10-07T12:45:59+00:00,2026-10-07T07:45:59-05:00,2026-10-08,06:00 AM,543,457,Ruta 1-A: Montaña Machupicchu,50,0,50
2026-10-07T12:45:59+00:00,2026-10-07T07:45:59-05:00,2026-10-08,06:00 AM,543,457,Ruta 1-B: Terraza superior,100,0,100
2026-10-07T12:45:59+00:00,2026-10-07T07:45:59-05:00,2026-10-08,06:00 AM,543,457,Ruta 2-A: Clásico Diseñada,600,326,274
2026-10-07T12:45:59+00:00,2026-10-07T07:45:59-05:00,2026-10-08,06:00 AM,543,457,Ruta 2-B: Terraza Inferior,100,35,65
2026-10-07T12:45:59+00:00,2026-10-07T07:45:59-05:00,2026-10-08,06:00 AM,543,457,Ruta 3-A: Montaña Waynapicchu,50,10,40
2026-10-07T12:45:59+00:00,2026-10-07T07:45:59-05:00,2026-10-08,06:00 AM,543,457,Ruta 3-B: Realeza diseñada,100,24,76
2026-10-07T13:01:35+00:00,2026-10-07T08:01:35-05:00,2026-10-08,06:00 AM,499,501,Ruta 1-A: Montaña Machupicchu,50,0,50
2026-10-07T13:01:35+00:00,2026-10-07T08:01:35-05:00,2026-10-08,06:00 AM,499,501,Ruta 1-B: Terraza superior,100,0,100
2026-10-07T13:01:35+00:00,2026-10-07T08:01:35-05:00,2026-10-08,06:00 AM,499,501,Ruta 2-A: Clásico Diseñada,600,354,246
2026-10-07T13:01:35+00:00,2026-10-07T08:01:35-05:00,2026-10-08,06:00 AM,499,501,Ruta 2-B: Terraza Inferior,100,50,50
2026-10-07T13:01:35+00:00,2026-10-07T08:01:35-05:00,2026-10-08,06:00 AM,499,501,Ruta 3-A: Montaña Waynapicchu,50,10,40
2026-10-07T13:01:35+00:00,2026-10-07T08:01:35-05:00,2026-10-08,06:00 AM,499,501,Ruta 3-B: Realeza diseñada,100,28,72
2026-10-07T13:16:00+00:00,2026-10-07T08:16:00-05:00,2026-10-08,06:00 AM,432,568,Ruta 1-A: Montaña Machupicchu,50,0,50
2026-10-07T13:16:00+00:00,2026-10-07T08:16:00-05:00,2026-10-08,06:00 AM,432,568,Ruta 1-B: Terraza superior,100,2,98
2026-10-07T13:16:00+00:00,2026-10-07T08:16:00-05:00,2026-10-08,06:00 AM,432,568,Ruta 2-A: Clásico Diseñada,600,387,213
2026-10-07T13:16:00+00:00,2026-10-07T08:16:00-05:00,2026-10-08,06:00 AM,432,568,Ruta 2-B: Terraza Inferior,100,62,38
2026-10-07T13:16:00+00:00,2026-10-07T08:16:00-05:00,2026-10-08,06:00 AM,432,568,Ruta 3-A: Montaña Waynapicchu,50,10,40
2026-10-07T13:16:00+00:00,2026-10-07T08:16:00-05:00,2026-10-08,06:00 AM,432,568,Ruta 3-B: Realeza diseñada,100,30,70
2026-10-07T13:31:19+00:00,2026-10-07T08:31:19-05:00,2026-10-08,06:00 AM,415,585,Ruta 1-A: Montaña Machupicchu,50,0,50
2026-10-07T13:31:19+00:00,2026-10-07T08:31:19-05:00,2026-10-08,06:00 AM,415,585,Ruta 1-B: Terraza superior,100,2,98
2026-10-07T13:31:19+00:00,2026-10-07T08:31:19-05:00,2026-10-08,06:00 AM,415,585,Ruta 2-A: Clásico Diseñada,600,396,204
2026-10-07T13:31:19+00:00,2026-10-07T08:31:19-05:00,2026-10-08,06:00 AM,415,585,Ruta 2-B: Terraza Inferior,100,71,29
2026-10-07T13:31:19+00:00,2026-10-07T08:31:19-05:00,2026-10-08,06:00 AM,415,585,Ruta 3-A: Montaña Waynapicchu,50,10,40
2026-10-07T13:31:19+00:00,2026-10-07T08:31:19-05:00,2026-10-08,06:00 AM,415,585,Ruta 3-B: Realeza diseñada,100,30,70
2026-10-07T14:16:05+00:00,2026-10-07T09:16:05-05:00,2026-10-08,06:00 AM,340,660,Ruta 1-A: Montaña Machupicchu,50,1,49
2026-10-07T14:16:05+00:00,2026-10-07T09:16:05-05:00,2026-10-08,06:00 AM,340,660,Ruta 1-B: Terraza superior,100,2,98
2026-10-07T14:16:05+00:00,2026-10-07T09:16:05-05:00,2026-10-08,06:00 AM,340,660,Ruta 2-A: Clásico Diseñada,600,520,80
2026-10-07T14:16:05+00:00,2026-10-07T09:16:05-05:00,2026-10-08,06:00 AM,340,660,Ruta 2-B: Terraza Inferior,100,85,15
2026-10-07T14:16:05+00:00,2026-10-07T09:16:05-05:00,2026-10-08,06:00 AM,340,660,Ruta 3-A: Montaña Waynapicchu,50,10,40
2026-10-07T14:16:05+00:00,2026-10-07T09:16:05-05:00,2026-10-08,06:00 AM,340,660,Ruta 3-B: Realeza diseñada,100,35,65
2026-10-07T14:31:22+00:00,2026-10-07T09:31:22-05:00,2026-10-08,06:00 AM,286,714,Ruta 1-A: Montaña Machupicchu,50,1,49
2026-10-07T14:31:22+00:00,2026-10-07T09:31:22-05:00,2026-10-08,06:00 AM,286,714,Ruta 1-B: Terraza superior,100,2,98
2026-10-07T14:31:22+00:00,2026-10-07T09:31:22-05:00,2026-10-08,06:00 AM,286,714,Ruta 2-A: Clásico Diseñada,600,544,56
2026-10-07T14:31:22+00:00,2026-10-07T09:31:22-05:00,2026-10-08,06:00 AM,286,714,Ruta 2-B: Terraza Inferior,100,89,11
2026-10-07T14:31:22+00:00,2026-10-07T09:31:22-05:00,2026-10-08,06:00 AM,286,714,Ruta 3-A: Montaña Waynapicchu,50,10,40
2026-10-07T14:31:22+00:00,2026-10-07T09:31:22-05:00,2026-10-08,06:00 AM,286,714,Ruta 3-B: Realeza diseñada,100,37,63
2026-10-07T14:45:57+00:00,2026-10-07T09:45:57-05:00,2026-10-08,06:00 AM,227,773,Ruta 1-A: Montaña Machupicchu,50,2,48
2026-10-07T14:45:57+00:00,2026-10-07T09:45:57-05:00,2026-10-08,06:00 AM,227,773,Ruta 1-B: Terraza superior,100,7,93
2026-10-07T14:45:57+00:00,2026-10-07T09:45:57-05:00,2026-10-08,06:00 AM,227,773,Ruta 2-A: Clásico Diseñada,600,555,45
2026-10-07T14:45:57+00:00,2026-10-07T09:45:57-05:00,2026-10-08,06:00 AM,227,773,Ruta 2-B: Terraza Inferior,100,92,8
2026-10-07T14:45:57+00:00,2026-10-07T09:45:57-05:00,2026-10-08,06:00 AM,227,773,Ruta 3-A: Montaña Waynapicchu,50,14,36
2026-10-07T14:45:57+00:00,2026-10-07T09:45:57-05:00,2026-10-08,06:00 AM,227,773,Ruta 3-B: Realeza diseñada,100,37,63
2026-10-07T15:01:19+00:00,2026-10-07T10:01:19-05:00,2026-10-08,06:00 AM,222,778,Ruta 1-A: Montaña Machupicchu,50,2,48
2026-10-07T15:01:19+00:00,2026-10-07T10:01:19-05:00,2026-10-08,06:00 AM,222,778,Ruta 1-B: Terraza superior,100,16,84
2026-10-07T15:01:19+00:00,2026-10-07T10:01:19-05:00,2026-10-08,06:00 AM,222,778,Ruta 2-A: Clásico Diseñada,600,569,31
2026-10-07T15:01:19+00:00,2026-10-07T10:01:19-05:00,2026-10-08,06:00 AM,222,778,Ruta 2-B: Terraza Inferior,100,92,8
2026-10-07T15:01:19+00:00,2026-10-07T10:01:19-05:00,2026-10-08,06:00 AM,222,778,Ruta 3-A: Montaña Waynapicchu,50,14,36
2026-10-07T15:01:19+00:00,2026-10-07T10:01:19-05:00,2026-10-08,06:00 AM,222,778,Ruta 3-B: Realeza diseñada,100,40,60
2026-10-07T15:31:13+00:00,2026-10-07T10:31:13-05:00,2026-10-08,06:00 AM,202,798,Ruta 1-A: Montaña Machupicchu,50,2,48
2026-10-07T15:31:13+00:00,2026-10-07T10:31:13-05:00,2026-10-08,06:00 AM,202,798,Ruta 1-B: Terraza superior,100,17,83
2026-10-07T15:31:13+00:00,2026-10-07T10:31:13-05:00,2026-10-08,06:00 AM,202,798,Ruta 2-A: Clásico Diseñada,600,600,0
2026-10-07T15:31:13+00:00,2026-10-07T10:31:13-05:00,2026-10-08,06:00 AM,202,798,Ruta 2-B: Terraza Inferior,100,100,0
2026-10-07T15:31:13+00:00,2026-10-07T10:31:13-05:00,2026-10-08,06:00 AM,202,798,Ruta 3-A: Montaña Waynapicchu,50,17,33
2026-10-07T15:31:13+00:00,2026-10-07T10:31:13-05:00,2026-10-08,06:00 AM,202,798,Ruta 3-B: Realeza diseñada,100,49,51
2026-10-07T15:46:01+00:00,2026-10-07T10:46:01-05:00,2026-10-08,06:00 AM,197,803,Ruta 1-A: Montaña Machupicchu,50,2,48
2026-10-07T15:46:01+00:00,2026-10-07T10:46:01-05:00,2026-10-08,06:00 AM,197,803,Ruta 1-B: Terraza superior,100,19,81
2026-10-07T15:46:01+00:00,2026-10-07T10:46:01-05:00,2026-10-08,06:00 AM,197,803,Ruta 2-A: Clásico Diseñada,600,600,0
2026-10-07T15:46:01+00:00,2026-10-07T10:46:01-05:00,2026-10-08,06:00 AM,197,803,Ruta 2-B: Terraza Inferior,100,100,0
2026-10-07T15:46:01+00:00,2026-10-07T10:46:01-05:00,2026-10-08,06:00 AM,197,803,Ruta 3-A: Montaña Waynapicchu,50,17,33
2026-10-07T15:46:01+00:00,2026-10-07T10:46:01-05:00,2026-10-08,06:00 AM,197,803,Ruta 3-B: Realeza diseñada,100,49,51
2026-10-07T16:01:30+00:00,2026-10-07T11:01:30-05:00,2026-10-08,06:00 AM,195,805,Ruta 1-A: Montaña Machupicchu,50,3,47
2026-10-07T16:01:30+00:00,2026-10-07T11:01:30-05:00,2026-10-08,06:00 AM,195,805,Ruta 1-B: Terraza superior,100,21,79
2026-10-07T16:01:30+00:00,2026-10-07T11:01:30-05:00,2026-10-08,06:00 AM,195,805,Ruta 2-A: Clásico Diseñada,600,600,0
2026-10-07T16:01:30+00:00,2026-10-07T11:01:30-05:00,2026-10-08,06:00 AM,195,805,Ruta 2-B: Terraza Inferior,100,100,0
2026-10-07T16:01:30+00:00,2026-10-07T11:01:30-05:00,2026-10-08,06:00 AM,195,805,Ruta 3-A: Montaña Waynapicchu,50,17,33
2026-10-07T16:01:30+00:00,2026-10-07T11:01:30-05:00,2026-10-08,06:00 AM,195,805,Ruta 3-B: Realeza diseñada,100,51,49
2026-10-07T16:19:47+00:00,2026-10-07T11:19:47-05:00,2026-10-08,06:00 AM,191,809,Ruta 1-A: Montaña Machupicchu,50,3,47
2026-10-07T16:19:47+00:00,2026-10-07T11:19:47-05:00,2026-10-08,06:00 AM,191,809,Ruta 1-B: Terraza superior,100,21,79
2026-10-07T16:19:47+00:00,2026-10-07T11:19:47-05:00,2026-10-08,06:00 AM,191,809,Ruta 2-A: Clásico Diseñada,600,600,0
2026-10-07T16:19:47+00:00,2026-10-07T11:19:47-05:00,2026-10-08,06:00 AM,191,809,Ruta 2-B: Terraza Inferior,100,100,0
2026-10-07T16:19:47+00:00,2026-10-07T11:19:47-05:00,2026-10-08,06:00 AM,191,809,Ruta 3-A: Montaña Waynapicchu,50,19,31
2026-10-07T16:19:47+00:00,2026-10-07T11:19:47-05:00,2026-10-08,06:00 AM,191,809,Ruta 3-B: Realeza diseñada,100,51,49
2026-10-07T16:45:57+00:00,2026-10-07T11:45:57-05:00,2026-10-08,06:00 AM,165,835,Ruta 1-A: Montaña Machupicchu,50,3,47
2026-10-07T16:45:57+00:00,2026-10-07T11:45:57-05:00,2026-10-08,06:00 AM,165,835,Ruta 1-B: Terraza superior,100,28,72
2026-10-07T16:45:57+00:00,2026-10-07T11:45:57-05:00,2026-10-08,06:00 AM,165,835,Ruta 2-A: Clásico Diseñada,600,600,0
2026-10-07T16:45:57+00:00,2026-10-07T11:45:57-05:00,2026-10-08,06:00 AM,165,835,Ruta 2-B: Terraza Inferior,100,100,0
2026-10-07T16:45:57+00:00,2026-10-07T11:45:57-05:00,2026-10-08,06:00 AM,165,835,Ruta 3-A: Montaña Waynapicchu,50,24,26
2026-10-07T16:45:57+00:00,2026-10-07T11:45:57-05:00,2026-10-08,06:00 AM,165,835,Ruta 3-B: Realeza diseñada,100,57,43
2026-10-07T17:26:27+00:00,2026-10-07T12:26:27-05:00,2026-10-08,06:00 AM,114,886,Ruta 1-A: Montaña Machupicchu,50,3,47
2026-10-07T17:26:27+00:00,2026-10-07T12:26:27-05:00,2026-10-08,06:00 AM,114,886,Ruta 1-B: Terraza superior,100,30,70
2026-10-07T17:26:27+00:00,2026-10-07T12:26:27-05:00,2026-10-08,06:00 AM,114,886,Ruta 2-A: Clásico Diseñada,600,600,0
2026-10-07T17:26:27+00:00,2026-10-07T12:26:27-05:00,2026-10-08,06:00 AM,114,886,Ruta 2-B: Terraza Inferior,100,100,0
2026-10-07T17:26:27+00:00,2026-10-07T12:26:27-05:00,2026-10-08,06:00 AM,114,886,Ruta 3-A: Montaña Waynapicchu,50,30,20
2026-10-07T17:26:27+00:00,2026-10-07T12:26:27-05:00,2026-10-08,06:00 AM,114,886,Ruta 3-B: Realeza diseñada,100,81,19
2026-10-07T17:31:17+00:00,2026-10-07T12:31:17-05:00,2026-10-08,06:00 AM,106,894,Ruta 1-A: Montaña Machupicchu,50,3,47
2026-10-07T17:31:17+00:00,2026-10-07T12:31:17-05:00,2026-10-08,06:00 AM,106,894,Ruta 1-B: Terraza superior,100,33,67
2026-10-07T17:31:17+00:00,2026-10-07T12:31:17-05:00,2026-10-08,06:00 AM,106,894,Ruta 2-A: Clásico Diseñada,600,600,0
2026-10-07T17:31:17+00:00,2026-10-07T12:31:17-05:00,2026-10-08,06:00 AM,106,894,Ruta 2-B: Terraza Inferior,100,100,0
2026-10-07T17:31:17+00:00,2026-10-07T12:31:17-05:00,2026-10-08,06:00 AM,106,894,Ruta 3-A: Montaña Waynapicchu,50,32,18
2026-10-07T17:31:17+00:00,2026-10-07T12:31:17-05:00,2026-10-08,06:00 AM,106,894,Ruta 3-B: Realeza diseñada,100,97,3
2026-10-07T17:45:59+00:00,2026-10-07T12:45:59-05:00,2026-10-08,06:00 AM,76,924,Ruta 1-A: Montaña Machupicchu,50,5,45
2026-10-07T17:45:59+00:00,2026-10-07T12:45:59-05:00,2026-10-08,06:00 AM,76,924,Ruta 1-B: Terraza superior,100,46,54
2026-10-07T17:45:59+00:00,2026-10-07T12:45:59-05:00,2026-10-08,06:00 AM,76,924,Ruta 2-A: Clásico Diseñada,600,600,0
2026-10-07T17:45:59+00:00,2026-10-07T12:45:59-05:00,2026-10-08,06:00 AM,76,924,Ruta 2-B: Terraza Inferior,100,100,0
2026-10-07T17:45:59+00:00,2026-10-07T12:45:59-05:00,2026-10-08,06:00 AM,76,924,Ruta 3-A: Montaña Waynapicchu,50,36,14
2026-10-07T17:45:59+00:00,2026-10-07T12:45:59-05:00,2026-10-08,06:00 AM,76,924,Ruta 3-B: Realeza diseñada,100,98,2
2026-10-07T18:03:21+00:00,2026-10-07T13:03:21-05:00,2026-10-08,06:00 AM,60,940,Ruta 1-A: Montaña Machupicchu,50,20,30
2026-10-07T18:03:21+00:00,2026-10-07T13:03:21-05:00,2026-10-08,06:00 AM,60,940,Ruta 1-B: Terraza superior,100,57,43
2026-10-07T18:03:21+00:00,2026-10-07T13:03:21-05:00,2026-10-08,06:00 AM,60,940,Ruta 2-A: Clásico Diseñada,600,600,0
2026-10-07T18:03:21+00:00,2026-10-07T13:03:21-05:00,2026-10-08,06:00 AM,60,940,Ruta 2-B: Terraza Inferior,100,100,0
2026-10-07T18:03:21+00:00,2026-10-07T13:03:21-05:00,2026-10-08,06:00 AM,60,940,Ruta 3-A: Montaña Waynapicchu,50,38,12
2026-10-07T18:03:21+00:00,2026-10-07T13:03:21-05:00,2026-10-08,06:00 AM,60,940,Ruta 3-B: Realeza diseñada,100,100,0
2026-10-07T18:17:43+00:00,2026-10-07T13:17:43-05:00,2026-10-08,06:00 AM,50,950,Ruta 1-A: Montaña Machupicchu,50,20,30
2026-10-07T18:17:43+00:00,2026-10-07T13:17:43-05:00,2026-10-08,06:00 AM,50,950,Ruta 1-B: Terraza superior,100,64,36
2026-10-07T18:17:43+00:00,2026-10-07T13:17:43-05:00,2026-10-08,06:00 AM,50,950,Ruta 2-A: Clásico Diseñada,600,600,0
2026-10-07T18:17:43+00:00,2026-10-07T13:17:43-05:00,2026-10-08,06:00 AM,50,950,Ruta 2-B: Terraza Inferior,100,100,0
2026-10-07T18:17:43+00:00,2026-10-07T13:17:43-05:00,2026-10-08,06:00 AM,50,950,Ruta 3-A: Montaña Waynapicchu,50,42,8
2026-10-07T18:17:43+00:00,2026-10-07T13:17:43-05:00,2026-10-08,06:00 AM,50,950,Ruta 3-B: Realeza diseñada,100,100,0
2026-10-07T18:31:19+00:00,2026-10-07T13:31:19-05:00,2026-10-08,06:00 AM,47,953,Ruta 1-A: Montaña Machupicchu,50,20,30
2026-10-07T18:31:19+00:00,2026-10-07T13:31:19-05:00,2026-10-08,06:00 AM,47,953,Ruta 1-B: Terraza superior,100,64,36
2026-10-07T18:31:19+00:00,2026-10-07T13:31:19-05:00,2026-10-08,06:00 AM,47,953,Ruta 2-A: Clásico Diseñada,600,600,0
2026-10-07T18:31:19+00:00,2026-10-07T13:31:19-05:00,2026-10-08,06:00 AM,47,953,Ruta 2-B: Terraza Inferior,100,100,0
2026-10-07T18:31:19+00:00,2026-10-07T13:31:19-05:00,2026-10-08,06:00 AM,47,953,Ruta 3-A: Montaña Waynapicchu,50,43,7
2026-10-07T18:31:19+00:00,2026-10-07T13:31:19-05:00,2026-10-08,06:00 AM,47,953,Ruta 3-B: Realeza diseñada,100,100,0
2026-10-07T18:46:05+00:00,2026-10-07T13:46:05-05:00,2026-10-08,06:00 AM,43,957,Ruta 1-A: Montaña Machupicchu,50,20,30
2026-10-07T18:46:05+00:00,2026-10-07T13:46:05-05:00,2026-10-08,06:00 AM,43,957,Ruta 1-B: Terraza superior,100,64,36
2026-10-07T18:46:05+00:00,2026-10-07T13:46:05-05:00,2026-10-08,06:00 AM,43,957,Ruta 2-A: Clásico Diseñada,600,600,0
2026-10-07T18:46:05+00:00,2026-10-07T13:46:05-05:00,2026-10-08,06:00 AM,43,957,Ruta 2-B: Terraza Inferior,100,100,0
2026-10-07T18:46:05+00:00,2026-10-07T13:46:05-05:00,2026-10-08,06:00 AM,43,957,Ruta 3-A: Montaña Waynapicchu,50,47,3
2026-10-07T18:46:05+00:00,2026-10-07T13:46:05-05:00,2026-10-08,06:00 AM,43,957,Ruta 3-B: Realeza diseñada,100,100,0
2026-10-07T19:02:47+00:00,2026-10-07T14:02:47-05:00,2026-10-08,06:00 AM,30,970,Ruta 1-A: Montaña Machupicchu,50,20,30
2026-10-07T19:02:47+00:00,2026-10-07T14:02:47-05:00,2026-10-08,06:00 AM,30,970,Ruta 1-B: Terraza superior,100,66,34
2026-10-07T19:02:47+00:00,2026-10-07T14:02:47-05:00,2026-10-08,06:00 AM,30,970,Ruta 2-A: Clásico Diseñada,600,600,0
2026-10-07T19:02:47+00:00,2026-10-07T14:02:47-05:00,2026-10-08,06:00 AM,30,970,Ruta 2-B: Terraza Inferior,100,100,0
2026-10-07T19:02:47+00:00,2026-10-07T14:02:47-05:00,2026-10-08,06:00 AM,30,970,Ruta 3-A: Montaña Waynapicchu,50,50,0
2026-10-07T19:02:47+00:00,2026-10-07T14:02:47-05:00,2026-10-08,06:00 AM,30,970,Ruta 3-B: Realeza diseñada,100,100,0
2026-10-07T19:15:55+00:00,2026-10-07T14:15:55-05:00,2026-10-08,06:00 AM,22,978,Ruta 1-A: Montaña Machupicchu,50,22,28
2026-10-07T19:15:55+00:00,2026-10-07T14:15:55-05:00,2026-10-08,06:00 AM,22,978,Ruta 1-B: Terraza superior,100,68,32
2026-10-07T19:15:55+00:00,2026-10-07T14:15:55-05:00,2026-10-08,06:00 AM,22,978,Ruta 2-A: Clásico Diseñada,600,600,0
2026-10-07T19:15:55+00:00,2026-10-07T14:15:55-05:00,2026-10-08,06:00 AM,22,978,Ruta 2-B: Terraza Inferior,100,100,0
2026-10-07T19:15:55+00:00,2026-10-07T14:15:55-05:00,2026-10-08,06:00 AM,22,978,Ruta 3-A: Montaña Waynapicchu,50,50,0
2026-10-07T19:15:55+00:00,2026-10-07T14:15:55-05:00,2026-10-08,06:00 AM,22,978,Ruta 3-B: Realeza diseñada,100,100,0
2026-10-07T19:31:04+00:00,2026-10-07T14:31:04-05:00,2026-10-08,06:00 AM,19,981,Ruta 1-A: Montaña Machupicchu,50,26,24
2026-10-07T19:31:04+00:00,2026-10-07T14:31:04-05:00,2026-10-08,06:00 AM,19,981,Ruta 1-B: Terraza superior,100,72,28
2026-10-07T19:31:04+00:00,2026-10-07T14:31:04-05:00,2026-10-08,06:00 AM,19,981,Ruta 2-A: Clásico Diseñada,600,600,0
2026-10-07T19:31:04+00:00,2026-10-07T14:31:04-05:00,2026-10-08,06:00 AM,19,981,Ruta 2-B: Terraza Inferior,100,100,0
2026-10-07T19:31:04+00:00,2026-10-07T14:31:04-05:00,2026-10-08,06:00 AM,19,981,Ruta 3-A: Montaña Waynapicchu,50,50,0
2026-10-07T19:31:04+00:00,2026-10-07T14:31:04-05:00,2026-10-08,06:00 AM,19,981,Ruta 3-B: Realeza diseñada,100,100,0
2026-10-07T19:47:22+00:00,2026-10-07T14:47:22-05:00,2026-10-08,06:00 AM,1,999,Ruta 1-A: Montaña Machupicchu,50,31,19
2026-10-07T19:47:22+00:00,2026-10-07T14:47:22-05:00,2026-10-08,06:00 AM,1,999,Ruta 1-B: Terraza superior,100,74,26
2026-10-07T19:47:22+00:00,2026-10-07T14:47:22-05:00,2026-10-08,06:00 AM,1,999,Ruta 2-A: Clásico Diseñada,600,600,0
2026-10-07T19:47:22+00:00,2026-10-07T14:47:22-05:00,2026-10-08,06:00 AM,1,999,Ruta 2-B: Terraza Inferior,100,100,0
2026-10-07T19:47:22+00:00,2026-10-07T14:47:22-05:00,2026-10-08,06:00 AM,1,999,Ruta 3-A: Montaña Waynapicchu,50,50,0
2026-10-07T19:47:22+00:00,2026-10-07T14:47:22-05:00,2026-10-08,06:00 AM,1,999,Ruta 3-B: Realeza diseñada,100,100,0
2026-10-07T20:03:03+00:00,2026-10-07T15:03:03-05:00,2026-10-08,06:00 AM,0,1000,Ruta 1-A: Montaña Machupicchu,50,31,19
2026-10-07T20:03:03+00:00,2026-10-07T15:03:03-05:00,2026-10-08,06:00 AM,0,1000,Ruta 1-B: Terraza superior,100,79,21
2026-10-07T20:03:03+00:00,2026-10-07T15:03:03-05:00,2026-10-08,06:00 AM,0,1000,Ruta 2-A: Clásico Diseñada,600,600,0
2026-10-07T20:03:03+00:00,2026-10-07T15:03:03-05:00,2026-10-08,06:00 AM,0,1000,Ruta 2-B: Terraza Inferior,100,100,0
2026-10-07T20:03:03+00:00,2026-10-07T15:03:03-05:00,2026-10-08,06:00 AM,0,1000,Ruta 3-A: Montaña Waynapicchu,50,50,0
2026-10-07T20:03:03+00:00,2026-10-07T15:03:03-05:00,2026-10-08,06:00 AM,0,1000,Ruta 3-B: Realeza diseñada,100,100,0
2026-10-07T20:16:01+00:00,2026-10-07T15:16:01-05:00,2026-10-08,06:00 AM,0,1000,Ruta 1-A: Montaña Machupicchu,50,31,19
2026-10-07T20:16:01+00:00,2026-10-07T15:16:01-05:00,2026-10-08,06:00 AM,0,1000,Ruta 1-B: Terraza superior,100,89,11
2026-10-07T20:16:01+00:00,2026-10-07T15:16:01-05:00,2026-10-08,06:00 AM,0,1000,Ruta 2-A: Clásico Diseñada,600,600,0
2026-10-07T20:16:01+00:00,2026-10-07T15:16:01-05:00,2026-10-08,06:00 AM,0,1000,Ruta 2-B: Terraza Inferior,100,100,0
2026-10-07T20:16:01+00:00,2026-10-07T15:16:01-05:00,2026-10-08,06:00 AM,0,1000,Ruta 3-A: Montaña Waynapicchu,50,50,0
2026-10-07T20:16:01+00:00,2026-10-07T15:16:01-05:00,2026-10-08,06:00 AM,0,1000,Ruta 3-B: Realeza diseñada,100,100,0
2026-10-07T20:31:38+00:00,2026-10-07T15:31:38-05:00,2026-10-08,06:00 AM,0,1000,Ruta 1-A: Montaña Machupicchu,50,33,17
2026-10-07T20:31:38+00:00,2026-10-07T15:31:38-05:00,2026-10-08,06:00 AM,0,1000,Ruta 1-B: Terraza superior,100,96,4
2026-10-07T20:31:38+00:00,2026-10-07T15:31:38-05:00,2026-10-08,06:00 AM,0,1000,Ruta 2-A: Clásico Diseñada,600,600,0
2026-10-07T20:31:38+00:00,2026-10-07T15:31:38-05:00,2026-10-08,06:00 AM,0,1000,Ruta 2-B: Terraza Inferior,100,100,0
2026-10-07T20:31:38+00:00,2026-10-07T15:31:38-05:00,2026-10-08,06:00 AM,0,1000,Ruta 3-A: Montaña Waynapicchu,50,50,0
2026-10-07T20:31:38+00:00,2026-10-07T15:31:38-05:00,2026-10-08,06:00 AM,0,1000,Ruta 3-B: Realeza diseñada,100,100,0
2026-10-07T20:46:00+00:00,2026-10-07T15:46:00-05:00,2026-10-08,06:00 AM,0,1000,Ruta 1-A: Montaña Machupicchu,50,38,12
2026-10-07T20:46:00+00:00,2026-10-07T15:46:00-05:00,2026-10-08,06:00 AM,0,1000,Ruta 1-B: Terraza superior,100,97,3
2026-10-07T20:46:00+00:00,2026-10-07T15:46:00-05:00,2026-10-08,06:00 AM,0,1000,Ruta 2-A: Clásico Diseñada,600,600,0
2026-10-07T20:46:00+00:00,2026-10-07T15:46:00-05:00,2026-10-08,06:00 AM,0,1000,Ruta 2-B: Terraza Inferior,100,100,0
2026-10-07T20:46:00+00:00,2026-10-07T15:46:00-05:00,2026-10-08,06:00 AM,0,1000,Ruta 3-A: Montaña Waynapicchu,50,50,0
2026-10-07T20:46:00+00:00,2026-10-07T15:46:00-05:00,2026-10-08,06:00 AM,0,1000,Ruta 3-B: Realeza diseñada,100,100,0
2026-10-07T21:01:34+00:00,2026-10-07T16:01:34-05:00,2026-10-08,06:00 AM,0,1000,Ruta 1-A: Montaña Machupicchu,50,48,2
2026-10-07T21:01:34+00:00,2026-10-07T16:01:34-05:00,2026-10-08,06:00 AM,0,1000,Ruta 1-B: Terraza superior,100,99,1
2026-10-07T21:01:34+00:00,2026-10-07T16:01:34-05:00,2026-10-08,06:00 AM,0,1000,Ruta 2-A: Clásico Diseñada,600,600,0
2026-10-07T21:01:34+00:00,2026-10-07T16:01:34-05:00,2026-10-08,06:00 AM,0,1000,Ruta 2-B: Terraza Inferior,100,100,0
2026-10-07T21:01:34+00:00,2026-10-07T16:01:34-05:00,2026-10-08,06:00 AM,0,1000,Ruta 3-A: Montaña Waynapicchu,50,50,0
2026-10-07T21:01:34+00:00,2026-10-07T16:01:34-05:00,2026-10-08,06:00 AM,0,1000,Ruta 3-B: Realeza diseñada,100,100,0
2026-10-07T21:16:29+00:00,2026-10-07T16:16:29-05:00,2026-10-08,06:00 AM,0,1000,Ruta 1-A: Montaña Machupicchu,50,50,0
2026-10-07T21:16:29+00:00,2026-10-07T16:16:29-05:00,2026-10-08,06:00 AM,0,1000,Ruta 1-B: Terraza superior,100,100,0
2026-10-07T21:16:29+00:00,2026-10-07T16:16:29-05:00,2026-10-08,06:00 AM,0,1000,Ruta 2-A: Clásico Diseñada,600,600,0
2026-10-07T21:16:29+00:00,2026-10-07T16:16:29-05:00,2026-10-08,06:00 AM,0,1000,Ruta 2-B: Terraza Inferior,100,100,0
2026-10-07T21:16:29+00:00,2026-10-07T16:16:29-05:00,2026-10-08,06:00 AM,0,1000,Ruta 3-A: Montaña Waynapicchu,50,50,0
2026-10-07T21:16:29+00:00,2026-10-07T16:16:29-05:00,2026-10-08,06:00 AM,0,1000,Ruta 3-B: Realeza diseñada,100,100,0
2026-10-07T21:31:01+00:00,2026-10-07T16:31:01-05:00,2026-10-08,06:00 AM,0,1000,Ruta 1-A: Montaña Machupicchu,50,50,0
2026-10-07T21:31:01+00:00,2026-10-07T16:31:01-05:00,2026-10-08,06:00 AM,0,1000,Ruta 1-B: Terraza superior,100,100,0
2026-10-07T21:31:01+00:00,2026-10-07T16:31:01-05:00,2026-10-08,06:00 AM,0,1000,Ruta 2-A: Clásico Diseñada,600,600,0
2026-10-07T21:31:01+00:00,2026-10-07T16:31:01-05:00,2026-10-08,06:00 AM,0,1000,Ruta 2-B: Terraza Inferior,100,100,0
2026-10-07T21:31:01+00:00,2026-10-07T16:31:01-05:00,2026-10-08,06:00 AM,0,1000,Ruta 3-A: Montaña Waynapicchu,50,50,0
2026-10-07T21:31:01+00:00,2026-10-07T16:31:01-05:00,2026-10-08,06:00 AM,0,1000,Ruta 3-B: Realeza diseñada,100,100,0
2026-10-07T21:46:27+00:00,2026-10-07T16:46:27-05:00,2026-10-08,06:00 AM,0,1000,Ruta 1-A: Montaña Machupicchu,50,50,0
2026-10-07T21:46:27+00:00,2026-10-07T16:46:27-05:00,2026-10-08,06:00 AM,0,1000,Ruta 1-B: Terraza superior,100,100,0
2026-10-07T21:46:27+00:00,2026-10-07T16:46:27-05:00,2026-10-08,06:00 AM,0,1000,Ruta 2-A: Clásico Diseñada,600,600,0
2026-10-07T21:46:27+00:00,2026-10-07T16:46:27-05:00,2026-10-08,06:00 AM,0,1000,Ruta 2-B: Terraza Inferior,100,100,0
2026-10-07T21:46:27+00:00,2026-10-07T16:46:27-05:00,2026-10-08,06:00 AM,0,1000,Ruta 3-A: Montaña Waynapicchu,50,50,0
2026-10-07T21:46:27+00:00,2026-10-07T16:46:27-05:00,2026-10-08,06:00 AM,0,1000,Ruta 3-B: Realeza diseñada,100,100,0
2026-10-07T22:13:22+00:00,2026-10-07T17:13:22-05:00,2026-10-08,06:00 AM,0,1000,Ruta 1-A: Montaña Machupicchu,50,50,0
2026-10-07T22:13:22+00:00,2026-10-07T17:13:22-05:00,2026-10-08,06:00 AM,0,1000,Ruta 1-B: Terraza superior,100,100,0
2026-10-07T22:13:22+00:00,2026-10-07T17:13:22-05:00,2026-10-08,06:00 AM,0,1000,Ruta 2-A: Clásico Diseñada,600,600,0
2026-10-07T22:13:22+00:00,2026-10-07T17:13:22-05:00,2026-10-08,06:00 AM,0,1000,Ruta 2-B: Terraza Inferior,100,100,0
2026-10-07T22:13:22+00:00,2026-10-07T17:13:22-05:00,2026-10-08,06:00 AM,0,1000,Ruta 3-A: Montaña Waynapicchu,50,50,0
2026-10-07T22:13:22+00:00,2026-10-07T17:13:22-05:00,2026-10-08,06:00 AM,0,1000,Ruta 3-B: Realeza diseñada,100,100,0
2026-10-07T23:01:25+00:00,2026-10-07T18:01:25-05:00,2026-10-08,06:00 AM,0,1000,Ruta 1-A: Montaña Machupicchu,50,50,0
2026-10-07T23:01:25+00:00,2026-10-07T18:01:25-05:00,2026-10-08,06:00 AM,0,1000,Ruta 1-B: Terraza superior,100,100,0
2026-10-07T23:01:25+00:00,2026-10-07T18:01:25-05:00,2026-10-08,06:00 AM,0,1000,Ruta 2-A: Clásico Diseñada,600,600,0
2026-10-07T23:01:25+00:00,2026-10-07T18:01:25-05:00,2026-10-08,06:00 AM,0,1000,Ruta 2-B: Terraza Inferior,100,100,0
2026-10-07T23:01:25+00:00,2026-10-07T18:01:25-05:00,2026-10-08,06:00 AM,0,1000,Ruta 3-A: Montaña Waynapicchu,50,50,0
2026-10-07T23:01:25+00:00,2026-10-07T18:01:25-05:00,2026-10-08,06:00 AM,0,1000,Ruta 3-B: Realeza diseñada,100,100,0
2026-10-08T01:01:36+00:00,2026-10-07T20:01:36-05:00,2026-10-09,06:00 AM,779,221,Ruta 1-A: Montaña Machupicchu,50,0,50
2026-10-08T01:01:36+00:00,2026-10-07T20:01:36-05:00,2026-10-09,06:00 AM,779,221,Ruta 1-B: Terraza superior,100,0,100
2026-10-08T01:01:36+00:00,2026-10-07T20:01:36-05:00,2026-10-09,06:00 AM,779,221,Ruta 2-A: Clásico Diseñada,600,180,420
2026-10-08T01:01:36+00:00,2026-10-07T20:01:36-05:00,2026-10-09,06:00 AM,779,221,Ruta 2-B: Terraza Inferior,100,29,71
2026-10-08T01:01:36+00:00,2026-10-07T20:01:36-05:00,2026-10-09,06:00 AM,779,221,Ruta 3-A: Montaña Waynapicchu,50,1,49
2026-10-08T01:01:36+00:00,2026-10-07T20:01:36-05:00,2026-10-09,06:00 AM,779,221,Ruta 3-B: Realeza diseñada,100,5,95
2026-10-08T01:34:15+00:00,2026-10-07T20:34:15-05:00,2026-10-09,06:00 AM,776,224,Ruta 1-A: Montaña Machupicchu,50,0,50
2026-10-08T01:34:15+00:00,2026-10-07T20:34:15-05:00,2026-10-09,06:00 AM,776,224,Ruta 1-B: Terraza superior,100,0,100
2026-10-08T01:34:15+00:00,2026-10-07T20:34:15-05:00,2026-10-09,06:00 AM,776,224,Ruta 2-A: Clásico Diseñada,600,184,416
2026-10-08T01:34:15+00:00,2026-10-07T20:34:15-05:00,2026-10-09,06:00 AM,776,224,Ruta 2-B: Terraza Inferior,100,29,71
2026-10-08T01:34:15+00:00,2026-10-07T20:34:15-05:00,2026-10-09,06:00 AM,776,224,Ruta 3-A: Montaña Waynapicchu,50,1,49
2026-10-08T01:34:15+00:00,2026-10-07T20:34:15-05:00,2026-10-09,06:00 AM,776,224,Ruta 3-B: Realeza diseñada,100,5,95
2026-10-08T03:01:19+00:00,2026-10-07T22:01:19-05:00,2026-10-09,06:00 AM,634,366,Ruta 1-A: Montaña Machupicchu,50,0,50
2026-10-08T03:01:19+00:00,2026-10-07T22:01:19-05:00,2026-10-09,06:00 AM,634,366,Ruta 1-B: Terraza superior,100,0,100
2026-10-08T03:01:19+00:00,2026-10-07T22:01:19-05:00,2026-10-09,06:00 AM,634,366,Ruta 2-A: Clásico Diseñada,600,302,298
2026-10-08T03:01:19+00:00,2026-10-07T22:01:19-05:00,2026-10-09,06:00 AM,634,366,Ruta 2-B: Terraza Inferior,100,52,48
2026-10-08T03:01:19+00:00,2026-10-07T22:01:19-05:00,2026-10-09,06:00 AM,634,366,Ruta 3-A: Montaña Waynapicchu,50,1,49
2026-10-08T03:01:19+00:00,2026-10-07T22:01:19-05:00,2026-10-09,06:00 AM,634,366,Ruta 3-B: Realeza diseñada,100,7,93
2026-10-08T03:10:36+00:00,2026-10-07T22:10:36-05:00,2026-10-09,06:00 AM,634,366,Ruta 1-A: Montaña Machupicchu,50,0,50
2026-10-08T03:10:36+00:00,2026-10-07T22:10:36-05:00,2026-10-09,06:00 AM,634,366,Ruta 1-B: Terraza superior,100,0,100
2026-10-08T03:10:36+00:00,2026-10-07T22:10:36-05:00,2026-10-09,06:00 AM,634,366,Ruta 2-A: Clásico Diseñada,600,302,298
2026-10-08T03:10:36+00:00,2026-10-07T22:10:36-05:00,2026-10-09,06:00 AM,634,366,Ruta 2-B: Terraza Inferior,100,52,48
2026-10-08T03:10:36+00:00,2026-10-07T22:10:36-05:00,2026-10-09,06:00 AM,634,366,Ruta 3-A: Montaña Waynapicchu,50,1,49
2026-10-08T03:10:36+00:00,2026-10-07T22:10:36-05:00,2026-10-09,06:00 AM,634,366,Ruta 3-B: Realeza diseñada,100,7,93
2026-10-08T05:01:20+00:00,2026-10-08T00:01:20-05:00,2026-10-09,06:00 AM,634,366,Ruta 1-A: Montaña Machupicchu,50,0,50
2026-10-08T05:01:20+00:00,2026-10-08T00:01:20-05:00,2026-10-09,06:00 AM,634,366,Ruta 1-B: Terraza superior,100,0,100
2026-10-08T05:01:20+00:00,2026-10-08T00:01:20-05:00,2026-10-09,06:00 AM,634,366,Ruta 2-A: Clásico Diseñada,600,302,298
2026-10-08T05:01:20+00:00,2026-10-08T00:01:20-05:00,2026-10-09,06:00 AM,634,366,Ruta 2-B: Terraza Inferior,100,52,48
2026-10-08T05:01:20+00:00,2026-10-08T00:01:20-05:00,2026-10-09,06:00 AM,634,366,Ruta 3-A: Montaña Waynapicchu,50,1,49
2026-10-08T05:01:20+00:00,2026-10-08T00:01:20-05:00,2026-10-09,06:00 AM,634,366,Ruta 3-B: Realeza diseñada,100,7,93
2026-10-08T07:01:37+00:00,2026-10-08T02:01:37-05:00,2026-10-09,06:00 AM,634,366,Ruta 1-A: Montaña Machupicchu,50,0,50
2026-10-08T07:01:37+00:00,2026-10-08T02:01:37-05:00,2026-10-09,06:00 AM,634,366,Ruta 1-B: Terraza superior,100,0,100
2026-10-08T07:01:37+00:00,2026-10-08T02:01:37-05:00,2026-10-09,06:00 AM,634,366,Ruta 2-A: Clásico Diseñada,600,302,298
2026-10-08T07:01:37+00:00,2026-10-08T02:01:37-05:00,2026-10-09,06:00 AM,634,366,Ruta 2-B: Terraza Inferior,100,52,48
2026-10-08T07:01:37+00:00,2026-10-08T02:01:37-05:00,2026-10-09,06:00 AM,634,366,Ruta 3-A: Montaña Waynapicchu,50,1,49
2026-10-08T07:01:37+00:00,2026-10-08T02:01:37-05:00,2026-10-09,06:00 AM,634,366,Ruta 3-B: Realeza diseñada,100,7,93
2026-10-08T09:01:20+00:00,2026-10-08T04:01:20-05:00,2026-10-09,06:00 AM,634,366,Ruta 1-A: Montaña Machupicchu,50,0,50
2026-10-08T09:01:20+00:00,2026-10-08T04:01:20-05:00,2026-10-09,06:00 AM,634,366,Ruta 1-B: Terraza superior,100,0,100
2026-10-08T09:01:20+00:00,2026-10-08T04:01:20-05:00,2026-10-09,06:00 AM,634,366,Ruta 2-A: Clásico Diseñada,600,302,298
2026-10-08T09:01:20+00:00,2026-10-08T04:01:20-05:00,2026-10-09,06:00 AM,634,366,Ruta 2-B: Terraza Inferior,100,52,48
2026-10-08T09:01:20+00:00,2026-10-08T04:01:20-05:00,2026-10-09,06:00 AM,634,366,Ruta 3-A: Montaña Waynapicchu,50,1,49
2026-10-08T09:01:20+00:00,2026-10-08T04:01:20-05:00,2026-10-09,06:00 AM,634,366,Ruta 3-B: Realeza diseñada,100,7,93
2026-10-08T09:16:01+00:00,2026-10-08T04:16:01-05:00,2026-10-09,06:00 AM,634,366,Ruta 1-A: Montaña Machupicchu,50,0,50
2026-10-08T09:16:01+00:00,2026-10-08T04:16:01-05:00,2026-10-09,06:00 AM,634,366,Ruta 1-B: Terraza superior,100,0,100
2026-10-08T09:16:01+00:00,2026-10-08T04:16:01-05:00,2026-10-09,06:00 AM,634,366,Ruta 2-A: Clásico Diseñada,600,302,298
2026-10-08T09:16:01+00:00,2026-10-08T04:16:01-05:00,2026-10-09,06:00 AM,634,366,Ruta 2-B: Terraza Inferior,100,52,48
2026-10-08T09:16:01+00:00,2026-10-08T04:16:01-05:00,2026-10-09,06:00 AM,634,366,Ruta 3-A: Montaña Waynapicchu,50,1,49
2026-10-08T09:16:01+00:00,2026-10-08T04:16:01-05:00,2026-10-09,06:00 AM,634,366,Ruta 3-B: Realeza diseñada,100,7,93
2026-10-08T09:31:16+00:00,2026-10-08T04:31:16-05:00,2026-10-09,06:00 AM,634,366,Ruta 1-A: Montaña Machupicchu,50,0,50
2026-10-08T09:31:16+00:00,2026-10-08T04:31:16-05:00,2026-10-09,06:00 AM,634,366,Ruta 1-B: Terraza superior,100,0,100
2026-10-08T09:31:16+00:00,2026-10-08T04:31:16-05:00,2026-10-09,06:00 AM,634,366,Ruta 2-A: Clásico Diseñada,600,302,298
2026-10-08T09:31:16+00:00,2026-10-08T04:31:16-05:00,2026-10-09,06:00 AM,634,366,Ruta 2-B: Terraza Inferior,100,52,48
2026-10-08T09:31:16+00:00,2026-10-08T04:31:16-05:00,2026-10-09,06:00 AM,634,366,Ruta 3-A: Montaña Waynapicchu,50,1,49
2026-10-08T09:31:16+00:00,2026-10-08T04:31:16-05:00,2026-10-09,06:00 AM,634,366,Ruta 3-B: Realeza diseñada,100,7,93
2026-10-08T09:48:07+00:00,2026-10-08T04:48:07-05:00,2026-10-09,06:00 AM,634,366,Ruta 1-A: Montaña Machupicchu,50,0,50
2026-10-08T09:48:07+00:00,2026-10-08T04:48:07-05:00,2026-10-09,06:00 AM,634,366,Ruta 1-B: Terraza superior,100,0,100
2026-10-08T09:48:07+00:00,2026-10-08T04:48:07-05:00,2026-10-09,06:00 AM,634,366,Ruta 2-A: Clásico Diseñada,600,302,298
2026-10-08T09:48:07+00:00,2026-10-08T04:48:07-05:00,2026-10-09,06:00 AM,634,366,Ruta 2-B: Terraza Inferior,100,52,48
2026-10-08T09:48:07+00:00,2026-10-08T04:48:07-05:00,2026-10-09,06:00 AM,634,366,Ruta 3-A: Montaña Waynapicchu,50,1,49
2026-10-08T09:48:07+00:00,2026-10-08T04:48:07-05:00,2026-10-09,06:00 AM,634,366,Ruta 3-B: Realeza diseñada,100,7,93
2026-10-08T10:16:02+00:00,2026-10-08T05:16:02-05:00,2026-10-09,06:00 AM,634,366,Ruta 1-A: Montaña Machupicchu,50,0,50
2026-10-08T10:16:02+00:00,2026-10-08T05:16:02-05:00,2026-10-09,06:00 AM,634,366,Ruta 1-B: Terraza superior,100,0,100
2026-10-08T10:16:02+00:00,2026-10-08T05:16:02-05:00,2026-10-09,06:00 AM,634,366,Ruta 2-A: Clásico Diseñada,600,302,298
2026-10-08T10:16:02+00:00,2026-10-08T05:16:02-05:00,2026-10-09,06:00 AM,634,366,Ruta 2-B: Terraza Inferior,100,52,48
2026-10-08T10:16:02+00:00,2026-10-08T05:16:02-05:00,2026-10-09,06:00 AM,634,366,Ruta 3-A: Montaña Waynapicchu,50,1,49
2026-10-08T10:16:02+00:00,2026-10-08T05:16:02-05:00,2026-10-09,06:00 AM,634,366,Ruta 3-B: Realeza diseñada,100,7,93
2026-10-08T10:31:04+00:00,2026-10-08T05:31:04-05:00,2026-10-09,06:00 AM,634,366,Ruta 1-A: Montaña Machupicchu,50,0,50
2026-10-08T10:31:04+00:00,2026-10-08T05:31:04-05:00,2026-10-09,06:00 AM,634,366,Ruta 1-B: Terraza superior,100,0,100
2026-10-08T10:31:04+00:00,2026-10-08T05:31:04-05:00,2026-10-09,06:00 AM,634,366,Ruta 2-A: Clásico Diseñada,600,302,298
2026-10-08T10:31:04+00:00,2026-10-08T05:31:04-05:00,2026-10-09,06:00 AM,634,366,Ruta 2-B: Terraza Inferior,100,52,48
2026-10-08T10:31:04+00:00,2026-10-08T05:31:04-05:00,2026-10-09,06:00 AM,634,366,Ruta 3-A: Montaña Waynapicchu,50,1,49
2026-10-08T10:31:04+00:00,2026-10-08T05:31:04-05:00,2026-10-09,06:00 AM,634,366,Ruta 3-B: Realeza diseñada,100,7,93
2026-10-08T10:46:07+00:00,2026-10-08T05:46:07-05:00,2026-10-09,06:00 AM,634,366,Ruta 1-A: Montaña Machupicchu,50,0,50
2026-10-08T10:46:07+00:00,2026-10-08T05:46:07-05:00,2026-10-09,06:00 AM,634,366,Ruta 1-B: Terraza superior,100,0,100
2026-10-08T10:46:07+00:00,2026-10-08T05:46:07-05:00,2026-10-09,06:00 AM,634,366,Ruta 2-A: Clásico Diseñada,600,302,298
2026-10-08T10:46:07+00:00,2026-10-08T05:46:07-05:00,2026-10-09,06:00 AM,634,366,Ruta 2-B: Terraza Inferior,100,52,48
2026-10-08T10:46:07+00:00,2026-10-08T05:46:07-05:00,2026-10-09,06:00 AM,634,366,Ruta 3-A: Montaña Waynapicchu,50,1,49
2026-10-08T10:46:07+00:00,2026-10-08T05:46:07-05:00,2026-10-09,06:00 AM,634,366,Ruta 3-B: Realeza diseñada,100,7,93
2026-10-08T10:59:14+00:00,2026-10-08T05:59:14-05:00,2026-10-09,06:00 AM,634,366,Ruta 1-A: Montaña Machupicchu,50,0,50
2026-10-08T10:59:14+00:00,2026-10-08T05:59:14-05:00,2026-10-09,06:00 AM,634,366,Ruta 1-B: Terraza superior,100,0,100
2026-10-08T10:59:14+00:00,2026-10-08T05:59:14-05:00,2026-10-09,06:00 AM,634,366,Ruta 2-A: Clásico Diseñada,600,302,298
2026-10-08T10:59:14+00:00,2026-10-08T05:59:14-05:00,2026-10-09,06:00 AM,634,366,Ruta 2-B: Terraza Inferior,100,52,48
2026-10-08T10:59:14+00:00,2026-10-08T05:59:14-05:00,2026-10-09,06:00 AM,634,366,Ruta 3-A: Montaña Waynapicchu,50,1,49
2026-10-08T10:59:14+00:00,2026-10-08T05:59:14-05:00,2026-10-09,06:00 AM,634,366,Ruta 3-B: Realeza diseñada,100,7,93
2026-10-08T11:01:46+00:00,2026-10-08T06:01:46-05:00,2026-10-09,06:00 AM,627,373,Ruta 1-A: Montaña Machupicchu,50,0,50
2026-10-08T11:01:46+00:00,2026-10-08T06:01:46-05:00,2026-10-09,06:00 AM,627,373,Ruta 1-B: Terraza superior,100,0,100
2026-10-08T11:01:46+00:00,2026-10-08T06:01:46-05:00,2026-10-09,06:00 AM,627,373,Ruta 2-A: Clásico Diseñada,600,302,298
2026-10-08T11:01:46+00:00,2026-10-08T06:01:46-05:00,2026-10-09,06:00 AM,627,373,Ruta 2-B: Terraza Inferior,100,52,48
2026-10-08T11:01:46+00:00,2026-10-08T06:01:46-05:00,2026-10-09,06:00 AM,627,373,Ruta 3-A: Montaña Waynapicchu,50,1,49
2026-10-08T11:01:46+00:00,2026-10-08T06:01:46-05:00,2026-10-09,06:00 AM,627,373,Ruta 3-B: Realeza diseñada,100,7,93
2026-10-08T11:15:56+00:00,2026-10-08T06:15:56-05:00,2026-10-09,06:00 AM,573,427,Ruta 1-A: Montaña Machupicchu,50,0,50
2026-10-08T11:15:56+00:00,2026-10-08T06:15:56-05:00,2026-10-09,06:00 AM,573,427,Ruta 1-B: Terraza superior,100,0,100
2026-10-08T11:15:56+00:00,2026-10-08T06:15:56-05:00,2026-10-09,06:00 AM,573,427,Ruta 2-A: Clásico Diseñada,600,322,278
2026-10-08T11:15:56+00:00,2026-10-08T06:15:56-05:00,2026-10-09,06:00 AM,573,427,Ruta 2-B: Terraza Inferior,100,58,42
2026-10-08T11:15:56+00:00,2026-10-08T06:15:56-05:00,2026-10-09,06:00 AM,573,427,Ruta 3-A: Montaña Waynapicchu,50,1,49
2026-10-08T11:15:56+00:00,2026-10-08T06:15:56-05:00,2026-10-09,06:00 AM,573,427,Ruta 3-B: Realeza diseñada,100,9,91
2026-10-08T11:31:08+00:00,2026-10-08T06:31:08-05:00,2026-10-09,06:00 AM,519,481,Ruta 1-A: Montaña Machupicchu,50,0,50
2026-10-08T11:31:08+00:00,2026-10-08T06:31:08-05:00,2026-10-09,06:00 AM,519,481,Ruta 1-B: Terraza superior,100,0,100
2026-10-08T11:31:08+00:00,2026-10-08T06:31:08-05:00,2026-10-09,06:00 AM,519,481,Ruta 2-A: Clásico Diseñada,600,357,243
2026-10-08T11:31:08+00:00,2026-10-08T06:31:08-05:00,2026-10-09,06:00 AM,519,481,Ruta 2-B: Terraza Inferior,100,60,40
2026-10-08T11:31:08+00:00,2026-10-08T06:31:08-05:00,2026-10-09,06:00 AM,519,481,Ruta 3-A: Montaña Waynapicchu,50,1,49
2026-10-08T11:31:08+00:00,2026-10-08T06:31:08-05:00,2026-10-09,06:00 AM,519,481,Ruta 3-B: Realeza diseñada,100,11,89
2026-10-08T11:46:02+00:00,2026-10-08T06:46:02-05:00,2026-10-09,06:00 AM,485,515,Ruta 1-A: Montaña Machupicchu,50,0,50
2026-10-08T11:46:02+00:00,2026-10-08T06:46:02-05:00,2026-10-09,06:00 AM,485,515,Ruta 1-B: Terraza superior,100,0,100
2026-10-08T11:46:02+00:00,2026-10-08T06:46:02-05:00,2026-10-09,06:00 AM,485,515,Ruta 2-A: Clásico Diseñada,600,394,206
2026-10-08T11:46:02+00:00,2026-10-08T06:46:02-05:00,2026-10-09,06:00 AM,485,515,Ruta 2-B: Terraza Inferior,100,66,34
2026-10-08T11:46:02+00:00,2026-10-08T06:46:02-05:00,2026-10-09,06:00 AM,485,515,Ruta 3-A: Montaña Waynapicchu,50,1,49
2026-10-08T11:46:02+00:00,2026-10-08T06:46:02-05:00,2026-10-09,06:00 AM,485,515,Ruta 3-B: Realeza diseñada,100,11,89
2026-10-08T12:01:24+00:00,2026-10-08T07:01:24-05:00,2026-10-09,06:00 AM,479,521,Ruta 1-A: Montaña Machupicchu,50,0,50
2026-10-08T12:01:24+00:00,2026-10-08T07:01:24-05:00,2026-10-09,06:00 AM,479,521,Ruta 1-B: Terraza superior,100,0,100
2026-10-08T12:01:24+00:00,2026-10-08T07:01:24-05:00,2026-10-09,06:00 AM,479,521,Ruta 2-A: Clásico Diseñada,600,398,202
2026-10-08T12:01:24+00:00,2026-10-08T07:01:24-05:00,2026-10-09,06:00 AM,479,521,Ruta 2-B: Terraza Inferior,100,70,30
2026-10-08T12:01:24+00:00,2026-10-08T07:01:24-05:00,2026-10-09,06:00 AM,479,521,Ruta 3-A: Montaña Waynapicchu,50,2,48
2026-10-08T12:01:24+00:00,2026-10-08T07:01:24-05:00,2026-10-09,06:00 AM,479,521,Ruta 3-B: Realeza diseñada,100,11,89
2026-10-08T12:15:59+00:00,2026-10-08T07:15:59-05:00,2026-10-09,06:00 AM,478,522,Ruta 1-A: Montaña Machupicchu,50,0,50
2026-10-08T12:15:59+00:00,2026-10-08T07:15:59-05:00,2026-10-09,06:00 AM,478,522,Ruta 1-B: Terraza superior,100,0,100
2026-10-08T12:15:59+00:00,2026-10-08T07:15:59-05:00,2026-10-09,06:00 AM,478,522,Ruta 2-A: Clásico Diseñada,600,398,202
2026-10-08T12:15:59+00:00,2026-10-08T07:15:59-05:00,2026-10-09,06:00 AM,478,522,Ruta 2-B: Terraza Inferior,100,71,29
2026-10-08T12:15:59+00:00,2026-10-08T07:15:59-05:00,2026-10-09,06:00 AM,478,522,Ruta 3-A: Montaña Waynapicchu,50,2,48
2026-10-08T12:15:59+00:00,2026-10-08T07:15:59-05:00,2026-10-09,06:00 AM,478,522,Ruta 3-B: Realeza diseñada,100,11,89
2026-10-08T12:31:12+00:00,2026-10-08T07:31:12-05:00,2026-10-09,06:00 AM,477,523,Ruta 1-A: Montaña Machupicchu,50,0,50
2026-10-08T12:31:12+00:00,2026-10-08T07:31:12-05:00,2026-10-09,06:00 AM,477,523,Ruta 1-B: Terraza superior,100,0,100
2026-10-08T12:31:12+00:00,2026-10-08T07:31:12-05:00,2026-10-09,06:00 AM,477,523,Ruta 2-A: Clásico Diseñada,600,430,170
2026-10-08T12:31:12+00:00,2026-10-08T07:31:12-05:00,2026-10-09,06:00 AM,477,523,Ruta 2-B: Terraza Inferior,100,71,29
2026-10-08T12:31:12+00:00,2026-10-08T07:31:12-05:00,2026-10-09,06:00 AM,477,523,Ruta 3-A: Montaña Waynapicchu,50,2,48
2026-10-08T12:31:12+00:00,2026-10-08T07:31:12-05:00,2026-10-09,06:00 AM,477,523,Ruta 3-B: Realeza diseñada,100,11,89
2026-10-08T12:45:57+00:00,2026-10-08T07:45:57-05:00,2026-10-09,06:00 AM,476,524,Ruta 1-A: Montaña Machupicchu,50,0,50
2026-10-08T12:45:57+00:00,2026-10-08T07:45:57-05:00,2026-10-09,06:00 AM,476,524,Ruta 1-B: Terraza superior,100,0,100
2026-10-08T12:45:57+00:00,2026-10-08T07:45:57-05:00,2026-10-09,06:00 AM,476,524,Ruta 2-A: Clásico Diseñada,600,430,170
2026-10-08T12:45:57+00:00,2026-10-08T07:45:57-05:00,2026-10-09,06:00 AM,476,524,Ruta 2-B: Terraza Inferior,100,75,25
2026-10-08T12:45:57+00:00,2026-10-08T07:45:57-05:00,2026-10-09,06:00 AM,476,524,Ruta 3-A: Montaña Waynapicchu,50,2,48
2026-10-08T12:45:57+00:00,2026-10-08T07:45:57-05:00,2026-10-09,06:00 AM,476,524,Ruta 3-B: Realeza diseñada,100,11,89
2026-10-08T13:01:29+00:00,2026-10-08T08:01:29-05:00,2026-10-09,06:00 AM,446,554,Ruta 1-A: Montaña Machupicchu,50,0,50
2026-10-08T13:01:29+00:00,2026-10-08T08:01:29-05:00,2026-10-09,06:00 AM,446,554,Ruta 1-B: Terraza superior,100,0,100
2026-10-08T13:01:29+00:00,2026-10-08T08:01:29-05:00,2026-10-09,06:00 AM,446,554,Ruta 2-A: Clásico Diseñada,600,440,160
2026-10-08T13:01:29+00:00,2026-10-08T08:01:29-05:00,2026-10-09,06:00 AM,446,554,Ruta 2-B: Terraza Inferior,100,75,25
2026-10-08T13:01:29+00:00,2026-10-08T08:01:29-05:00,2026-10-09,06:00 AM,446,554,Ruta 3-A: Montaña Waynapicchu,50,2,48
2026-10-08T13:01:29+00:00,2026-10-08T08:01:29-05:00,2026-10-09,06:00 AM,446,554,Ruta 3-B: Realeza diseñada,100,11,89
2026-10-08T13:16:07+00:00,2026-10-08T08:16:07-05:00,2026-10-09,06:00 AM,390,610,Ruta 1-A: Montaña Machupicchu,50,0,50
2026-10-08T13:16:07+00:00,2026-10-08T08:16:07-05:00,2026-10-09,06:00 AM,390,610,Ruta 1-B: Terraza superior,100,0,100
2026-10-08T13:16:07+00:00,2026-10-08T08:16:07-05:00,2026-10-09,06:00 AM,390,610,Ruta 2-A: Clásico Diseñada,600,483,117
2026-10-08T13:16:07+00:00,2026-10-08T08:16:07-05:00,2026-10-09,06:00 AM,390,610,Ruta 2-B: Terraza Inferior,100,77,23
2026-10-08T13:16:07+00:00,2026-10-08T08:16:07-05:00,2026-10-09,06:00 AM,390,610,Ruta 3-A: Montaña Waynapicchu,50,2,48
2026-10-08T13:16:07+00:00,2026-10-08T08:16:07-05:00,2026-10-09,06:00 AM,390,610,Ruta 3-B: Realeza diseñada,100,11,89
2026-10-08T13:31:12+00:00,2026-10-08T08:31:12-05:00,2026-10-09,06:00 AM,339,661,Ruta 1-A: Montaña Machupicchu,50,0,50
2026-10-08T13:31:12+00:00,2026-10-08T08:31:12-05:00,2026-10-09,06:00 AM,339,661,Ruta 1-B: Terraza superior,100,0,100
2026-10-08T13:31:12+00:00,2026-10-08T08:31:12-05:00,2026-10-09,06:00 AM,339,661,Ruta 2-A: Clásico Diseñada,600,509,91
2026-10-08T13:31:12+00:00,2026-10-08T08:31:12-05:00,2026-10-09,06:00 AM,339,661,Ruta 2-B: Terraza Inferior,100,83,17
2026-10-08T13:31:12+00:00,2026-10-08T08:31:12-05:00,2026-10-09,06:00 AM,339,661,Ruta 3-A: Montaña Waynapicchu,50,2,48
2026-10-08T13:31:12+00:00,2026-10-08T08:31:12-05:00,2026-10-09,06:00 AM,339,661,Ruta 3-B: Realeza diseñada,100,11,89
2026-10-08T13:46:02+00:00,2026-10-08T08:46:02-05:00,2026-10-09,06:00 AM,286,714,Ruta 1-A: Montaña Machupicchu,50,0,50
2026-10-08T13:46:02+00:00,2026-10-08T08:46:02-05:00,2026-10-09,06:00 AM,286,714,Ruta 1-B: Terraza superior,100,0,100
2026-10-08T13:46:02+00:00,2026-10-08T08:46:02-05:00,2026-10-09,06:00 AM,286,714,Ruta 2-A: Clásico Diseñada,600,525,75
2026-10-08T13:46:02+00:00,2026-10-08T08:46:02-05:00,2026-10-09,06:00 AM,286,714,Ruta 2-B: Terraza Inferior,100,88,12
2026-10-08T13:46:02+00:00,2026-10-08T08:46:02-05:00,2026-10-09,06:00 AM,286,714,Ruta 3-A: Montaña Waynapicchu,50,6,44
2026-10-08T13:46:02+00:00,2026-10-08T08:46:02-05:00,2026-10-09,06:00 AM,286,714,Ruta 3-B: Realeza diseñada,100,11,89
2026-10-08T14:02:00+00:00,2026-10-08T09:02:00-05:00,2026-10-09,06:00 AM,201,799,Ruta 1-A: Montaña Machupicchu,50,0,50
2026-10-08T14:02:00+00:00,2026-10-08T09:02:00-05:00,2026-10-09,06:00 AM,201,799,Ruta 1-B: Terraza superior,100,3,97
2026-10-08T14:02:00+00:00,2026-10-08T09:02:00-05:00,2026-10-09,06:00 AM,201,799,Ruta 2-A: Clásico Diseñada,600,589,11
2026-10-08T14:02:00+00:00,2026-10-08T09:02:00-05:00,2026-10-09,06:00 AM,201,799,Ruta 2-B: Terraza Inferior,100,92,8
2026-10-08T14:02:00+00:00,2026-10-08T09:02:00-05:00,2026-10-09,06:00 AM,201,799,Ruta 3-A: Montaña Waynapicchu,50,6,44
2026-10-08T14:02:00+00:00,2026-10-08T09:02:00-05:00,2026-10-09,06:00 AM,201,799,Ruta 3-B: Realeza diseñada,100,13,87
2026-10-08T14:15:57+00:00,2026-10-08T09:15:57-05:00,2026-10-09,06:00 AM,127,873,Ruta 1-A: Montaña Machupicchu,50,0,50
2026-10-08T14:15:57+00:00,2026-10-08T09:15:57-05:00,2026-10-09,06:00 AM,127,873,Ruta 1-B: Terraza superior,100,3,97
2026-10-08T14:15:57+00:00,2026-10-08T09:15:57-05:00,2026-10-09,06:00 AM,127,873,Ruta 2-A: Clásico Diseñada,600,599,1
2026-10-08T14:15:57+00:00,2026-10-08T09:15:57-05:00,2026-10-09,06:00 AM,127,873,Ruta 2-B: Terraza Inferior,100,100,0
2026-10-08T14:15:57+00:00,2026-10-08T09:15:57-05:00,2026-10-09,06:00 AM,127,873,Ruta 3-A: Montaña Waynapicchu,50,6,44
2026-10-08T14:15:57+00:00,2026-10-08T09:15:57-05:00,2026-10-09,06:00 AM,127,873,Ruta 3-B: Realeza diseñada,100,37,63
2026-10-08T14:31:14+00:00,2026-10-08T09:31:14-05:00,2026-10-09,06:00 AM,86,914,Ruta 1-A: Montaña Machupicchu,50,2,48
2026-10-08T14:31:14+00:00,2026-10-08T09:31:14-05:00,2026-10-09,06:00 AM,86,914,Ruta 1-B: Terraza superior,100,14,86
2026-10-08T14:31:14+00:00,2026-10-08T09:31:14-05:00,2026-10-09,06:00 AM,86,914,Ruta 2-A: Clásico Diseñada,600,600,0
2026-10-08T14:31:14+00:00,2026-10-08T09:31:14-05:00,2026-10-09,06:00 AM,86,914,Ruta 2-B: Terraza Inferior,100,100,0
2026-10-08T14:31:14+00:00,2026-10-08T09:31:14-05:00,2026-10-09,06:00 AM,86,914,Ruta 3-A: Montaña Waynapicchu,50,10,40
2026-10-08T14:31:14+00:00,2026-10-08T09:31:14-05:00,2026-10-09,06:00 AM,86,914,Ruta 3-B: Realeza diseñada,100,61,39
2026-10-08T14:45:59+00:00,2026-10-08T09:45:59-05:00,2026-10-09,06:00 AM,69,931,Ruta 1-A: Montaña Machupicchu,50,2,48
2026-10-08T14:45:59+00:00,2026-10-08T09:45:59-05:00,2026-10-09,06:00 AM,69,931,Ruta 1-B: Terraza superior,100,23,77
2026-10-08T14:45:59+00:00,2026-10-08T09:45:59-05:00,2026-10-09,06:00 AM,69,931,Ruta 2-A: Clásico Diseñada,600,600,0
2026-10-08T14:45:59+00:00,2026-10-08T09:45:59-05:00,2026-10-09,06:00 AM,69,931,Ruta 2-B: Terraza Inferior,100,100,0
2026-10-08T14:45:59+00:00,2026-10-08T09:45:59-05:00,2026-10-09,06:00 AM,69,931,Ruta 3-A: Montaña Waynapicchu,50,10,40
2026-10-08T14:45:59+00:00,2026-10-08T09:45:59-05:00,2026-10-09,06:00 AM,69,931,Ruta 3-B: Realeza diseñada,100,76,24
2026-10-08T15:01:20+00:00,2026-10-08T10:01:20-05:00,2026-10-09,06:00 AM,35,965,Ruta 1-A: Montaña Machupicchu,50,2,48
2026-10-08T15:01:20+00:00,2026-10-08T10:01:20-05:00,2026-10-09,06:00 AM,35,965,Ruta 1-B: Terraza superior,100,37,63
2026-10-08T15:01:20+00:00,2026-10-08T10:01:20-05:00,2026-10-09,06:00 AM,35,965,Ruta 2-A: Clásico Diseñada,600,600,0
2026-10-08T15:01:20+00:00,2026-10-08T10:01:20-05:00,2026-10-09,06:00 AM,35,965,Ruta 2-B: Terraza Inferior,100,100,0
2026-10-08T15:01:20+00:00,2026-10-08T10:01:20-05:00,2026-10-09,06:00 AM,35,965,Ruta 3-A: Montaña Waynapicchu,50,17,33
2026-10-08T15:01:20+00:00,2026-10-08T10:01:20-05:00,2026-10-09,06:00 AM,35,965,Ruta 3-B: Realeza diseñada,100,93,7
2026-10-08T15:16:03+00:00,2026-10-08T10:16:03-05:00,2026-10-09,06:00 AM,6,994,Ruta 1-A: Montaña Machupicchu,50,2,48
2026-10-08T15:16:03+00:00,2026-10-08T10:16:03-05:00,2026-10-09,06:00 AM,6,994,Ruta 1-B: Terraza superior,100,50,50
2026-10-08T15:16:03+00:00,2026-10-08T10:16:03-05:00,2026-10-09,06:00 AM,6,994,Ruta 2-A: Clásico Diseñada,600,600,0
2026-10-08T15:16:03+00:00,2026-10-08T10:16:03-05:00,2026-10-09,06:00 AM,6,994,Ruta 2-B: Terraza Inferior,100,100,0
2026-10-08T15:16:03+00:00,2026-10-08T10:16:03-05:00,2026-10-09,06:00 AM,6,994,Ruta 3-A: Montaña Waynapicchu,50,33,17
2026-10-08T15:16:03+00:00,2026-10-08T10:16:03-05:00,2026-10-09,06:00 AM,6,994,Ruta 3-B: Realeza diseñada,100,98,2
2026-10-08T15:31:17+00:00,2026-10-08T10:31:17-05:00,2026-10-09,06:00 AM,0,1000,Ruta 1-A: Montaña Machupicchu,50,4,46
2026-10-08T15:31:17+00:00,2026-10-08T10:31:17-05:00,2026-10-09,06:00 AM,0,1000,Ruta 1-B: Terraza superior,100,63,37
2026-10-08T15:31:17+00:00,2026-10-08T10:31:17-05:00,2026-10-09,06:00 AM,0,1000,Ruta 2-A: Clásico Diseñada,600,600,0
2026-10-08T15:31:17+00:00,2026-10-08T10:31:17-05:00,2026-10-09,06:00 AM,0,1000,Ruta 2-B: Terraza Inferior,100,100,0
2026-10-08T15:31:17+00:00,2026-10-08T10:31:17-05:00,2026-10-09,06:00 AM,0,1000,Ruta 3-A: Montaña Waynapicchu,50,42,8
2026-10-08T15:31:17+00:00,2026-10-08T10:31:17-05:00,2026-10-09,06:00 AM,0,1000,Ruta 3-B: Realeza diseñada,100,98,2
2026-10-08T15:45:59+00:00,2026-10-08T10:45:59-05:00,2026-10-09,06:00 AM,0,1000,Ruta 1-A: Montaña Machupicchu,50,7,43
2026-10-08T15:45:59+00:00,2026-10-08T10:45:59-05:00,2026-10-09,06:00 AM,0,1000,Ruta 1-B: Terraza superior,100,88,12
2026-10-08T15:45:59+00:00,2026-10-08T10:45:59-05:00,2026-10-09,06:00 AM,0,1000,Ruta 2-A: Clásico Diseñada,600,600,0
2026-10-08T15:45:59+00:00,2026-10-08T10:45:59-05:00,2026-10-09,06:00 AM,0,1000,Ruta 2-B: Terraza Inferior,100,100,0
2026-10-08T15:45:59+00:00,2026-10-08T10:45:59-05:00,2026-10-09,06:00 AM,0,1000,Ruta 3-A: Montaña Waynapicchu,50,49,1
2026-10-08T15:45:59+00:00,2026-10-08T10:45:59-05:00,2026-10-09,06:00 AM,0,1000,Ruta 3-B: Realeza diseñada,100,98,2
2026-10-08T16:16:12+00:00,2026-10-08T11:16:12-05:00,2026-10-09,06:00 AM,0,1000,Ruta 1-A: Montaña Machupicchu,50,40,10
2026-10-08T16:16:12+00:00,2026-10-08T11:16:12-05:00,2026-10-09,06:00 AM,0,1000,Ruta 1-B: Terraza superior,100,99,1
2026-10-08T16:16:12+00:00,2026-10-08T11:16:12-05:00,2026-10-09,06:00 AM,0,1000,Ruta 2-A: Clásico Diseñada,600,600,0
2026-10-08T16:16:12+00:00,2026-10-08T11:16:12-05:00,2026-10-09,06:00 AM,0,1000,Ruta 2-B: Terraza Inferior,100,100,0
2026-10-08T16:16:12+00:00,2026-10-08T11:16:12-05:00,2026-10-09,06:00 AM,0,1000,Ruta 3-A: Montaña Waynapicchu,50,49,1
2026-10-08T16:16:12+00:00,2026-10-08T11:16:12-05:00,2026-10-09,06:00 AM,0,1000,Ruta 3-B: Realeza diseñada,100,100,0
2026-10-08T16:31:24+00:00,2026-10-08T11:31:24-05:00,2026-10-09,06:00 AM,0,1000,Ruta 1-A: Montaña Machupicchu,50,48,2
2026-10-08T16:31:24+00:00,2026-10-08T11:31:24-05:00,2026-10-09,06:00 AM,0,1000,Ruta 1-B: Terraza superior,100,99,1
2026-10-08T16:31:24+00:00,2026-10-08T11:31:24-05:00,2026-10-09,06:00 AM,0,1000,Ruta 2-A: Clásico Diseñada,600,600,0
2026-10-08T16:31:24+00:00,2026-10-08T11:31:24-05:00,2026-10-09,06:00 AM,0,1000,Ruta 2-B: Terraza Inferior,100,100,0
2026-10-08T16:31:24+00:00,2026-10-08T11:31:24-05:00,2026-10-09,06:00 AM,0,1000,Ruta 3-A: Montaña Waynapicchu,50,50,0
2026-10-08T16:31:24+00:00,2026-10-08T11:31:24-05:00,2026-10-09,06:00 AM,0,1000,Ruta 3-B: Realeza diseñada,100,100,0
2026-10-08T16:49:12+00:00,2026-10-08T11:49:12-05:00,2026-10-09,06:00 AM,0,1000,Ruta 1-A: Montaña Machupicchu,50,50,0
2026-10-08T16:49:12+00:00,2026-10-08T11:49:12-05:00,2026-10-09,06:00 AM,0,1000,Ruta 1-B: Terraza superior,100,100,0
2026-10-08T16:49:12+00:00,2026-10-08T11:49:12-05:00,2026-10-09,06:00 AM,0,1000,Ruta 2-A: Clásico Diseñada,600,600,0
2026-10-08T16:49:12+00:00,2026-10-08T11:49:12-05:00,2026-10-09,06:00 AM,0,1000,Ruta 2-B: Terraza Inferior,100,100,0
2026-10-08T16:49:12+00:00,2026-10-08T11:49:12-05:00,2026-10-09,06:00 AM,0,1000,Ruta 3-A: Montaña Waynapicchu,50,50,0
2026-10-08T16:49:12+00:00,2026-10-08T11:49:12-05:00,2026-10-09,06:00 AM,0,1000,Ruta 3-B: Realeza diseñada,100,100,0
2026-10-08T17:16:01+00:00,2026-10-08T12:16:01-05:00,2026-10-09,06:00 AM,0,1000,Ruta 1-A: Montaña Machupicchu,50,50,0
2026-10-08T17:16:01+00:00,2026-10-08T12:16:01-05:00,2026-10-09,06:00 AM,0,1000,Ruta 1-B: Terraza superior,100,100,0
2026-10-08T17:16:01+00:00,2026-10-08T12:16:01-05:00,2026-10-09,06:00 AM,0,1000,Ruta 2-A: Clásico Diseñada,600,600,0
2026-10-08T17:16:01+00:00,2026-10-08T12:16:01-05:00,2026-10-09,06:00 AM,0,1000,Ruta 2-B: Terraza Inferior,100,100,0
2026-10-08T17:16:01+00:00,2026-10-08T12:16:01-05:00,2026-10-09,06:00 AM,0,1000,Ruta 3-A: Montaña Waynapicchu,50,50,0
2026-10-08T17:16:01+00:00,2026-10-08T12:16:01-05:00,2026-10-09,06:00 AM,0,1000,Ruta 3-B: Realeza diseñada,100,100,0
2026-10-08T17:20:17+00:00,2026-10-08T12:20:17-05:00,2026-10-09,06:00 AM,0,1000,Ruta 1-A: Montaña Machupicchu,50,50,0
2026-10-08T17:20:17+00:00,2026-10-08T12:20:17-05:00,2026-10-09,06:00 AM,0,1000,Ruta 1-B: Terraza superior,100,100,0
2026-10-08T17:20:17+00:00,2026-10-08T12:20:17-05:00,2026-10-09,06:00 AM,0,1000,Ruta 2-A: Clásico Diseñada,600,600,0
2026-10-08T17:20:17+00:00,2026-10-08T12:20:17-05:00,2026-10-09,06:00 AM,0,1000,Ruta 2-B: Terraza Inferior,100,100,0
2026-10-08T17:20:17+00:00,2026-10-08T12:20:17-05:00,2026-10-09,06:00 AM,0,1000,Ruta 3-A: Montaña Waynapicchu,50,50,0
2026-10-08T17:20:17+00:00,2026-10-08T12:20:17-05:00,2026-10-09,06:00 AM,0,1000,Ruta 3-B: Realeza diseñada,100,100,0
2026-10-08T17:31:09+00:00,2026-10-08T12:31:09-05:00,2026-10-09,06:00 AM,0,1000,Ruta 1-A: Montaña Machupicchu,50,50,0
2026-10-08T17:31:09+00:00,2026-10-08T12:31:09-05:00,2026-10-09,06:00 AM,0,1000,Ruta 1-B: Terraza superior,100,100,0
2026-10-08T17:31:09+00:00,2026-10-08T12:31:09-05:00,2026-10-09,06:00 AM,0,1000,Ruta 2-A: Clásico Diseñada,600,600,0
2026-10-08T17:31:09+00:00,2026-10-08T12:31:09-05:00,2026-10-09,06:00 AM,0,1000,Ruta 2-B: Terraza Inferior,100,100,0
2026-10-08T17:31:09+00:00,2026-10-08T12:31:09-05:00,2026-10-09,06:00 AM,0,1000,Ruta 3-A: Montaña Waynapicchu,50,50,0
2026-10-08T17:31:09+00:00,2026-10-08T12:31:09-05:00,2026-10-09,06:00 AM,0,1000,Ruta 3-B: Realeza diseñada,100,100,0
2026-10-08T17:46:02+00:00,2026-10-08T12:46:02-05:00,2026-10-09,06:00 AM,0,1000,Ruta 1-A: Montaña Machupicchu,50,50,0
2026-10-08T17:46:02+00:00,2026-10-08T12:46:02-05:00,2026-10-09,06:00 AM,0,1000,Ruta 1-B: Terraza superior,100,100,0
2026-10-08T17:46:02+00:00,2026-10-08T12:46:02-05:00,2026-10-09,06:00 AM,0,1000,Ruta 2-A: Clásico Diseñada,600,600,0
2026-10-08T17:46:02+00:00,2026-10-08T12:46:02-05:00,2026-10-09,06:00 AM,0,1000,Ruta 2-B: Terraza Inferior,100,100,0
2026-10-08T17:46:02+00:00,2026-10-08T12:46:02-05:00,2026-10-09,06:00 AM,0,1000,Ruta 3-A: Montaña Waynapicchu,50,50,0
2026-10-08T17:46:02+00:00,2026-10-08T12:46:02-05:00,2026-10-09,06:00 AM,0,1000,Ruta 3-B: Realeza diseñada,100,100,0
2026-10-08T18:01:58+00:00,2026-10-08T13:01:58-05:00,2026-10-09,06:00 AM,0,1000,Ruta 1-A: Montaña Machupicchu,50,50,0
2026-10-08T18:01:58+00:00,2026-10-08T13:01:58-05:00,2026-10-09,06:00 AM,0,1000,Ruta 1-B: Terraza superior,100,100,0
2026-10-08T18:01:58+00:00,2026-10-08T13:01:58-05:00,2026-10-09,06:00 AM,0,1000,Ruta 2-A: Clásico Diseñada,600,600,0
2026-10-08T18:01:58+00:00,2026-10-08T13:01:58-05:00,2026-10-09,06:00 AM,0,1000,Ruta 2-B: Terraza Inferior,100,100,0
2026-10-08T18:01:58+00:00,2026-10-08T13:01:58-05:00,2026-10-09,06:00 AM,0,1000,Ruta 3-A: Montaña Waynapicchu,50,50,0
2026-10-08T18:01:58+00:00,2026-10-08T13:01:58-05:00,2026-10-09,06:00 AM,0,1000,Ruta 3-B: Realeza diseñada,100,100,0
2026-10-08T18:15:55+00:00,2026-10-08T13:15:55-05:00,2026-10-09,06:00 AM,0,1000,Ruta 1-A: Montaña Machupicchu,50,50,0
2026-10-08T18:15:55+00:00,2026-10-08T13:15:55-05:00,2026-10-09,06:00 AM,0,1000,Ruta 1-B: Terraza superior,100,100,0
2026-10-08T18:15:55+00:00,2026-10-08T13:15:55-05:00,2026-10-09,06:00 AM,0,1000,Ruta 2-A: Clásico Diseñada,600,600,0
2026-10-08T18:15:55+00:00,2026-10-08T13:15:55-05:00,2026-10-09,06:00 AM,0,1000,Ruta 2-B: Terraza Inferior,100,100,0
2026-10-08T18:15:55+00:00,2026-10-08T13:15:55-05:00,2026-10-09,06:00 AM,0,1000,Ruta 3-A: Montaña Waynapicchu,50,50,0
2026-10-08T18:15:55+00:00,2026-10-08T13:15:55-05:00,2026-10-09,06:00 AM,0,1000,Ruta 3-B: Realeza diseñada,100,100,0
2026-10-08T18:31:08+00:00,2026-10-08T13:31:08-05:00,2026-10-09,06:00 AM,0,1000,Ruta 1-A: Montaña Machupicchu,50,50,0
2026-10-08T18:31:08+00:00,2026-10-08T13:31:08-05:00,2026-10-09,06:00 AM,0,1000,Ruta 1-B: Terraza superior,100,100,0
2026-10-08T18:31:08+00:00,2026-10-08T13:31:08-05:00,2026-10-09,06:00 AM,0,1000,Ruta 2-A: Clásico Diseñada,600,600,0
2026-10-08T18:31:08+00:00,2026-10-08T13:31:08-05:00,2026-10-09,06:00 AM,0,1000,Ruta 2-B: Terraza Inferior,100,100,0
2026-10-08T18:31:08+00:00,2026-10-08T13:31:08-05:00,2026-10-09,06:00 AM,0,1000,Ruta 3-A: Montaña Waynapicchu,50,50,0
2026-10-08T18:31:08+00:00,2026-10-08T13:31:08-05:00,2026-10-09,06:00 AM,0,1000,Ruta 3-B: Realeza diseñada,100,100,0
2026-10-08T18:46:07+00:00,2026-10-08T13:46:07-05:00,2026-10-09,06:00 AM,0,1000,Ruta 1-A: Montaña Machupicchu,50,50,0
2026-10-08T18:46:07+00:00,2026-10-08T13:46:07-05:00,2026-10-09,06:00 AM,0,1000,Ruta 1-B: Terraza superior,100,100,0
2026-10-08T18:46:07+00:00,2026-10-08T13:46:07-05:00,2026-10-09,06:00 AM,0,1000,Ruta 2-A: Clásico Diseñada,600,600,0
2026-10-08T18:46:07+00:00,2026-10-08T13:46:07-05:00,2026-10-09,06:00 AM,0,1000,Ruta 2-B: Terraza Inferior,100,100,0
2026-10-08T18:46:07+00:00,2026-10-08T13:46:07-05:00,2026-10-09,06:00 AM,0,1000,Ruta 3-A: Montaña Waynapicchu,50,50,0
2026-10-08T18:46:07+00:00,2026-10-08T13:46:07-05:00,2026-10-09,06:00 AM,0,1000,Ruta 3-B: Realeza diseñada,100,100,0
2026-10-08T19:01:33+00:00,2026-10-08T14:01:33-05:00,2026-10-09,06:00 AM,0,1000,Ruta 1-A: Montaña Machupicchu,50,50,0
2026-10-08T19:01:33+00:00,2026-10-08T14:01:33-05:00,2026-10-09,06:00 AM,0,1000,Ruta 1-B: Terraza superior,100,100,0
2026-10-08T19:01:33+00:00,2026-10-08T14:01:33-05:00,2026-10-09,06:00 AM,0,1000,Ruta 2-A: Clásico Diseñada,600,600,0
2026-10-08T19:01:33+00:00,2026-10-08T14:01:33-05:00,2026-10-09,06:00 AM,0,1000,Ruta 2-B: Terraza Inferior,100,100,0
2026-10-08T19:01:33+00:00,2026-10-08T14:01:33-05:00,2026-10-09,06:00 AM,0,1000,Ruta 3-A: Montaña Waynapicchu,50,50,0
2026-10-08T19:01:33+00:00,2026-10-08T14:01:33-05:00,2026-10-09,06:00 AM,0,1000,Ruta 3-B: Realeza diseñada,100,100,0
2026-10-08T19:15:55+00:00,2026-10-08T14:15:55-05:00,2026-10-09,06:00 AM,0,1000,Ruta 1-A: Montaña Machupicchu,50,50,0
2026-10-08T19:15:55+00:00,2026-10-08T14:15:55-05:00,2026-10-09,06:00 AM,0,1000,Ruta 1-B: Terraza superior,100,100,0
2026-10-08T19:15:55+00:00,2026-10-08T14:15:55-05:00,2026-10-09,06:00 AM,0,1000,Ruta 2-A: Clásico Diseñada,600,600,0
2026-10-08T19:15:55+00:00,2026-10-08T14:15:55-05:00,2026-10-09,06:00 AM,0,1000,Ruta 2-B: Terraza Inferior,100,100,0
2026-10-08T19:15:55+00:00,2026-10-08T14:15:55-05:00,2026-10-09,06:00 AM,0,1000,Ruta 3-A: Montaña Waynapicchu,50,50,0
2026-10-08T19:15:55+00:00,2026-10-08T14:15:55-05:00,2026-10-09,06:00 AM,0,1000,Ruta 3-B: Realeza diseñada,100,100,0
2026-10-08T19:31:16+00:00,2026-10-08T14:31:16-05:00,2026-10-09,06:00 AM,0,1000,Ruta 1-A: Montaña Machupicchu,50,50,0
2026-10-08T19:31:16+00:00,2026-10-08T14:31:16-05:00,2026-10-09,06:00 AM,0,1000,Ruta 1-B: Terraza superior,100,100,0
2026-10-08T19:31:16+00:00,2026-10-08T14:31:16-05:00,2026-10-09,06:00 AM,0,1000,Ruta 2-A: Clásico Diseñada,600,600,0
2026-10-08T19:31:16+00:00,2026-10-08T14:31:16-05:00,2026-10-09,06:00 AM,0,1000,Ruta 2-B: Terraza Inferior,100,100,0
2026-10-08T19:31:16+00:00,2026-10-08T14:31:16-05:00,2026-10-09,06:00 AM,0,1000,Ruta 3-A: Montaña Waynapicchu,50,50,0
2026-10-08T19:31:16+00:00,2026-10-08T14:31:16-05:00,2026-10-09,06:00 AM,0,1000,Ruta 3-B: Realeza diseñada,100,100,0
2026-10-08T19:45:58+00:00,2026-10-08T14:45:58-05:00,2026-10-09,06:00 AM,0,1000,Ruta 1-A: Montaña Machupicchu,50,50,0
2026-10-08T19:45:58+00:00,2026-10-08T14:45:58-05:00,2026-10-09,06:00 AM,0,1000,Ruta 1-B: Terraza superior,100,100,0
2026-10-08T19:45:58+00:00,2026-10-08T14:45:58-05:00,2026-10-09,06:00 AM,0,1000,Ruta 2-A: Clásico Diseñada,600,600,0
2026-10-08T19:45:58+00:00,2026-10-08T14:45:58-05:00,2026-10-09,06:00 AM,0,1000,Ruta 2-B: Terraza Inferior,100,100,0
2026-10-08T19:45:58+00:00,2026-10-08T14:45:58-05:00,2026-10-09,06:00 AM,0,1000,Ruta 3-A: Montaña Waynapicchu,50,50,0
2026-10-08T19:45:58+00:00,2026-10-08T14:45:58-05:00,2026-10-09,06:00 AM,0,1000,Ruta 3-B: Realeza diseñada,100,100,0
2026-10-08T20:01:16+00:00,2026-10-08T15:01:16-05:00,2026-10-09,06:00 AM,0,1000,Ruta 1-A: Montaña Machupicchu,50,50,0
2026-10-08T20:01:16+00:00,2026-10-08T15:01:16-05:00,2026-10-09,06:00 AM,0,1000,Ruta 1-B: Terraza superior,100,100,0
2026-10-08T20:01:16+00:00,2026-10-08T15:01:16-05:00,2026-10-09,06:00 AM,0,1000,Ruta 2-A: Clásico Diseñada,600,600,0
2026-10-08T20:01:16+00:00,2026-10-08T15:01:16-05:00,2026-10-09,06:00 AM,0,1000,Ruta 2-B: Terraza Inferior,100,100,0
2026-10-08T20:01:16+00:00,2026-10-08T15:01:16-05:00,2026-10-09,06:00 AM,0,1000,Ruta 3-A: Montaña Waynapicchu,50,50,0
2026-10-08T20:01:16+00:00,2026-10-08T15:01:16-05:00,2026-10-09,06:00 AM,0,1000,Ruta 3-B: Realeza diseñada,100,100,0
2026-10-08T20:16:06+00:00,2026-10-08T15:16:06-05:00,2026-10-09,06:00 AM,0,1000,Ruta 1-A: Montaña Machupicchu,50,50,0
2026-10-08T20:16:06+00:00,2026-10-08T15:16:06-05:00,2026-10-09,06:00 AM,0,1000,Ruta 1-B: Terraza superior,100,100,0
2026-10-08T20:16:06+00:00,2026-10-08T15:16:06-05:00,2026-10-09,06:00 AM,0,1000,Ruta 2-A: Clásico Diseñada,600,600,0
2026-10-08T20:16:06+00:00,2026-10-08T15:16:06-05:00,2026-10-09,06:00 AM,0,1000,Ruta 2-B: Terraza Inferior,100,100,0
2026-10-08T20:16:06+00:00,2026-10-08T15:16:06-05:00,2026-10-09,06:00 AM,0,1000,Ruta 3-A: Montaña Waynapicchu,50,50,0
2026-10-08T20:16:06+00:00,2026-10-08T15:16:06-05:00,2026-10-09,06:00 AM,0,1000,Ruta 3-B: Realeza diseñada,100,100,0
2026-10-08T20:31:17+00:00,2026-10-08T15:31:17-05:00,2026-10-09,06:00 AM,0,1000,Ruta 1-A: Montaña Machupicchu,50,50,0
2026-10-08T20:31:17+00:00,2026-10-08T15:31:17-05:00,2026-10-09,06:00 AM,0,1000,Ruta 1-B: Terraza superior,100,100,0
2026-10-08T20:31:17+00:00,2026-10-08T15:31:17-05:00,2026-10-09,06:00 AM,0,1000,Ruta 2-A: Clásico Diseñada,600,600,0
2026-10-08T20:31:17+00:00,2026-10-08T15:31:17-05:00,2026-10-09,06:00 AM,0,1000,Ruta 2-B: Terraza Inferior,100,100,0
2026-10-08T20:31:17+00:00,2026-10-08T15:31:17-05:00,2026-10-09,06:00 AM,0,1000,Ruta 3-A: Montaña Waynapicchu,50,50,0
2026-10-08T20:31:17+00:00,2026-10-08T15:31:17-05:00,2026-10-09,06:00 AM,0,1000,Ruta 3-B: Realeza diseñada,100,100,0
2026-10-08T20:46:03+00:00,2026-10-08T15:46:03-05:00,2026-10-09,06:00 AM,0,1000,Ruta 1-A: Montaña Machupicchu,50,50,0
2026-10-08T20:46:03+00:00,2026-10-08T15:46:03-05:00,2026-10-09,06:00 AM,0,1000,Ruta 1-B: Terraza superior,100,100,0
2026-10-08T20:46:03+00:00,2026-10-08T15:46:03-05:00,2026-10-09,06:00 AM,0,1000,Ruta 2-A: Clásico Diseñada,600,600,0
2026-10-08T20:46:03+00:00,2026-10-08T15:46:03-05:00,2026-10-09,06:00 AM,0,1000,Ruta 2-B: Terraza Inferior,100,100,0
2026-10-08T20:46:03+00:00,2026-10-08T15:46:03-05:00,2026-10-09,06:00 AM,0,1000,Ruta 3-A: Montaña Waynapicchu,50,50,0
2026-10-08T20:46:03+00:00,2026-10-08T15:46:03-05:00,2026-10-09,06:00 AM,0,1000,Ruta 3-B: Realeza diseñada,100,100,0
2026-10-08T21:01:27+00:00,2026-10-08T16:01:27-05:00,2026-10-09,06:00 AM,0,1000,Ruta 1-A: Montaña Machupicchu,50,50,0
2026-10-08T21:01:27+00:00,2026-10-08T16:01:27-05:00,2026-10-09,06:00 AM,0,1000,Ruta 1-B: Terraza superior,100,100,0
2026-10-08T21:01:27+00:00,2026-10-08T16:01:27-05:00,2026-10-09,06:00 AM,0,1000,Ruta 2-A: Clásico Diseñada,600,600,0
2026-10-08T21:01:27+00:00,2026-10-08T16:01:27-05:00,2026-10-09,06:00 AM,0,1000,Ruta 2-B: Terraza Inferior,100,100,0
2026-10-08T21:01:27+00:00,2026-10-08T16:01:27-05:00,2026-10-09,06:00 AM,0,1000,Ruta 3-A: Montaña Waynapicchu,50,50,0
2026-10-08T21:01:27+00:00,2026-10-08T16:01:27-05:00,2026-10-09,06:00 AM,0,1000,Ruta 3-B: Realeza diseñada,100,100,0
2026-10-08T21:16:06+00:00,2026-10-08T16:16:06-05:00,2026-10-09,06:00 AM,0,1000,Ruta 1-A: Montaña Machupicchu,50,50,0
2026-10-08T21:16:06+00:00,2026-10-08T16:16:06-05:00,2026-10-09,06:00 AM,0,1000,Ruta 1-B: Terraza superior,100,100,0
2026-10-08T21:16:06+00:00,2026-10-08T16:16:06-05:00,2026-10-09,06:00 AM,0,1000,Ruta 2-A: Clásico Diseñada,600,600,0
2026-10-08T21:16:06+00:00,2026-10-08T16:16:06-05:00,2026-10-09,06:00 AM,0,1000,Ruta 2-B: Terraza Inferior,100,100,0
2026-10-08T21:16:06+00:00,2026-10-08T16:16:06-05:00,2026-10-09,06:00 AM,0,1000,Ruta 3-A: Montaña Waynapicchu,50,50,0
2026-10-08T21:16:06+00:00,2026-10-08T16:16:06-05:00,2026-10-09,06:00 AM,0,1000,Ruta 3-B: Realeza diseñada,100,100,0
2026-10-08T21:31:10+00:00,2026-10-08T16:31:10-05:00,2026-10-09,06:00 AM,0,1000,Ruta 1-A: Montaña Machupicchu,50,50,0
2026-10-08T21:31:10+00:00,2026-10-08T16:31:10-05:00,2026-10-09,06:00 AM,0,1000,Ruta 1-B: Terraza superior,100,100,0
2026-10-08T21:31:10+00:00,2026-10-08T16:31:10-05:00,2026-10-09,06:00 AM,0,1000,Ruta 2-A: Clásico Diseñada,600,600,0
2026-10-08T21:31:10+00:00,2026-10-08T16:31:10-05:00,2026-10-09,06:00 AM,0,1000,Ruta 2-B: Terraza Inferior,100,100,0
2026-10-08T21:31:10+00:00,2026-10-08T16:31:10-05:00,2026-10-09,06:00 AM,0,1000,Ruta 3-A: Montaña Waynapicchu,50,50,0
2026-10-08T21:31:10+00:00,2026-10-08T16:31:10-05:00,2026-10-09,06:00 AM,0,1000,Ruta 3-B: Realeza diseñada,100,100,0
2026-10-08T21:46:03+00:00,2026-10-08T16:46:03-05:00,2026-10-09,06:00 AM,0,1000,Ruta 1-A: Montaña Machupicchu,50,50,0
2026-10-08T21:46:03+00:00,2026-10-08T16:46:03-05:00,2026-10-09,06:00 AM,0,1000,Ruta 1-B: Terraza superior,100,100,0
2026-10-08T21:46:03+00:00,2026-10-08T16:46:03-05:00,2026-10-09,06:00 AM,0,1000,Ruta 2-A: Clásico Diseñada,600,600,0
2026-10-08T21:46:03+00:00,2026-10-08T16:46:03-05:00,2026-10-09,06:00 AM,0,1000,Ruta 2-B: Terraza Inferior,100,100,0
2026-10-08T21:46:03+00:00,2026-10-08T16:46:03-05:00,2026-10-09,06:00 AM,0,1000,Ruta 3-A: Montaña Waynapicchu,50,50,0
2026-10-08T21:46:03+00:00,2026-10-08T16:46:03-05:00,2026-10-09,06:00 AM,0,1000,Ruta 3-B: Realeza diseñada,100,100,0
2026-10-08T22:21:29+00:00,2026-10-08T17:21:29-05:00,2026-10-09,06:00 AM,0,1000,Ruta 1-A: Montaña Machupicchu,50,50,0
2026-10-08T22:21:29+00:00,2026-10-08T17:21:29-05:00,2026-10-09,06:00 AM,0,1000,Ruta 1-B: Terraza superior,100,100,0
2026-10-08T22:21:29+00:00,2026-10-08T17:21:29-05:00,2026-10-09,06:00 AM,0,1000,Ruta 2-A: Clásico Diseñada,600,600,0
2026-10-08T22:21:29+00:00,2026-10-08T17:21:29-05:00,2026-10-09,06:00 AM,0,1000,Ruta 2-B: Terraza Inferior,100,100,0
2026-10-08T22:21:29+00:00,2026-10-08T17:21:29-05:00,2026-10-09,06:00 AM,0,1000,Ruta 3-A: Montaña Waynapicchu,50,50,0
2026-10-08T22:21:29+00:00,2026-10-08T17:21:29-05:00,2026-10-09,06:00 AM,0,1000,Ruta 3-B: Realeza diseñada,100,100,0
2026-10-09T01:01:29+00:00,2026-10-08T20:01:29-05:00,2026-10-10,06:00 AM,449,551,Ruta 1-A: Montaña Machupicchu,50,4,46
2026-10-09T01:01:29+00:00,2026-10-08T20:01:29-05:00,2026-10-10,06:00 AM,449,551,Ruta 1-B: Terraza superior,100,4,96
2026-10-09T01:01:29+00:00,2026-10-08T20:01:29-05:00,2026-10-10,06:00 AM,449,551,Ruta 2-A: Clásico Diseñada,600,410,190
2026-10-09T01:01:29+00:00,2026-10-08T20:01:29-05:00,2026-10-10,06:00 AM,449,551,Ruta 2-B: Terraza Inferior,100,65,35
2026-10-09T01:01:29+00:00,2026-10-08T20:01:29-05:00,2026-10-10,06:00 AM,449,551,Ruta 3-A: Montaña Waynapicchu,50,16,34
2026-10-09T01:01:29+00:00,2026-10-08T20:01:29-05:00,2026-10-10,06:00 AM,449,551,Ruta 3-B: Realeza diseñada,100,44,56
2026-10-09T01:44:50+00:00,2026-10-08T20:44:50-05:00,2026-10-10,06:00 AM,447,553,Ruta 1-A: Montaña Machupicchu,50,4,46
2026-10-09T01:44:50+00:00,2026-10-08T20:44:50-05:00,2026-10-10,06:00 AM,447,553,Ruta 1-B: Terraza superior,100,4,96
2026-10-09T01:44:50+00:00,2026-10-08T20:44:50-05:00,2026-10-10,06:00 AM,447,553,Ruta 2-A: Clásico Diseñada,600,412,188
2026-10-09T01:44:50+00:00,2026-10-08T20:44:50-05:00,2026-10-10,06:00 AM,447,553,Ruta 2-B: Terraza Inferior,100,66,34
2026-10-09T01:44:50+00:00,2026-10-08T20:44:50-05:00,2026-10-10,06:00 AM,447,553,Ruta 3-A: Montaña Waynapicchu,50,16,34
2026-10-09T01:44:50+00:00,2026-10-08T20:44:50-05:00,2026-10-10,06:00 AM,447,553,Ruta 3-B: Realeza diseñada,100,44,56
2026-10-09T03:01:28+00:00,2026-10-08T22:01:28-05:00,2026-10-10,06:00 AM,402,598,Ruta 1-A: Montaña Machupicchu,50,4,46
2026-10-09T03:01:28+00:00,2026-10-08T22:01:28-05:00,2026-10-10,06:00 AM,402,598,Ruta 1-B: Terraza superior,100,5,95
2026-10-09T03:01:28+00:00,2026-10-08T22:01:28-05:00,2026-10-10,06:00 AM,402,598,Ruta 2-A: Clásico Diseñada,600,434,166
2026-10-09T03:01:28+00:00,2026-10-08T22:01:28-05:00,2026-10-10,06:00 AM,402,598,Ruta 2-B: Terraza Inferior,100,66,34
2026-10-09T03:01:28+00:00,2026-10-08T22:01:28-05:00,2026-10-10,06:00 AM,402,598,Ruta 3-A: Montaña Waynapicchu,50,19,31
2026-10-09T03:01:28+00:00,2026-10-08T22:01:28-05:00,2026-10-10,06:00 AM,402,598,Ruta 3-B: Realeza diseñada,100,44,56
2026-10-09T03:16:24+00:00,2026-10-08T22:16:24-05:00,2026-10-10,06:00 AM,336,664,Ruta 1-A: Montaña Machupicchu,50,4,46
2026-10-09T03:16:24+00:00,2026-10-08T22:16:24-05:00,2026-10-10,06:00 AM,336,664,Ruta 1-B: Terraza superior,100,5,95
2026-10-09T03:16:24+00:00,2026-10-08T22:16:24-05:00,2026-10-10,06:00 AM,336,664,Ruta 2-A: Clásico Diseñada,600,468,132
2026-10-09T03:16:24+00:00,2026-10-08T22:16:24-05:00,2026-10-10,06:00 AM,336,664,Ruta 2-B: Terraza Inferior,100,75,25
2026-10-09T03:16:24+00:00,2026-10-08T22:16:24-05:00,2026-10-10,06:00 AM,336,664,Ruta 3-A: Montaña Waynapicchu,50,20,30
2026-10-09T03:16:24+00:00,2026-10-08T22:16:24-05:00,2026-10-10,06:00 AM,336,664,Ruta 3-B: Realeza diseñada,100,44,56
2026-10-09T05:01:26+00:00,2026-10-09T00:01:26-05:00,2026-10-10,06:00 AM,311,689,Ruta 1-A: Montaña Machupicchu,50,4,46
2026-10-09T05:01:26+00:00,2026-10-09T00:01:26-05:00,2026-10-10,06:00 AM,311,689,Ruta 1-B: Terraza superior,100,5,95
2026-10-09T05:01:26+00:00,2026-10-09T00:01:26-05:00,2026-10-10,06:00 AM,311,689,Ruta 2-A: Clásico Diseñada,600,523,77
2026-10-09T05:01:26+00:00,2026-10-09T00:01:26-05:00,2026-10-10,06:00 AM,311,689,Ruta 2-B: Terraza Inferior,100,82,18
2026-10-09T05:01:26+00:00,2026-10-09T00:01:26-05:00,2026-10-10,06:00 AM,311,689,Ruta 3-A: Montaña Waynapicchu,50,24,26
2026-10-09T05:01:26+00:00,2026-10-09T00:01:26-05:00,2026-10-10,06:00 AM,311,689,Ruta 3-B: Realeza diseñada,100,44,56
2026-10-09T07:01:25+00:00,2026-10-09T02:01:25-05:00,2026-10-10,06:00 AM,311,689,Ruta 1-A: Montaña Machupicchu,50,4,46
2026-10-09T07:01:25+00:00,2026-10-09T02:01:25-05:00,2026-10-10,06:00 AM,311,689,Ruta 1-B: Terraza superior,100,5,95
2026-10-09T07:01:25+00:00,2026-10-09T02:01:25-05:00,2026-10-10,06:00 AM,311,689,Ruta 2-A: Clásico Diseñada,600,523,77
2026-10-09T07:01:25+00:00,2026-10-09T02:01:25-05:00,2026-10-10,06:00 AM,311,689,Ruta 2-B: Terraza Inferior,100,82,18
2026-10-09T07:01:25+00:00,2026-10-09T02:01:25-05:00,2026-10-10,06:00 AM,311,689,Ruta 3-A: Montaña Waynapicchu,50,24,26
2026-10-09T07:01:25+00:00,2026-10-09T02:01:25-05:00,2026-10-10,06:00 AM,311,689,Ruta 3-B: Realeza diseñada,100,44,56
2026-10-09T09:01:29+00:00,2026-10-09T04:01:29-05:00,2026-10-10,06:00 AM,311,689,Ruta 1-A: Montaña Machupicchu,50,4,46
2026-10-09T09:01:29+00:00,2026-10-09T04:01:29-05:00,2026-10-10,06:00 AM,311,689,Ruta 1-B: Terraza superior,100,5,95
2026-10-09T09:01:29+00:00,2026-10-09T04:01:29-05:00,2026-10-10,06:00 AM,311,689,Ruta 2-A: Clásico Diseñada,600,523,77
2026-10-09T09:01:29+00:00,2026-10-09T04:01:29-05:00,2026-10-10,06:00 AM,311,689,Ruta 2-B: Terraza Inferior,100,82,18
2026-10-09T09:01:29+00:00,2026-10-09T04:01:29-05:00,2026-10-10,06:00 AM,311,689,Ruta 3-A: Montaña Waynapicchu,50,24,26
2026-10-09T09:01:29+00:00,2026-10-09T04:01:29-05:00,2026-10-10,06:00 AM,311,689,Ruta 3-B: Realeza diseñada,100,44,56
2026-10-09T09:33:20+00:00,2026-10-09T04:33:20-05:00,2026-10-10,06:00 AM,311,689,Ruta 1-A: Montaña Machupicchu,50,4,46
2026-10-09T09:33:20+00:00,2026-10-09T04:33:20-05:00,2026-10-10,06:00 AM,311,689,Ruta 1-B: Terraza superior,100,5,95
2026-10-09T09:33:20+00:00,2026-10-09T04:33:20-05:00,2026-10-10,06:00 AM,311,689,Ruta 2-A: Clásico Diseñada,600,523,77
2026-10-09T09:33:20+00:00,2026-10-09T04:33:20-05:00,2026-10-10,06:00 AM,311,689,Ruta 2-B: Terraza Inferior,100,82,18
2026-10-09T09:33:20+00:00,2026-10-09T04:33:20-05:00,2026-10-10,06:00 AM,311,689,Ruta 3-A: Montaña Waynapicchu,50,24,26
2026-10-09T09:33:20+00:00,2026-10-09T04:33:20-05:00,2026-10-10,06:00 AM,311,689,Ruta 3-B: Realeza diseñada,100,44,56
2026-10-09T09:46:11+00:00,2026-10-09T04:46:11-05:00,2026-10-10,06:00 AM,311,689,Ruta 1-A: Montaña Machupicchu,50,4,46
2026-10-09T09:46:11+00:00,2026-10-09T04:46:11-05:00,2026-10-10,06:00 AM,311,689,Ruta 1-B: Terraza superior,100,5,95
2026-10-09T09:46:11+00:00,2026-10-09T04:46:11-05:00,2026-10-10,06:00 AM,311,689,Ruta 2-A: Clásico Diseñada,600,523,77
2026-10-09T09:46:11+00:00,2026-10-09T04:46:11-05:00,2026-10-10,06:00 AM,311,689,Ruta 2-B: Terraza Inferior,100,82,18
2026-10-09T09:46:11+00:00,2026-10-09T04:46:11-05:00,2026-10-10,06:00 AM,311,689,Ruta 3-A: Montaña Waynapicchu,50,24,26
2026-10-09T09:46:11+00:00,2026-10-09T04:46:11-05:00,2026-10-10,06:00 AM,311,689,Ruta 3-B: Realeza diseñada,100,44,56
2026-10-09T10:01:27+00:00,2026-10-09T05:01:27-05:00,2026-10-10,06:00 AM,311,689,Ruta 1-A: Montaña Machupicchu,50,4,46
2026-10-09T10:01:27+00:00,2026-10-09T05:01:27-05:00,2026-10-10,06:00 AM,311,689,Ruta 1-B: Terraza superior,100,5,95
2026-10-09T10:01:27+00:00,2026-10-09T05:01:27-05:00,2026-10-10,06:00 AM,311,689,Ruta 2-A: Clásico Diseñada,600,523,77
2026-10-09T10:01:27+00:00,2026-10-09T05:01:27-05:00,2026-10-10,06:00 AM,311,689,Ruta 2-B: Terraza Inferior,100,82,18
2026-10-09T10:01:27+00:00,2026-10-09T05:01:27-05:00,2026-10-10,06:00 AM,311,689,Ruta 3-A: Montaña Waynapicchu,50,24,26
2026-10-09T10:01:27+00:00,2026-10-09T05:01:27-05:00,2026-10-10,06:00 AM,311,689,Ruta 3-B: Realeza diseñada,100,44,56
2026-10-09T10:16:03+00:00,2026-10-09T05:16:03-05:00,2026-10-10,06:00 AM,311,689,Ruta 1-A: Montaña Machupicchu,50,4,46
2026-10-09T10:16:03+00:00,2026-10-09T05:16:03-05:00,2026-10-10,06:00 AM,311,689,Ruta 1-B: Terraza superior,100,5,95
2026-10-09T10:16:03+00:00,2026-10-09T05:16:03-05:00,2026-10-10,06:00 AM,311,689,Ruta 2-A: Clásico Diseñada,600,523,77
2026-10-09T10:16:03+00:00,2026-10-09T05:16:03-05:00,2026-10-10,06:00 AM,311,689,Ruta 2-B: Terraza Inferior,100,82,18
2026-10-09T10:16:03+00:00,2026-10-09T05:16:03-05:00,2026-10-10,06:00 AM,311,689,Ruta 3-A: Montaña Waynapicchu,50,24,26
2026-10-09T10:16:03+00:00,2026-10-09T05:16:03-05:00,2026-10-10,06:00 AM,311,689,Ruta 3-B: Realeza diseñada,100,44,56
2026-10-09T10:31:21+00:00,2026-10-09T05:31:21-05:00,2026-10-10,06:00 AM,311,689,Ruta 1-A: Montaña Machupicchu,50,4,46
2026-10-09T10:31:21+00:00,2026-10-09T05:31:21-05:00,2026-10-10,06:00 AM,311,689,Ruta 1-B: Terraza superior,100,5,95
2026-10-09T10:31:21+00:00,2026-10-09T05:31:21-05:00,2026-10-10,06:00 AM,311,689,Ruta 2-A: Clásico Diseñada,600,523,77
2026-10-09T10:31:21+00:00,2026-10-09T05:31:21-05:00,2026-10-10,06:00 AM,311,689,Ruta 2-B: Terraza Inferior,100,82,18
2026-10-09T10:31:21+00:00,2026-10-09T05:31:21-05:00,2026-10-10,06:00 AM,311,689,Ruta 3-A: Montaña Waynapicchu,50,24,26
2026-10-09T10:31:21+00:00,2026-10-09T05:31:21-05:00,2026-10-10,06:00 AM,311,689,Ruta 3-B: Realeza diseñada,100,44,56
2026-10-09T10:57:41+00:00,2026-10-09T05:57:41-05:00,2026-10-10,06:00 AM,308,692,Ruta 1-A: Montaña Machupicchu,50,4,46
2026-10-09T10:57:41+00:00,2026-10-09T05:57:41-05:00,2026-10-10,06:00 AM,308,692,Ruta 1-B: Terraza superior,100,5,95
2026-10-09T10:57:41+00:00,2026-10-09T05:57:41-05:00,2026-10-10,06:00 AM,308,692,Ruta 2-A: Clásico Diseñada,600,523,77
2026-10-09T10:57:41+00:00,2026-10-09T05:57:41-05:00,2026-10-10,06:00 AM,308,692,Ruta 2-B: Terraza Inferior,100,82,18
2026-10-09T10:57:41+00:00,2026-10-09T05:57:41-05:00,2026-10-10,06:00 AM,308,692,Ruta 3-A: Montaña Waynapicchu,50,24,26
2026-10-09T10:57:41+00:00,2026-10-09T05:57:41-05:00,2026-10-10,06:00 AM,308,692,Ruta 3-B: Realeza diseñada,100,44,56
2026-10-09T11:01:25+00:00,2026-10-09T06:01:25-05:00,2026-10-10,06:00 AM,308,692,Ruta 1-A: Montaña Machupicchu,50,4,46
2026-10-09T11:01:25+00:00,2026-10-09T06:01:25-05:00,2026-10-10,06:00 AM,308,692,Ruta 1-B: Terraza superior,100,5,95
2026-10-09T11:01:25+00:00,2026-10-09T06:01:25-05:00,2026-10-10,06:00 AM,308,692,Ruta 2-A: Clásico Diseñada,600,523,77
2026-10-09T11:01:25+00:00,2026-10-09T06:01:25-05:00,2026-10-10,06:00 AM,308,692,Ruta 2-B: Terraza Inferior,100,82,18
2026-10-09T11:01:25+00:00,2026-10-09T06:01:25-05:00,2026-10-10,06:00 AM,308,692,Ruta 3-A: Montaña Waynapicchu,50,24,26
2026-10-09T11:01:25+00:00,2026-10-09T06:01:25-05:00,2026-10-10,06:00 AM,308,692,Ruta 3-B: Realeza diseñada,100,44,56
2026-10-09T11:16:00+00:00,2026-10-09T06:16:00-05:00,2026-10-10,06:00 AM,278,722,Ruta 1-A: Montaña Machupicchu,50,4,46
2026-10-09T11:16:00+00:00,2026-10-09T06:16:00-05:00,2026-10-10,06:00 AM,278,722,Ruta 1-B: Terraza superior,100,5,95
2026-10-09T11:16:00+00:00,2026-10-09T06:16:00-05:00,2026-10-10,06:00 AM,278,722,Ruta 2-A: Clásico Diseñada,600,532,68
2026-10-09T11:16:00+00:00,2026-10-09T06:16:00-05:00,2026-10-10,06:00 AM,278,722,Ruta 2-B: Terraza Inferior,100,95,5
2026-10-09T11:16:00+00:00,2026-10-09T06:16:00-05:00,2026-10-10,06:00 AM,278,722,Ruta 3-A: Montaña Waynapicchu,50,24,26
2026-10-09T11:16:00+00:00,2026-10-09T06:16:00-05:00,2026-10-10,06:00 AM,278,722,Ruta 3-B: Realeza diseñada,100,44,56
2026-10-09T11:34:44+00:00,2026-10-09T06:34:44-05:00,2026-10-10,06:00 AM,178,822,Ruta 1-A: Montaña Machupicchu,50,4,46
2026-10-09T11:34:44+00:00,2026-10-09T06:34:44-05:00,2026-10-10,06:00 AM,178,822,Ruta 1-B: Terraza superior,100,5,95
2026-10-09T11:34:44+00:00,2026-10-09T06:34:44-05:00,2026-10-10,06:00 AM,178,822,Ruta 2-A: Clásico Diseñada,600,550,50
2026-10-09T11:34:44+00:00,2026-10-09T06:34:44-05:00,2026-10-10,06:00 AM,178,822,Ruta 2-B: Terraza Inferior,100,100,0
2026-10-09T11:34:44+00:00,2026-10-09T06:34:44-05:00,2026-10-10,06:00 AM,178,822,Ruta 3-A: Montaña Waynapicchu,50,24,26
2026-10-09T11:34:44+00:00,2026-10-09T06:34:44-05:00,2026-10-10,06:00 AM,178,822,Ruta 3-B: Realeza diseñada,100,46,54
2026-10-09T11:46:05+00:00,2026-10-09T06:46:05-05:00,2026-10-10,06:00 AM,132,868,Ruta 1-A: Montaña Machupicchu,50,4,46
2026-10-09T11:46:05+00:00,2026-10-09T06:46:05-05:00,2026-10-10,06:00 AM,132,868,Ruta 1-B: Terraza superior,100,10,90
2026-10-09T11:46:05+00:00,2026-10-09T06:46:05-05:00,2026-10-10,06:00 AM,132,868,Ruta 2-A: Clásico Diseñada,600,561,39
2026-10-09T11:46:05+00:00,2026-10-09T06:46:05-05:00,2026-10-10,06:00 AM,132,868,Ruta 2-B: Terraza Inferior,100,100,0
2026-10-09T11:46:05+00:00,2026-10-09T06:46:05-05:00,2026-10-10,06:00 AM,132,868,Ruta 3-A: Montaña Waynapicchu,50,25,25
2026-10-09T11:46:05+00:00,2026-10-09T06:46:05-05:00,2026-10-10,06:00 AM,132,868,Ruta 3-B: Realeza diseñada,100,47,53
2026-10-09T12:01:30+00:00,2026-10-09T07:01:30-05:00,2026-10-10,06:00 AM,88,912,Ruta 1-A: Montaña Machupicchu,50,4,46
2026-10-09T12:01:30+00:00,2026-10-09T07:01:30-05:00,2026-10-10,06:00 AM,88,912,Ruta 1-B: Terraza superior,100,34,66
2026-10-09T12:01:30+00:00,2026-10-09T07:01:30-05:00,2026-10-10,06:00 AM,88,912,Ruta 2-A: Clásico Diseñada,600,600,0
2026-10-09T12:01:30+00:00,2026-10-09T07:01:30-05:00,2026-10-10,06:00 AM,88,912,Ruta 2-B: Terraza Inferior,100,100,0
2026-10-09T12:01:30+00:00,2026-10-09T07:01:30-05:00,2026-10-10,06:00 AM,88,912,Ruta 3-A: Montaña Waynapicchu,50,26,24
2026-10-09T12:01:30+00:00,2026-10-09T07:01:30-05:00,2026-10-10,06:00 AM,88,912,Ruta 3-B: Realeza diseñada,100,69,31
2026-10-09T12:31:25+00:00,2026-10-09T07:31:25-05:00,2026-10-10,06:00 AM,13,987,Ruta 1-A: Montaña Machupicchu,50,6,44
2026-10-09T12:31:25+00:00,2026-10-09T07:31:25-05:00,2026-10-10,06:00 AM,13,987,Ruta 1-B: Terraza superior,100,89,11
2026-10-09T12:31:25+00:00,2026-10-09T07:31:25-05:00,2026-10-10,06:00 AM,13,987,Ruta 2-A: Clásico Diseñada,600,600,0
2026-10-09T12:31:25+00:00,2026-10-09T07:31:25-05:00,2026-10-10,06:00 AM,13,987,Ruta 2-B: Terraza Inferior,100,100,0
2026-10-09T12:31:25+00:00,2026-10-09T07:31:25-05:00,2026-10-10,06:00 AM,13,987,Ruta 3-A: Montaña Waynapicchu,50,30,20
2026-10-09T12:31:25+00:00,2026-10-09T07:31:25-05:00,2026-10-10,06:00 AM,13,987,Ruta 3-B: Realeza diseñada,100,99,1
2026-10-09T13:01:33+00:00,2026-10-09T08:01:33-05:00,2026-10-10,06:00 AM,0,1000,Ruta 1-A: Montaña Machupicchu,50,48,2
2026-10-09T13:01:33+00:00,2026-10-09T08:01:33-05:00,2026-10-10,06:00 AM,0,1000,Ruta 1-B: Terraza superior,100,98,2
2026-10-09T13:01:33+00:00,2026-10-09T08:01:33-05:00,2026-10-10,06:00 AM,0,1000,Ruta 2-A: Clásico Diseñada,600,600,0
2026-10-09T13:01:33+00:00,2026-10-09T08:01:33-05:00,2026-10-10,06:00 AM,0,1000,Ruta 2-B: Terraza Inferior,100,100,0
2026-10-09T13:01:33+00:00,2026-10-09T08:01:33-05:00,2026-10-10,06:00 AM,0,1000,Ruta 3-A: Montaña Waynapicchu,50,49,1
2026-10-09T13:01:33+00:00,2026-10-09T08:01:33-05:00,2026-10-10,06:00 AM,0,1000,Ruta 3-B: Realeza diseñada,100,99,1
2026-10-09T13:15:58+00:00,2026-10-09T08:15:58-05:00,2026-10-10,06:00 AM,0,1000,Ruta 1-A: Montaña Machupicchu,50,50,0
2026-10-09T13:15:58+00:00,2026-10-09T08:15:58-05:00,2026-10-10,06:00 AM,0,1000,Ruta 1-B: Terraza superior,100,100,0
2026-10-09T13:15:58+00:00,2026-10-09T08:15:58-05:00,2026-10-10,06:00 AM,0,1000,Ruta 2-A: Clásico Diseñada,600,600,0
2026-10-09T13:15:58+00:00,2026-10-09T08:15:58-05:00,2026-10-10,06:00 AM,0,1000,Ruta 2-B: Terraza Inferior,100,100,0
2026-10-09T13:15:58+00:00,2026-10-09T08:15:58-05:00,2026-10-10,06:00 AM,0,1000,Ruta 3-A: Montaña Waynapicchu,50,50,0
2026-10-09T13:15:58+00:00,2026-10-09T08:15:58-05:00,2026-10-10,06:00 AM,0,1000,Ruta 3-B: Realeza diseñada,100,100,0
2026-10-09T13:31:13+00:00,2026-10-09T08:31:13-05:00,2026-10-10,06:00 AM,0,1000,Ruta 1-A: Montaña Machupicchu,50,50,0
2026-10-09T13:31:13+00:00,2026-10-09T08:31:13-05:00,2026-10-10,06:00 AM,0,1000,Ruta 1-B: Terraza superior,100,100,0
2026-10-09T13:31:13+00:00,2026-10-09T08:31:13-05:00,2026-10-10,06:00 AM,0,1000,Ruta 2-A: Clásico Diseñada,600,600,0
2026-10-09T13:31:13+00:00,2026-10-09T08:31:13-05:00,2026-10-10,06:00 AM,0,1000,Ruta 2-B: Terraza Inferior,100,100,0
2026-10-09T13:31:13+00:00,2026-10-09T08:31:13-05:00,2026-10-10,06:00 AM,0,1000,Ruta 3-A: Montaña Waynapicchu,50,50,0
2026-10-09T13:31:13+00:00,2026-10-09T08:31:13-05:00,2026-10-10,06:00 AM,0,1000,Ruta 3-B: Realeza diseñada,100,100,0
2026-10-09T13:46:29+00:00,2026-10-09T08:46:29-05:00,2026-10-10,06:00 AM,0,1000,Ruta 1-A: Montaña Machupicchu,50,50,0
2026-10-09T13:46:29+00:00,2026-10-09T08:46:29-05:00,2026-10-10,06:00 AM,0,1000,Ruta 1-B: Terraza superior,100,100,0
2026-10-09T13:46:29+00:00,2026-10-09T08:46:29-05:00,2026-10-10,06:00 AM,0,1000,Ruta 2-A: Clásico Diseñada,600,600,0
2026-10-09T13:46:29+00:00,2026-10-09T08:46:29-05:00,2026-10-10,06:00 AM,0,1000,Ruta 2-B: Terraza Inferior,100,100,0
2026-10-09T13:46:29+00:00,2026-10-09T08:46:29-05:00,2026-10-10,06:00 AM,0,1000,Ruta 3-A: Montaña Waynapicchu,50,50,0
2026-10-09T13:46:29+00:00,2026-10-09T08:46:29-05:00,2026-10-10,06:00 AM,0,1000,Ruta 3-B: Realeza diseñada,100,100,0
2026-10-09T14:16:15+00:00,2026-10-09T09:16:15-05:00,2026-10-10,06:00 AM,0,1000,Ruta 1-A: Montaña Machupicchu,50,50,0
2026-10-09T14:16:15+00:00,2026-10-09T09:16:15-05:00,2026-10-10,06:00 AM,0,1000,Ruta 1-B: Terraza superior,100,100,0
2026-10-09T14:16:15+00:00,2026-10-09T09:16:15-05:00,2026-10-10,06:00 AM,0,1000,Ruta 2-A: Clásico Diseñada,600,600,0
2026-10-09T14:16:15+00:00,2026-10-09T09:16:15-05:00,2026-10-10,06:00 AM,0,1000,Ruta 2-B: Terraza Inferior,100,100,0
2026-10-09T14:16:15+00:00,2026-10-09T09:16:15-05:00,2026-10-10,06:00 AM,0,1000,Ruta 3-A: Montaña Waynapicchu,50,50,0
2026-10-09T14:16:15+00:00,2026-10-09T09:16:15-05:00,2026-10-10,06:00 AM,0,1000,Ruta 3-B: Realeza diseñada,100,100,0
2026-10-09T14:31:17+00:00,2026-10-09T09:31:17-05:00,2026-10-10,06:00 AM,0,1000,Ruta 1-A: Montaña Machupicchu,50,50,0
2026-10-09T14:31:17+00:00,2026-10-09T09:31:17-05:00,2026-10-10,06:00 AM,0,1000,Ruta 1-B: Terraza superior,100,100,0
2026-10-09T14:31:17+00:00,2026-10-09T09:31:17-05:00,2026-10-10,06:00 AM,0,1000,Ruta 2-A: Clásico Diseñada,600,600,0
2026-10-09T14:31:17+00:00,2026-10-09T09:31:17-05:00,2026-10-10,06:00 AM,0,1000,Ruta 2-B: Terraza Inferior,100,100,0
2026-10-09T14:31:17+00:00,2026-10-09T09:31:17-05:00,2026-10-10,06:00 AM,0,1000,Ruta 3-A: Montaña Waynapicchu,50,50,0
2026-10-09T14:31:17+00:00,2026-10-09T09:31:17-05:00,2026-10-10,06:00 AM,0,1000,Ruta 3-B: Realeza diseñada,100,100,0
2026-10-09T14:45:58+00:00,2026-10-09T09:45:58-05:00,2026-10-10,06:00 AM,0,1000,Ruta 1-A: Montaña Machupicchu,50,50,0
2026-10-09T14:45:58+00:00,2026-10-09T09:45:58-05:00,2026-10-10,06:00 AM,0,1000,Ruta 1-B: Terraza superior,100,100,0
2026-10-09T14:45:58+00:00,2026-10-09T09:45:58-05:00,2026-10-10,06:00 AM,0,1000,Ruta 2-A: Clásico Diseñada,600,600,0
2026-10-09T14:45:58+00:00,2026-10-09T09:45:58-05:00,2026-10-10,06:00 AM,0,1000,Ruta 2-B: Terraza Inferior,100,100,0
2026-10-09T14:45:58+00:00,2026-10-09T09:45:58-05:00,2026-10-10,06:00 AM,0,1000,Ruta 3-A: Montaña Waynapicchu,50,50,0
2026-10-09T14:45:58+00:00,2026-10-09T09:45:58-05:00,2026-10-10,06:00 AM,0,1000,Ruta 3-B: Realeza diseñada,100,100,0
2026-10-09T15:01:37+00:00,2026-10-09T10:01:37-05:00,2026-10-10,06:00 AM,0,1000,Ruta 1-A: Montaña Machupicchu,50,50,0
2026-10-09T15:01:37+00:00,2026-10-09T10:01:37-05:00,2026-10-10,06:00 AM,0,1000,Ruta 1-B: Terraza superior,100,100,0
2026-10-09T15:01:37+00:00,2026-10-09T10:01:37-05:00,2026-10-10,06:00 AM,0,1000,Ruta 2-A: Clásico Diseñada,600,600,0
2026-10-09T15:01:37+00:00,2026-10-09T10:01:37-05:00,2026-10-10,06:00 AM,0,1000,Ruta 2-B: Terraza Inferior,100,100,0
2026-10-09T15:01:37+00:00,2026-10-09T10:01:37-05:00,2026-10-10,06:00 AM,0,1000,Ruta 3-A: Montaña Waynapicchu,50,50,0
2026-10-09T15:01:37+00:00,2026-10-09T10:01:37-05:00,2026-10-10,06:00 AM,0,1000,Ruta 3-B: Realeza diseñada,100,100,0
2026-10-09T15:16:10+00:00,2026-10-09T10:16:10-05:00,2026-10-10,06:00 AM,0,1000,Ruta 1-A: Montaña Machupicchu,50,50,0
2026-10-09T15:16:10+00:00,2026-10-09T10:16:10-05:00,2026-10-10,06:00 AM,0,1000,Ruta 1-B: Terraza superior,100,100,0
2026-10-09T15:16:10+00:00,2026-10-09T10:16:10-05:00,2026-10-10,06:00 AM,0,1000,Ruta 2-A: Clásico Diseñada,600,600,0
2026-10-09T15:16:10+00:00,2026-10-09T10:16:10-05:00,2026-10-10,06:00 AM,0,1000,Ruta 2-B: Terraza Inferior,100,100,0
2026-10-09T15:16:10+00:00,2026-10-09T10:16:10-05:00,2026-10-10,06:00 AM,0,1000,Ruta 3-A: Montaña Waynapicchu,50,50,0
2026-10-09T15:16:10+00:00,2026-10-09T10:16:10-05:00,2026-10-10,06:00 AM,0,1000,Ruta 3-B: Realeza diseñada,100,100,0
2026-10-09T15:45:59+00:00,2026-10-09T10:45:59-05:00,2026-10-10,06:00 AM,0,1000,Ruta 1-A: Montaña Machupicchu,50,50,0
2026-10-09T15:45:59+00:00,2026-10-09T10:45:59-05:00,2026-10-10,06:00 AM,0,1000,Ruta 1-B: Terraza superior,100,100,0
2026-10-09T15:45:59+00:00,2026-10-09T10:45:59-05:00,2026-10-10,06:00 AM,0,1000,Ruta 2-A: Clásico Diseñada,600,600,0
2026-10-09T15:45:59+00:00,2026-10-09T10:45:59-05:00,2026-10-10,06:00 AM,0,1000,Ruta 2-B: Terraza Inferior,100,100,0
2026-10-09T15:45:59+00:00,2026-10-09T10:45:59-05:00,2026-10-10,06:00 AM,0,1000,Ruta 3-A: Montaña Waynapicchu,50,50,0
2026-10-09T15:45:59+00:00,2026-10-09T10:45:59-05:00,2026-10-10,06:00 AM,0,1000,Ruta 3-B: Realeza diseñada,100,100,0
2026-10-09T16:01:29+00:00,2026-10-09T11:01:29-05:00,2026-10-10,06:00 AM,0,1000,Ruta 1-A: Montaña Machupicchu,50,50,0
2026-10-09T16:01:29+00:00,2026-10-09T11:01:29-05:00,2026-10-10,06:00 AM,0,1000,Ruta 1-B: Terraza superior,100,100,0
2026-10-09T16:01:29+00:00,2026-10-09T11:01:29-05:00,2026-10-10,06:00 AM,0,1000,Ruta 2-A: Clásico Diseñada,600,600,0
2026-10-09T16:01:29+00:00,2026-10-09T11:01:29-05:00,2026-10-10,06:00 AM,0,1000,Ruta 2-B: Terraza Inferior,100,100,0
2026-10-09T16:01:29+00:00,2026-10-09T11:01:29-05:00,2026-10-10,06:00 AM,0,1000,Ruta 3-A: Montaña Waynapicchu,50,50,0
2026-10-09T16:01:29+00:00,2026-10-09T11:01:29-05:00,2026-10-10,06:00 AM,0,1000,Ruta 3-B: Realeza diseñada,100,100,0
2026-10-09T16:16:01+00:00,2026-10-09T11:16:01-05:00,2026-10-10,06:00 AM,0,1000,Ruta 1-A: Montaña Machupicchu,50,50,0
2026-10-09T16:16:01+00:00,2026-10-09T11:16:01-05:00,2026-10-10,06:00 AM,0,1000,Ruta 1-B: Terraza superior,100,100,0
2026-10-09T16:16:01+00:00,2026-10-09T11:16:01-05:00,2026-10-10,06:00 AM,0,1000,Ruta 2-A: Clásico Diseñada,600,600,0
2026-10-09T16:16:01+00:00,2026-10-09T11:16:01-05:00,2026-10-10,06:00 AM,0,1000,Ruta 2-B: Terraza Inferior,100,100,0
2026-10-09T16:16:01+00:00,2026-10-09T11:16:01-05:00,2026-10-10,06:00 AM,0,1000,Ruta 3-A: Montaña Waynapicchu,50,50,0
2026-10-09T16:16:01+00:00,2026-10-09T11:16:01-05:00,2026-10-10,06:00 AM,0,1000,Ruta 3-B: Realeza diseñada,100,100,0
2026-10-09T16:31:13+00:00,2026-10-09T11:31:13-05:00,2026-10-10,06:00 AM,0,1000,Ruta 1-A: Montaña Machupicchu,50,50,0
2026-10-09T16:31:13+00:00,2026-10-09T11:31:13-05:00,2026-10-10,06:00 AM,0,1000,Ruta 1-B: Terraza superior,100,100,0
2026-10-09T16:31:13+00:00,2026-10-09T11:31:13-05:00,2026-10-10,06:00 AM,0,1000,Ruta 2-A: Clásico Diseñada,600,600,0
2026-10-09T16:31:13+00:00,2026-10-09T11:31:13-05:00,2026-10-10,06:00 AM,0,1000,Ruta 2-B: Terraza Inferior,100,100,0
2026-10-09T16:31:13+00:00,2026-10-09T11:31:13-05:00,2026-10-10,06:00 AM,0,1000,Ruta 3-A: Montaña Waynapicchu,50,50,0
2026-10-09T16:31:13+00:00,2026-10-09T11:31:13-05:00,2026-10-10,06:00 AM,0,1000,Ruta 3-B: Realeza diseñada,100,100,0
2026-10-09T16:46:08+00:00,2026-10-09T11:46:08-05:00,2026-10-10,06:00 AM,0,1000,Ruta 1-A: Montaña Machupicchu,50,50,0
2026-10-09T16:46:08+00:00,2026-10-09T11:46:08-05:00,2026-10-10,06:00 AM,0,1000,Ruta 1-B: Terraza superior,100,100,0
2026-10-09T16:46:08+00:00,2026-10-09T11:46:08-05:00,2026-10-10,06:00 AM,0,1000,Ruta 2-A: Clásico Diseñada,600,600,0
2026-10-09T16:46:08+00:00,2026-10-09T11:46:08-05:00,2026-10-10,06:00 AM,0,1000,Ruta 2-B: Terraza Inferior,100,100,0
2026-10-09T16:46:08+00:00,2026-10-09T11:46:08-05:00,2026-10-10,06:00 AM,0,1000,Ruta 3-A: Montaña Waynapicchu,50,50,0
2026-10-09T16:46:08+00:00,2026-10-09T11:46:08-05:00,2026-10-10,06:00 AM,0,1000,Ruta 3-B: Realeza diseñada,100,100,0
2026-10-09T16:56:09+00:00,2026-10-09T11:56:09-05:00,2026-10-10,06:00 AM,0,1000,Ruta 1-A: Montaña Machupicchu,50,50,0
2026-10-09T16:56:09+00:00,2026-10-09T11:56:09-05:00,2026-10-10,06:00 AM,0,1000,Ruta 1-B: Terraza superior,100,100,0
2026-10-09T16:56:09+00:00,2026-10-09T11:56:09-05:00,2026-10-10,06:00 AM,0,1000,Ruta 2-A: Clásico Diseñada,600,600,0
2026-10-09T16:56:09+00:00,2026-10-09T11:56:09-05:00,2026-10-10,06:00 AM,0,1000,Ruta 2-B: Terraza Inferior,100,100,0
2026-10-09T16:56:09+00:00,2026-10-09T11:56:09-05:00,2026-10-10,06:00 AM,0,1000,Ruta 3-A: Montaña Waynapicchu,50,50,0
2026-10-09T16:56:09+00:00,2026-10-09T11:56:09-05:00,2026-10-10,06:00 AM,0,1000,Ruta 3-B: Realeza diseñada,100,100,0
2026-10-09T17:01:27+00:00,2026-10-09T12:01:27-05:00,2026-10-10,06:00 AM,0,1000,Ruta 1-A: Montaña Machupicchu,50,50,0
2026-10-09T17:01:27+00:00,2026-10-09T12:01:27-05:00,2026-10-10,06:00 AM,0,1000,Ruta 1-B: Terraza superior,100,100,0
2026-10-09T17:01:27+00:00,2026-10-09T12:01:27-05:00,2026-10-10,06:00 AM,0,1000,Ruta 2-A: Clásico Diseñada,600,600,0
2026-10-09T17:01:27+00:00,2026-10-09T12:01:27-05:00,2026-10-10,06:00 AM,0,1000,Ruta 2-B: Terraza Inferior,100,100,0
2026-10-09T17:01:27+00:00,2026-10-09T12:01:27-05:00,2026-10-10,06:00 AM,0,1000,Ruta 3-A: Montaña Waynapicchu,50,50,0
2026-10-09T17:01:27+00:00,2026-10-09T12:01:27-05:00,2026-10-10,06:00 AM,0,1000,Ruta 3-B: Realeza diseñada,100,100,0
2026-10-09T17:16:05+00:00,2026-10-09T12:16:05-05:00,2026-10-10,06:00 AM,0,1000,Ruta 1-A: Montaña Machupicchu,50,50,0
2026-10-09T17:16:05+00:00,2026-10-09T12:16:05-05:00,2026-10-10,06:00 AM,0,1000,Ruta 1-B: Terraza superior,100,100,0
2026-10-09T17:16:05+00:00,2026-10-09T12:16:05-05:00,2026-10-10,06:00 AM,0,1000,Ruta 2-A: Clásico Diseñada,600,600,0
2026-10-09T17:16:05+00:00,2026-10-09T12:16:05-05:00,2026-10-10,06:00 AM,0,1000,Ruta 2-B: Terraza Inferior,100,100,0
2026-10-09T17:16:05+00:00,2026-10-09T12:16:05-05:00,2026-10-10,06:00 AM,0,1000,Ruta 3-A: Montaña Waynapicchu,50,50,0
2026-10-09T17:16:05+00:00,2026-10-09T12:16:05-05:00,2026-10-10,06:00 AM,0,1000,Ruta 3-B: Realeza diseñada,100,100,0
2026-10-09T17:31:14+00:00,2026-10-09T12:31:14-05:00,2026-10-10,06:00 AM,0,1000,Ruta 1-A: Montaña Machupicchu,50,50,0
2026-10-09T17:31:14+00:00,2026-10-09T12:31:14-05:00,2026-10-10,06:00 AM,0,1000,Ruta 1-B: Terraza superior,100,100,0
2026-10-09T17:31:14+00:00,2026-10-09T12:31:14-05:00,2026-10-10,06:00 AM,0,1000,Ruta 2-A: Clásico Diseñada,600,600,0
2026-10-09T17:31:14+00:00,2026-10-09T12:31:14-05:00,2026-10-10,06:00 AM,0,1000,Ruta 2-B: Terraza Inferior,100,100,0
2026-10-09T17:31:14+00:00,2026-10-09T12:31:14-05:00,2026-10-10,06:00 AM,0,1000,Ruta 3-A: Montaña Waynapicchu,50,50,0
2026-10-09T17:31:14+00:00,2026-10-09T12:31:14-05:00,2026-10-10,06:00 AM,0,1000,Ruta 3-B: Realeza diseñada,100,100,0
2026-10-09T17:46:00+00:00,2026-10-09T12:46:00-05:00,2026-10-10,06:00 AM,0,1000,Ruta 1-A: Montaña Machupicchu,50,50,0
2026-10-09T17:46:00+00:00,2026-10-09T12:46:00-05:00,2026-10-10,06:00 AM,0,1000,Ruta 1-B: Terraza superior,100,100,0
2026-10-09T17:46:00+00:00,2026-10-09T12:46:00-05:00,2026-10-10,06:00 AM,0,1000,Ruta 2-A: Clásico Diseñada,600,600,0
2026-10-09T17:46:00+00:00,2026-10-09T12:46:00-05:00,2026-10-10,06:00 AM,0,1000,Ruta 2-B: Terraza Inferior,100,100,0
2026-10-09T17:46:00+00:00,2026-10-09T12:46:00-05:00,2026-10-10,06:00 AM,0,1000,Ruta 3-A: Montaña Waynapicchu,50,50,0
2026-10-09T17:46:00+00:00,2026-10-09T12:46:00-05:00,2026-10-10,06:00 AM,0,1000,Ruta 3-B: Realeza diseñada,100,100,0
2026-10-09T18:01:28+00:00,2026-10-09T13:01:28-05:00,2026-10-10,06:00 AM,0,1000,Ruta 1-A: Montaña Machupicchu,50,50,0
2026-10-09T18:01:28+00:00,2026-10-09T13:01:28-05:00,2026-10-10,06:00 AM,0,1000,Ruta 1-B: Terraza superior,100,100,0
2026-10-09T18:01:28+00:00,2026-10-09T13:01:28-05:00,2026-10-10,06:00 AM,0,1000,Ruta 2-A: Clásico Diseñada,600,600,0
2026-10-09T18:01:28+00:00,2026-10-09T13:01:28-05:00,2026-10-10,06:00 AM,0,1000,Ruta 2-B: Terraza Inferior,100,100,0
2026-10-09T18:01:28+00:00,2026-10-09T13:01:28-05:00,2026-10-10,06:00 AM,0,1000,Ruta 3-A: Montaña Waynapicchu,50,50,0
2026-10-09T18:01:28+00:00,2026-10-09T13:01:28-05:00,2026-10-10,06:00 AM,0,1000,Ruta 3-B: Realeza diseñada,100,100,0
2026-10-09T18:16:08+00:00,2026-10-09T13:16:08-05:00,2026-10-10,06:00 AM,0,1000,Ruta 1-A: Montaña Machupicchu,50,50,0
2026-10-09T18:16:08+00:00,2026-10-09T13:16:08-05:00,2026-10-10,06:00 AM,0,1000,Ruta 1-B: Terraza superior,100,100,0
2026-10-09T18:16:08+00:00,2026-10-09T13:16:08-05:00,2026-10-10,06:00 AM,0,1000,Ruta 2-A: Clásico Diseñada,600,600,0
2026-10-09T18:16:08+00:00,2026-10-09T13:16:08-05:00,2026-10-10,06:00 AM,0,1000,Ruta 2-B: Terraza Inferior,100,100,0
2026-10-09T18:16:08+00:00,2026-10-09T13:16:08-05:00,2026-10-10,06:00 AM,0,1000,Ruta 3-A: Montaña Waynapicchu,50,50,0
2026-10-09T18:16:08+00:00,2026-10-09T13:16:08-05:00,2026-10-10,06:00 AM,0,1000,Ruta 3-B: Realeza diseñada,100,100,0
2026-10-09T18:31:33+00:00,2026-10-09T13:31:33-05:00,2026-10-10,06:00 AM,0,1000,Ruta 1-A: Montaña Machupicchu,50,50,0
2026-10-09T18:31:33+00:00,2026-10-09T13:31:33-05:00,2026-10-10,06:00 AM,0,1000,Ruta 1-B: Terraza superior,100,100,0
2026-10-09T18:31:33+00:00,2026-10-09T13:31:33-05:00,2026-10-10,06:00 AM,0,1000,Ruta 2-A: Clásico Diseñada,600,600,0
2026-10-09T18:31:33+00:00,2026-10-09T13:31:33-05:00,2026-10-10,06:00 AM,0,1000,Ruta 2-B: Terraza Inferior,100,100,0
2026-10-09T18:31:33+00:00,2026-10-09T13:31:33-05:00,2026-10-10,06:00 AM,0,1000,Ruta 3-A: Montaña Waynapicchu,50,50,0
2026-10-09T18:31:33+00:00,2026-10-09T13:31:33-05:00,2026-10-10,06:00 AM,0,1000,Ruta 3-B: Realeza diseñada,100,100,0
2026-10-09T18:46:12+00:00,2026-10-09T13:46:12-05:00,2026-10-10,06:00 AM,0,1000,Ruta 1-A: Montaña Machupicchu,50,50,0
2026-10-09T18:46:12+00:00,2026-10-09T13:46:12-05:00,2026-10-10,06:00 AM,0,1000,Ruta 1-B: Terraza superior,100,100,0
2026-10-09T18:46:12+00:00,2026-10-09T13:46:12-05:00,2026-10-10,06:00 AM,0,1000,Ruta 2-A: Clásico Diseñada,600,600,0
2026-10-09T18:46:12+00:00,2026-10-09T13:46:12-05:00,2026-10-10,06:00 AM,0,1000,Ruta 2-B: Terraza Inferior,100,100,0
2026-10-09T18:46:12+00:00,2026-10-09T13:46:12-05:00,2026-10-10,06:00 AM,0,1000,Ruta 3-A: Montaña Waynapicchu,50,50,0
2026-10-09T18:46:12+00:00,2026-10-09T13:46:12-05:00,2026-10-10,06:00 AM,0,1000,Ruta 3-B: Realeza diseñada,100,100,0
2026-10-09T19:01:25+00:00,2026-10-09T14:01:25-05:00,2026-10-10,06:00 AM,0,1000,Ruta 1-A: Montaña Machupicchu,50,50,0
2026-10-09T19:01:25+00:00,2026-10-09T14:01:25-05:00,2026-10-10,06:00 AM,0,1000,Ruta 1-B: Terraza superior,100,100,0
2026-10-09T19:01:25+00:00,2026-10-09T14:01:25-05:00,2026-10-10,06:00 AM,0,1000,Ruta 2-A: Clásico Diseñada,600,600,0
2026-10-09T19:01:25+00:00,2026-10-09T14:01:25-05:00,2026-10-10,06:00 AM,0,1000,Ruta 2-B: Terraza Inferior,100,100,0
2026-10-09T19:01:25+00:00,2026-10-09T14:01:25-05:00,2026-10-10,06:00 AM,0,1000,Ruta 3-A: Montaña Waynapicchu,50,50,0
2026-10-09T19:01:25+00:00,2026-10-09T14:01:25-05:00,2026-10-10,06:00 AM,0,1000,Ruta 3-B: Realeza diseñada,100,100,0
2026-10-09T19:15:58+00:00,2026-10-09T14:15:58-05:00,2026-10-10,06:00 AM,0,1000,Ruta 1-A: Montaña Machupicchu,50,50,0
2026-10-09T19:15:58+00:00,2026-10-09T14:15:58-05:00,2026-10-10,06:00 AM,0,1000,Ruta 1-B: Terraza superior,100,100,0
2026-10-09T19:15:58+00:00,2026-10-09T14:15:58-05:00,2026-10-10,06:00 AM,0,1000,Ruta 2-A: Clásico Diseñada,600,600,0
2026-10-09T19:15:58+00:00,2026-10-09T14:15:58-05:00,2026-10-10,06:00 AM,0,1000,Ruta 2-B: Terraza Inferior,100,100,0
2026-10-09T19:15:58+00:00,2026-10-09T14:15:58-05:00,2026-10-10,06:00 AM,0,1000,Ruta 3-A: Montaña Waynapicchu,50,50,0
2026-10-09T19:15:58+00:00,2026-10-09T14:15:58-05:00,2026-10-10,06:00 AM,0,1000,Ruta 3-B: Realeza diseñada,100,100,0
2026-10-09T19:31:20+00:00,2026-10-09T14:31:20-05:00,2026-10-10,06:00 AM,0,1000,Ruta 1-A: Montaña Machupicchu,50,50,0
2026-10-09T19:31:20+00:00,2026-10-09T14:31:20-05:00,2026-10-10,06:00 AM,0,1000,Ruta 1-B: Terraza superior,100,100,0
2026-10-09T19:31:20+00:00,2026-10-09T14:31:20-05:00,2026-10-10,06:00 AM,0,1000,Ruta 2-A: Clásico Diseñada,600,600,0
2026-10-09T19:31:20+00:00,2026-10-09T14:31:20-05:00,2026-10-10,06:00 AM,0,1000,Ruta 2-B: Terraza Inferior,100,100,0
2026-10-09T19:31:20+00:00,2026-10-09T14:31:20-05:00,2026-10-10,06:00 AM,0,1000,Ruta 3-A: Montaña Waynapicchu,50,50,0
2026-10-09T19:31:20+00:00,2026-10-09T14:31:20-05:00,2026-10-10,06:00 AM,0,1000,Ruta 3-B: Realeza diseñada,100,100,0
2026-10-09T19:45:54+00:00,2026-10-09T14:45:54-05:00,2026-10-10,06:00 AM,0,1000,Ruta 1-A: Montaña Machupicchu,50,50,0
2026-10-09T19:45:54+00:00,2026-10-09T14:45:54-05:00,2026-10-10,06:00 AM,0,1000,Ruta 1-B: Terraza superior,100,100,0
2026-10-09T19:45:54+00:00,2026-10-09T14:45:54-05:00,2026-10-10,06:00 AM,0,1000,Ruta 2-A: Clásico Diseñada,600,600,0
2026-10-09T19:45:54+00:00,2026-10-09T14:45:54-05:00,2026-10-10,06:00 AM,0,1000,Ruta 2-B: Terraza Inferior,100,100,0
2026-10-09T19:45:54+00:00,2026-10-09T14:45:54-05:00,2026-10-10,06:00 AM,0,1000,Ruta 3-A: Montaña Waynapicchu,50,50,0
2026-10-09T19:45:54+00:00,2026-10-09T14:45:54-05:00,2026-10-10,06:00 AM,0,1000,Ruta 3-B: Realeza diseñada,100,100,0
2026-10-09T20:01:19+00:00,2026-10-09T15:01:19-05:00,2026-10-10,06:00 AM,0,1000,Ruta 1-A: Montaña Machupicchu,50,50,0
2026-10-09T20:01:19+00:00,2026-10-09T15:01:19-05:00,2026-10-10,06:00 AM,0,1000,Ruta 1-B: Terraza superior,100,100,0
2026-10-09T20:01:19+00:00,2026-10-09T15:01:19-05:00,2026-10-10,06:00 AM,0,1000,Ruta 2-A: Clásico Diseñada,600,600,0
2026-10-09T20:01:19+00:00,2026-10-09T15:01:19-05:00,2026-10-10,06:00 AM,0,1000,Ruta 2-B: Terraza Inferior,100,100,0
2026-10-09T20:01:19+00:00,2026-10-09T15:01:19-05:00,2026-10-10,06:00 AM,0,1000,Ruta 3-A: Montaña Waynapicchu,50,50,0
2026-10-09T20:01:19+00:00,2026-10-09T15:01:19-05:00,2026-10-10,06:00 AM,0,1000,Ruta 3-B: Realeza diseñada,100,100,0
2026-10-09T20:16:03+00:00,2026-10-09T15:16:03-05:00,2026-10-10,06:00 AM,0,1000,Ruta 1-A: Montaña Machupicchu,50,50,0
2026-10-09T20:16:03+00:00,2026-10-09T15:16:03-05:00,2026-10-10,06:00 AM,0,1000,Ruta 1-B: Terraza superior,100,100,0
2026-10-09T20:16:03+00:00,2026-10-09T15:16:03-05:00,2026-10-10,06:00 AM,0,1000,Ruta 2-A: Clásico Diseñada,600,600,0
2026-10-09T20:16:03+00:00,2026-10-09T15:16:03-05:00,2026-10-10,06:00 AM,0,1000,Ruta 2-B: Terraza Inferior,100,100,0
2026-10-09T20:16:03+00:00,2026-10-09T15:16:03-05:00,2026-10-10,06:00 AM,0,1000,Ruta 3-A: Montaña Waynapicchu,50,50,0
2026-10-09T20:16:03+00:00,2026-10-09T15:16:03-05:00,2026-10-10,06:00 AM,0,1000,Ruta 3-B: Realeza diseñada,100,100,0
2026-10-09T20:31:27+00:00,2026-10-09T15:31:27-05:00,2026-10-10,06:00 AM,0,1000,Ruta 1-A: Montaña Machupicchu,50,50,0
2026-10-09T20:31:27+00:00,2026-10-09T15:31:27-05:00,2026-10-10,06:00 AM,0,1000,Ruta 1-B: Terraza superior,100,100,0
2026-10-09T20:31:27+00:00,2026-10-09T15:31:27-05:00,2026-10-10,06:00 AM,0,1000,Ruta 2-A: Clásico Diseñada,600,600,0
2026-10-09T20:31:27+00:00,2026-10-09T15:31:27-05:00,2026-10-10,06:00 AM,0,1000,Ruta 2-B: Terraza Inferior,100,100,0
2026-10-09T20:31:27+00:00,2026-10-09T15:31:27-05:00,2026-10-10,06:00 AM,0,1000,Ruta 3-A: Montaña Waynapicchu,50,50,0
2026-10-09T20:31:27+00:00,2026-10-09T15:31:27-05:00,2026-10-10,06:00 AM,0,1000,Ruta 3-B: Realeza diseñada,100,100,0
2026-10-09T20:45:59+00:00,2026-10-09T15:45:59-05:00,2026-10-10,06:00 AM,0,1000,Ruta 1-A: Montaña Machupicchu,50,50,0
2026-10-09T20:45:59+00:00,2026-10-09T15:45:59-05:00,2026-10-10,06:00 AM,0,1000,Ruta 1-B: Terraza superior,100,100,0
2026-10-09T20:45:59+00:00,2026-10-09T15:45:59-05:00,2026-10-10,06:00 AM,0,1000,Ruta 2-A: Clásico Diseñada,600,600,0
2026-10-09T20:45:59+00:00,2026-10-09T15:45:59-05:00,2026-10-10,06:00 AM,0,1000,Ruta 2-B: Terraza Inferior,100,100,0
2026-10-09T20:45:59+00:00,2026-10-09T15:45:59-05:00,2026-10-10,06:00 AM,0,1000,Ruta 3-A: Montaña Waynapicchu,50,50,0
2026-10-09T20:45:59+00:00,2026-10-09T15:45:59-05:00,2026-10-10,06:00 AM,0,1000,Ruta 3-B: Realeza diseñada,100,100,0
